/* Auto-generated by tools/convert_boot_font.py — DO NOT EDIT */
#pragma once

#define BOOT_FONT_SIZE 44224

/* Selawik Regular TTF — embedded for boot splash text */
static const unsigned char boot_font_data[44224] = {
    0x00, 0x01, 0x00, 0x00, 0x00, 0x0F, 0x00, 0x80, 0x00, 0x03, 0x00, 0x70, 0x44, 0x53, 0x49, 0x47,
    0xF0, 0x54, 0x3E, 0x26, 0x00, 0x00, 0x91, 0xE4, 0x00, 0x00, 0x1A, 0xDC, 0x47, 0x44, 0x45, 0x46,
    0x04, 0x00, 0x03, 0xBF, 0x00, 0x00, 0x7B, 0x78, 0x00, 0x00, 0x00, 0x4A, 0x47, 0x50, 0x4F, 0x53,
    0x89, 0x69, 0x4D, 0xB2, 0x00, 0x00, 0x7B, 0xC4, 0x00, 0x00, 0x11, 0x4C, 0x47, 0x53, 0x55, 0x42,
    0x73, 0x74, 0x8A, 0xD1, 0x00, 0x00, 0x8D, 0x10, 0x00, 0x00, 0x04, 0xD4, 0x4F, 0x53, 0x2F, 0x32,
    0x48, 0x4D, 0xB9, 0xA0, 0x00, 0x00, 0x01, 0x78, 0x00, 0x00, 0x00, 0x60, 0x63, 0x6D, 0x61, 0x70,
    0x22, 0xF2, 0xF7, 0x4C, 0x00, 0x00, 0x07, 0x58, 0x00, 0x00, 0x06, 0x06, 0x67, 0x61, 0x73, 0x70,
    0x00, 0x01, 0x00, 0x0C, 0x00, 0x00, 0x7B, 0x6C, 0x00, 0x00, 0x00, 0x0C, 0x67, 0x6C, 0x79, 0x66,
    0xEC, 0xD7, 0xA3, 0x46, 0x00, 0x00, 0x10, 0x24, 0x00, 0x00, 0x64, 0xA4, 0x68, 0x65, 0x61, 0x64,
    0x07, 0xEE, 0xDE, 0xA9, 0x00, 0x00, 0x00, 0xFC, 0x00, 0x00, 0x00, 0x36, 0x68, 0x68, 0x65, 0x61,
    0x0E, 0x30, 0x03, 0xCE, 0x00, 0x00, 0x01, 0x34, 0x00, 0x00, 0x00, 0x24, 0x68, 0x6D, 0x74, 0x78,
    0x7F, 0xCA, 0x64, 0x6D, 0x00, 0x00, 0x01, 0xD8, 0x00, 0x00, 0x05, 0x80, 0x6C, 0x6F, 0x63, 0x61,
    0xA6, 0x72, 0x8D, 0x08, 0x00, 0x00, 0x0D, 0x60, 0x00, 0x00, 0x02, 0xC2, 0x6D, 0x61, 0x78, 0x70,
    0x01, 0x70, 0x00, 0xB2, 0x00, 0x00, 0x01, 0x58, 0x00, 0x00, 0x00, 0x20, 0x6E, 0x61, 0x6D, 0x65,
    0x89, 0x39, 0x56, 0x6A, 0x00, 0x00, 0x74, 0xC8, 0x00, 0x00, 0x06, 0x84, 0x70, 0x6F, 0x73, 0x74,
    0xFF, 0xB8, 0x00, 0x32, 0x00, 0x00, 0x7B, 0x4C, 0x00, 0x00, 0x00, 0x20, 0x00, 0x01, 0x00, 0x00,
    0x00, 0x01, 0x02, 0x8F, 0x03, 0xE1, 0x79, 0x69, 0x5F, 0x0F, 0x3C, 0xF5, 0x00, 0x01, 0x08, 0x00,
    0x00, 0x00, 0x00, 0x00, 0xD1, 0x44, 0xBC, 0x53, 0x00, 0x00, 0x00, 0x00, 0xD1, 0x52, 0xD5, 0x7C,
    0xFC, 0xE0, 0xFD, 0x97, 0x09, 0x62, 0x07, 0xB8, 0x00, 0x00, 0x00, 0x07, 0x00, 0x02, 0x00, 0x00,
    0x00, 0x00, 0x00, 0x00, 0x00, 0x01, 0x00, 0x00, 0x07, 0xEB, 0xFE, 0x51, 0x00, 0x00, 0x09, 0xAE,
    0xFC, 0xE0, 0xFA, 0x6E, 0x09, 0x62, 0x00, 0x01, 0x00, 0x00, 0x00, 0x00, 0x00, 0x00, 0x00, 0x00,
    0x00, 0x00, 0x00, 0x00, 0x00, 0x00, 0x01, 0x60, 0x00, 0x01, 0x00, 0x00, 0x01, 0x60, 0x00, 0x64,
    0x00, 0x07, 0x00, 0x4D, 0x00, 0x04, 0x00, 0x00, 0x00, 0x00, 0x00, 0x00, 0x00, 0x01, 0x00, 0x00,
    0x00, 0x00, 0x00, 0x00, 0x00, 0x03, 0x00, 0x01, 0x00, 0x04, 0x04, 0x4F, 0x01, 0x90, 0x00, 0x05,
    0x00, 0x00, 0x05, 0x33, 0x04, 0xCC, 0x00, 0x00, 0x00, 0x99, 0x05, 0x33, 0x04, 0xCC, 0x00, 0x00,
    0x02, 0xCC, 0x00, 0x32, 0x02, 0x48, 0x08, 0x05, 0x02, 0x0B, 0x05, 0x02, 0x04, 0x02, 0x04, 0x02,
    0x02, 0x03, 0x00, 0x00, 0x00, 0x07, 0x00, 0x00, 0x00, 0x00, 0x00, 0x00, 0x00, 0x00, 0x00, 0x00,
    0x00, 0x00, 0x4D, 0x53, 0x20, 0x20, 0x00, 0x40, 0x00, 0x0D, 0x21, 0x22, 0x05, 0xD3, 0xFE, 0x51,
    0x01, 0x0D, 0x08, 0xA2, 0x02, 0x02, 0x20, 0x00, 0x00, 0x93, 0x00, 0x00, 0x00, 0x00, 0x04, 0x00,
    0x05, 0x9A, 0x00, 0x00, 0x00, 0x20, 0x00, 0x03, 0x05, 0x2A, 0x00, 0x00, 0x02, 0x31, 0x00, 0x00,
    0x05, 0x29, 0x00, 0x18, 0x05, 0x29, 0x00, 0x18, 0x05, 0x29, 0x00, 0x18, 0x05, 0x29, 0x00, 0x18,
    0x05, 0x29, 0x00, 0x18, 0x05, 0x29, 0x00, 0x18, 0x05, 0x29, 0x00, 0x18, 0x05, 0x29, 0x00, 0x18,
    0x05, 0x29, 0x00, 0x18, 0x05, 0x29, 0x00, 0x18, 0x06, 0xE2, 0x00, 0x18, 0x04, 0x96, 0x00, 0xBC,
    0x04, 0xF4, 0x00, 0x5D, 0x04, 0xF4, 0x00, 0x5D, 0x04, 0xF4, 0x00, 0x5D, 0x04, 0xF4, 0x00, 0x5D,
    0x04, 0xF4, 0x00, 0x5D, 0x05, 0x9C, 0x00, 0xBB, 0x05, 0x9C, 0x00, 0x5D, 0x05, 0x9C, 0x00, 0xBB,
    0x05, 0x9C, 0x00, 0x5D, 0x04, 0x0C, 0x00, 0xBC, 0x04, 0x0C, 0x00, 0xBC, 0x04, 0x0C, 0x00, 0xBC,
    0x04, 0x0C, 0x00, 0xBC, 0x04, 0x0C, 0x00, 0xBC, 0x04, 0x0C, 0x00, 0xBC, 0x04, 0x0C, 0x00, 0xBC,
    0x04, 0x0C, 0x00, 0xBC, 0x04, 0x0C, 0x00, 0xBC, 0x03, 0xE8, 0x00, 0xBC, 0x05, 0x7D, 0x00, 0x5F,
    0x05, 0x7D, 0x00, 0x5F, 0x05, 0x7D, 0x00, 0x5F, 0x05, 0x7D, 0x00, 0x5F, 0x05, 0xAE, 0x00, 0xBC,
    0x05, 0xAE, 0x00, 0x1C, 0x02, 0x21, 0x00, 0xBC, 0x04, 0xFC, 0x00, 0xBC, 0x02, 0x21, 0x00, 0xBB,
    0x02, 0x21, 0xFF, 0xC8, 0x02, 0x21, 0xFF, 0xD8, 0x02, 0x21, 0x00, 0x99, 0x02, 0x21, 0xFF, 0xD1,
    0x02, 0x21, 0xFF, 0xD6, 0x02, 0x21, 0x00, 0x6E, 0x02, 0xDB, 0x00, 0x45, 0x04, 0xA4, 0x00, 0xBC,
    0x04, 0xA4, 0x00, 0xBC, 0x03, 0xC4, 0x00, 0xBC, 0x03, 0xC4, 0x00, 0xBA, 0x03, 0xC4, 0x00, 0xBC,
    0x03, 0xC4, 0x00, 0xBC, 0x03, 0xC4, 0x00, 0xBC, 0x03, 0xC4, 0x00, 0x21, 0x07, 0x2F, 0x00, 0xBC,
    0x05, 0xFC, 0x00, 0xBC, 0x05, 0xFC, 0x00, 0xBC, 0x05, 0xFC, 0x00, 0xBC, 0x05, 0xFC, 0x00, 0xBC,
    0x05, 0xFC, 0x00, 0xBC, 0x05, 0xFC, 0x00, 0xBC, 0x06, 0x08, 0x00, 0x5C, 0x06, 0x08, 0x00, 0x5C,
    0x06, 0x08, 0x00, 0x5C, 0x06, 0x08, 0x00, 0x5C, 0x06, 0x08, 0x00, 0x5C, 0x06, 0x08, 0x00, 0x5C,
    0x06, 0x08, 0x00, 0x5C, 0x06, 0x08, 0x00, 0x5C, 0x06, 0x08, 0x00, 0x5C, 0x07, 0x72, 0x00, 0x5C,
    0x04, 0x7B, 0x00, 0xBE, 0x04, 0x7B, 0x00, 0xBE, 0x06, 0x08, 0x00, 0x5C, 0x04, 0xC9, 0x00, 0xBE,
    0x04, 0xC9, 0x00, 0xBE, 0x04, 0xC9, 0x00, 0xBE, 0x04, 0xC9, 0x00, 0xBE, 0x04, 0x40, 0x00, 0x50,
    0x04, 0x40, 0x00, 0x50, 0x04, 0x40, 0x00, 0x50, 0x04, 0x40, 0x00, 0x50, 0x04, 0x40, 0x00, 0x50,
    0x04, 0x31, 0x00, 0x29, 0x04, 0x31, 0x00, 0x29, 0x04, 0x31, 0x00, 0x29, 0x04, 0x31, 0x00, 0x29,
    0x04, 0x31, 0x00, 0x29, 0x05, 0x7F, 0x00, 0xA9, 0x05, 0x7F, 0x00, 0xA9, 0x05, 0x7F, 0x00, 0xA9,
    0x05, 0x7F, 0x00, 0xA9, 0x05, 0x7F, 0x00, 0xA9, 0x05, 0x7F, 0x00, 0xA9, 0x05, 0x7F, 0x00, 0xA9,
    0x05, 0x7F, 0x00, 0xA9, 0x05, 0x7F, 0x00, 0xA9, 0x04, 0xF8, 0x00, 0x10, 0x07, 0x79, 0x00, 0x19,
    0x07, 0x79, 0x00, 0x19, 0x07, 0x79, 0x00, 0x19, 0x07, 0x79, 0x00, 0x19, 0x07, 0x79, 0x00, 0x19,
    0x04, 0xB8, 0x00, 0x1B, 0x04, 0x6C, 0x00, 0x13, 0x04, 0x6C, 0x00, 0x13, 0x04, 0x6C, 0x00, 0x13,
    0x04, 0x6C, 0x00, 0x13, 0x04, 0x6C, 0x00, 0x13, 0x04, 0x90, 0x00, 0x35, 0x04, 0x90, 0x00, 0x35,
    0x04, 0x90, 0x00, 0x35, 0x04, 0x90, 0x00, 0x35, 0x04, 0x12, 0x00, 0x5B, 0x04, 0x12, 0x00, 0x5B,
    0x04, 0x12, 0x00, 0x5B, 0x04, 0x12, 0x00, 0x5B, 0x04, 0x12, 0x00, 0x5B, 0x04, 0x12, 0x00, 0x5B,
    0x04, 0x12, 0x00, 0x5B, 0x04, 0x12, 0x00, 0x5B, 0x04, 0x12, 0x00, 0x5B, 0x04, 0x12, 0x00, 0x5B,
    0x06, 0xA8, 0x00, 0x5B, 0x04, 0xB4, 0x00, 0xA7, 0x03, 0xB2, 0x00, 0x5F, 0x03, 0xB2, 0x00, 0x5F,
    0x03, 0xB2, 0x00, 0x5F, 0x03, 0xB2, 0x00, 0x5F, 0x03, 0xB2, 0x00, 0x5F, 0x04, 0xB6, 0x00, 0x63,
    0x04, 0x79, 0x00, 0x60, 0x05, 0x65, 0x00, 0x63, 0x04, 0xB6, 0x00, 0x63, 0x04, 0x2F, 0x00, 0x60,
    0x04, 0x2F, 0x00, 0x60, 0x04, 0x2F, 0x00, 0x60, 0x04, 0x2F, 0x00, 0x60, 0x04, 0x2F, 0x00, 0x60,
    0x04, 0x2F, 0x00, 0x60, 0x04, 0x2F, 0x00, 0x60, 0x04, 0x2F, 0x00, 0x60, 0x04, 0x2F, 0x00, 0x60,
    0x02, 0x81, 0x00, 0x34, 0x04, 0xB6, 0x00, 0x63, 0x04, 0xB6, 0x00, 0x63, 0x04, 0xB6, 0x00, 0x63,
    0x04, 0xB6, 0x00, 0x63, 0x04, 0x87, 0x00, 0xA5, 0x04, 0x87, 0x00, 0x1E, 0x01, 0xF0, 0x00, 0x8B,
    0x01, 0xF0, 0x00, 0xA6, 0x01, 0xF0, 0x00, 0x8E, 0x01, 0xF0, 0xFF, 0xDE, 0x01, 0xF0, 0xFF, 0xBF,
    0x01, 0xF0, 0x00, 0x80, 0x01, 0xF0, 0xFF, 0xC2, 0x03, 0xF6, 0x00, 0x8B, 0x01, 0xF0, 0xFF, 0x81,
    0x01, 0xF0, 0x00, 0x40, 0x01, 0xF0, 0xFF, 0x64, 0x01, 0xF0, 0xFF, 0x64, 0x03, 0xFA, 0x00, 0xA6,
    0x03, 0xFA, 0x00, 0xA6, 0x01, 0xF0, 0x00, 0xA6, 0x01, 0xF0, 0x00, 0x90, 0x03, 0x11, 0x00, 0xA6,
    0x01, 0xF0, 0x00, 0x34, 0x02, 0x85, 0x00, 0xA6, 0x02, 0x31, 0x00, 0x16, 0x06, 0xE4, 0x00, 0xA5,
    0x04, 0x87, 0x00, 0xA5, 0x04, 0x87, 0x00, 0xA5, 0x04, 0x87, 0x00, 0xA5, 0x04, 0x87, 0x00, 0xA5,
    0x04, 0x87, 0x00, 0xA5, 0x04, 0x87, 0x00, 0xA5, 0x04, 0xB0, 0x00, 0x5F, 0x04, 0xB0, 0x00, 0x5F,
    0x04, 0xB0, 0x00, 0x5F, 0x04, 0xB0, 0x00, 0x5F, 0x04, 0xB0, 0x00, 0x5F, 0x04, 0xB0, 0x00, 0x5F,
    0x04, 0xB0, 0x00, 0x5F, 0x04, 0xB0, 0x00, 0x5F, 0x04, 0xB0, 0x00, 0x5F, 0x07, 0x6C, 0x00, 0x60,
    0x04, 0xB4, 0x00, 0xA7, 0x04, 0xB4, 0x00, 0xA7, 0x04, 0xB6, 0x00, 0x63, 0x02, 0xC8, 0x00, 0xA7,
    0x02, 0xC8, 0x00, 0xA7, 0x02, 0xC8, 0x00, 0x4B, 0x02, 0xC8, 0x00, 0x36, 0x03, 0x65, 0x00, 0x56,
    0x03, 0x65, 0x00, 0x56, 0x03, 0x65, 0x00, 0x56, 0x03, 0x65, 0x00, 0x56, 0x03, 0x65, 0x00, 0x56,
    0x04, 0x5A, 0x00, 0xA6, 0x02, 0xB6, 0x00, 0x2B, 0x02, 0xB6, 0x00, 0x2B, 0x03, 0x85, 0x00, 0x2B,
    0x02, 0xB6, 0x00, 0x2B, 0x02, 0xB6, 0x00, 0x2B, 0x04, 0x87, 0x00, 0x90, 0x04, 0x87, 0x00, 0x90,
    0x04, 0x87, 0x00, 0x90, 0x04, 0x87, 0x00, 0x90, 0x04, 0x87, 0x00, 0x90, 0x04, 0x87, 0x00, 0x90,
    0x04, 0x87, 0x00, 0x90, 0x04, 0x87, 0x00, 0x90, 0x04, 0x87, 0x00, 0x90, 0x03, 0xD5, 0x00, 0x10,
    0x05, 0xC8, 0x00, 0x18, 0x05, 0xC8, 0x00, 0x18, 0x05, 0xC8, 0x00, 0x18, 0x05, 0xC8, 0x00, 0x18,
    0x05, 0xC8, 0x00, 0x18, 0x03, 0xAC, 0x00, 0x1B, 0x03, 0xDF, 0x00, 0x0F, 0x03, 0xDF, 0x00, 0x0F,
    0x03, 0xDF, 0x00, 0x0E, 0x03, 0xDF, 0x00, 0x0F, 0x03, 0xDF, 0x00, 0x0F, 0x03, 0x9E, 0x00, 0x35,
    0x03, 0x9E, 0x00, 0x35, 0x03, 0x9E, 0x00, 0x35, 0x03, 0x9E, 0x00, 0x35, 0x04, 0x50, 0x00, 0x55,
    0x04, 0x50, 0x00, 0xD5, 0x04, 0x50, 0x00, 0x6C, 0x04, 0x50, 0x00, 0x8B, 0x04, 0x50, 0x00, 0x0D,
    0x04, 0x50, 0x00, 0x82, 0x04, 0x50, 0x00, 0x6F, 0x04, 0x50, 0x00, 0x62, 0x04, 0x50, 0x00, 0x5C,
    0x04, 0x50, 0x00, 0x56, 0x07, 0x72, 0x00, 0x82, 0x07, 0x40, 0x00, 0x78, 0x07, 0x9E, 0x00, 0x8D,
    0x02, 0xCF, 0x00, 0x69, 0x02, 0xEE, 0x00, 0x62, 0x02, 0xEE, 0x00, 0x83, 0x03, 0x56, 0x00, 0x57,
    0x03, 0x08, 0xFF, 0xE6, 0x01, 0xBC, 0x00, 0x6F, 0x03, 0x40, 0x00, 0xA4, 0x01, 0xBC, 0x00, 0x5B,
    0x01, 0xBC, 0x00, 0x27, 0x05, 0xDD, 0x00, 0x89, 0x02, 0x46, 0x00, 0xB3, 0x02, 0x46, 0x00, 0xB2,
    0x04, 0xBA, 0x00, 0x18, 0x01, 0xBC, 0x00, 0x6F, 0x03, 0x96, 0x00, 0x7C, 0x03, 0x96, 0x00, 0x77,
    0x03, 0x23, 0x00, 0xA3, 0x01, 0xD7, 0x00, 0xA3, 0x01, 0xBC, 0x00, 0x27, 0x03, 0x1E, 0x00, 0x01,
    0x03, 0x52, 0x00, 0x32, 0x02, 0x6A, 0x00, 0x5C, 0x02, 0x6A, 0x00, 0x42, 0x02, 0x6A, 0x00, 0xC8,
    0x02, 0x6A, 0x00, 0x35, 0x02, 0x6A, 0x00, 0x94, 0x02, 0x6A, 0x00, 0x52, 0x08, 0x00, 0x00, 0x00,
    0x04, 0x00, 0x00, 0x00, 0x03, 0x33, 0x00, 0x90, 0x03, 0x33, 0x00, 0x90, 0x04, 0x0C, 0x00, 0x5C,
    0x04, 0x0C, 0x00, 0x48, 0x02, 0x87, 0x00, 0x5C, 0x02, 0x87, 0x00, 0x2A, 0x03, 0x04, 0x00, 0x27,
    0x03, 0x04, 0x00, 0x55, 0x03, 0x04, 0x00, 0x5D, 0x01, 0xD5, 0x00, 0x55, 0x01, 0xD5, 0x00, 0x59,
    0x01, 0xD5, 0x00, 0x27, 0x00, 0xC7, 0x00, 0x00, 0x04, 0x50, 0x00, 0xB8, 0x04, 0x72, 0x00, 0x64,
    0x04, 0x50, 0x00, 0x64, 0x04, 0x50, 0x00, 0x66, 0x04, 0x50, 0x00, 0x54, 0x04, 0x50, 0x00, 0x50,
    0x04, 0x50, 0x00, 0x45, 0x05, 0x79, 0x00, 0xD1, 0x05, 0x79, 0x00, 0xE8, 0x05, 0x79, 0x00, 0xE8,
    0x05, 0x79, 0x01, 0x10, 0x05, 0x79, 0x01, 0x10, 0x05, 0x79, 0x00, 0xE8, 0x04, 0x9E, 0x00, 0xA4,
    0x05, 0x79, 0x01, 0x0C, 0x06, 0x8C, 0x00, 0x50, 0x09, 0xAE, 0x00, 0x50, 0x05, 0x79, 0x00, 0xE8,
    0x05, 0x79, 0x00, 0xE8, 0x01, 0xEA, 0x00, 0xAC, 0x01, 0xEA, 0x00, 0xAC, 0x07, 0xA4, 0x00, 0xAC,
    0x06, 0x67, 0x00, 0x77, 0x03, 0xAA, 0x00, 0x54, 0x07, 0x1F, 0x00, 0xA2, 0x07, 0x1F, 0x00, 0xA2,
    0x03, 0x96, 0x00, 0x56, 0x06, 0x2F, 0x00, 0x4C, 0x03, 0x04, 0x00, 0x6C, 0x05, 0x79, 0x00, 0xE6,
    0x03, 0x00, 0x00, 0x30, 0x03, 0x00, 0x00, 0x30, 0x00, 0x00, 0xFE, 0x3A, 0x00, 0x00, 0xFD, 0xB7,
    0x00, 0x00, 0xFD, 0x6E, 0x00, 0x00, 0xFE, 0xDC, 0x00, 0x00, 0xFD, 0x64, 0x00, 0x00, 0xFE, 0x6B,
    0x00, 0x00, 0xFE, 0xD2, 0x00, 0x00, 0xFD, 0x18, 0x00, 0x00, 0xFE, 0xBB, 0x00, 0x00, 0xFE, 0x41,
    0x00, 0x00, 0xFD, 0xA8, 0x00, 0x00, 0xFC, 0xE0, 0x00, 0x00, 0xFE, 0xCD, 0x00, 0x00, 0xFE, 0x14,
    0x00, 0x00, 0x00, 0x1C, 0x00, 0x00, 0x00, 0x5D, 0x00, 0x00, 0xFD, 0x71, 0x00, 0x00, 0xFF, 0x10,
    0x02, 0x42, 0x00, 0x73, 0x02, 0x6E, 0x00, 0x25, 0x02, 0xF8, 0x00, 0x66, 0x01, 0xA4, 0x00, 0x33,
    0x02, 0xF8, 0x00, 0x5C, 0x03, 0x50, 0x00, 0x68, 0x01, 0x9C, 0x00, 0x57, 0x02, 0x25, 0x00, 0x66,
    0x02, 0x98, 0x00, 0x40, 0x03, 0x52, 0x00, 0x32, 0x01, 0x7B, 0x00, 0x48, 0x02, 0x3E, 0x00, 0x52,
    0x02, 0xB2, 0x00, 0x23, 0x01, 0xC7, 0x00, 0x59, 0x00, 0x00, 0x00, 0x03, 0x00, 0x00, 0x00, 0x03,
    0x00, 0x00, 0x02, 0x14, 0x00, 0x01, 0x00, 0x00, 0x00, 0x00, 0x00, 0x1C, 0x00, 0x03, 0x00, 0x01,
    0x00, 0x00, 0x02, 0x14, 0x00, 0x06, 0x01, 0xF8, 0x00, 0x00, 0x00, 0x09, 0x00, 0xF7, 0x00, 0x01,
    0x00, 0x00, 0x00, 0x00, 0x00, 0x00, 0x00, 0x01, 0x00, 0x00, 0x00, 0x00, 0x00, 0x00, 0x00, 0x00,
    0x00, 0x00, 0x00, 0x00, 0x00, 0x00, 0x00, 0x00, 0x00, 0x00, 0x00, 0x00, 0x00, 0x00, 0x00, 0x00,
    0x00, 0x00, 0x00, 0x00, 0x00, 0x00, 0x00, 0x00, 0x00, 0x00, 0x00, 0x00, 0x00, 0x01, 0x01, 0x00,
    0x01, 0x06, 0x01, 0x02, 0x01, 0x22, 0x01, 0x2F, 0x01, 0x36, 0x01, 0x07, 0x01, 0x0F, 0x01, 0x10,
    0x00, 0xF9, 0x01, 0x31, 0x00, 0xFE, 0x01, 0x13, 0x01, 0x03, 0x01, 0x09, 0x00, 0xE9, 0x00, 0xEA,
    0x00, 0xEB, 0x00, 0xEC, 0x00, 0xED, 0x00, 0xEE, 0x00, 0xEF, 0x00, 0xF0, 0x00, 0xF1, 0x00, 0xF2,
    0x00, 0xFD, 0x01, 0x08, 0x01, 0x2B, 0x01, 0x29, 0x01, 0x2A, 0x01, 0x04, 0x01, 0x35, 0x00, 0x02,
    0x00, 0x0D, 0x00, 0x0E, 0x00, 0x13, 0x00, 0x17, 0x00, 0x20, 0x00, 0x21, 0x00, 0x25, 0x00, 0x27,
    0x00, 0x30, 0x00, 0x31, 0x00, 0x33, 0x00, 0x39, 0x00, 0x3A, 0x00, 0x40, 0x00, 0x4A, 0x00, 0x4C,
    0x00, 0x4D, 0x00, 0x51, 0x00, 0x56, 0x00, 0x5B, 0x00, 0x64, 0x00, 0x65, 0x00, 0x6A, 0x00, 0x6B,
    0x00, 0x70, 0x01, 0x0D, 0x00, 0xFA, 0x01, 0x0E, 0x01, 0x3D, 0x01, 0x0A, 0x01, 0x59, 0x00, 0x74,
    0x00, 0x7F, 0x00, 0x80, 0x00, 0x85, 0x00, 0x89, 0x00, 0x92, 0x00, 0x93, 0x00, 0x97, 0x00, 0x99,
    0x00, 0xA3, 0x00, 0xA5, 0x00, 0xA7, 0x00, 0xAD, 0x00, 0xAE, 0x00, 0xB4, 0x00, 0xBE, 0x00, 0xC0,
    0x00, 0xC1, 0x00, 0xC5, 0x00, 0xCB, 0x00, 0xD0, 0x00, 0xD9, 0x00, 0xDA, 0x00, 0xDF, 0x00, 0xE0,
    0x00, 0xE5, 0x01, 0x0B, 0x01, 0x33, 0x01, 0x0C, 0x01, 0x27, 0x00, 0x00, 0x00, 0x06, 0x00, 0x0A,
    0x00, 0x11, 0x00, 0x18, 0x00, 0x3F, 0x00, 0x43, 0x00, 0x5E, 0x00, 0x75, 0x00, 0x79, 0x00, 0x77,
    0x00, 0x78, 0x00, 0x7D, 0x00, 0x7C, 0x00, 0x83, 0x00, 0x8A, 0x00, 0x8F, 0x00, 0x8C, 0x00, 0x8D,
    0x00, 0x9B, 0x00, 0x9F, 0x00, 0x9C, 0x00, 0x9D, 0x00, 0xB3, 0x00, 0xB5, 0x00, 0xB8, 0x00, 0xB6,
    0x00, 0xB7, 0x00, 0xBC, 0x00, 0xD1, 0x00, 0xD4, 0x00, 0xD2, 0x00, 0xD3, 0x01, 0x3E, 0x01, 0x3C,
    0x01, 0x20, 0x01, 0x25, 0x01, 0x3A, 0x00, 0xFC, 0x01, 0x37, 0x00, 0xCA, 0x01, 0x39, 0x01, 0x38,
    0x01, 0x3B, 0x01, 0x52, 0x01, 0x57, 0x00, 0x00, 0x00, 0x0C, 0x00, 0x47, 0x00, 0x00, 0x01, 0x32,
    0x00, 0x00, 0x00, 0x00, 0x01, 0x26, 0x01, 0x2D, 0x00, 0x00, 0x00, 0x00, 0x00, 0x00, 0x00, 0x00,
    0x00, 0x00, 0x00, 0x00, 0x00, 0x00, 0x00, 0x00, 0x00, 0x7E, 0x00, 0xBB, 0x01, 0x05, 0x01, 0x01,
    0x01, 0x2C, 0x00, 0x00, 0x01, 0x24, 0x00, 0x00, 0x00, 0x00, 0x01, 0x15, 0x01, 0x16, 0x00, 0xFF,
    0x00, 0x00, 0x00, 0x07, 0x00, 0x0B, 0x00, 0x48, 0x00, 0x49, 0x00, 0xBD, 0x01, 0x12, 0x01, 0x11,
    0x01, 0x1A, 0x01, 0x1B, 0x01, 0x1C, 0x01, 0x1D, 0x01, 0x28, 0x00, 0x00, 0x00, 0xE3, 0x00, 0x6E,
    0x00, 0x00, 0x01, 0x23, 0x01, 0x17, 0x01, 0x18, 0x00, 0x00, 0x00, 0x00, 0x01, 0x3F, 0x00, 0xFB,
    0x01, 0x1E, 0x01, 0x19, 0x01, 0x30, 0x00, 0x05, 0x00, 0x1A, 0x00, 0x03, 0x00, 0x1B, 0x00, 0x1D,
    0x00, 0x29, 0x00, 0x2A, 0x00, 0x2B, 0x00, 0x2D, 0x00, 0x41, 0x00, 0x42, 0x00, 0x00, 0x00, 0x44,
    0x00, 0x5C, 0x00, 0x5D, 0x00, 0x5F, 0x00, 0x9A, 0x01, 0x56, 0x01, 0x5E, 0x01, 0x5B, 0x01, 0x53,
    0x01, 0x58, 0x01, 0x5D, 0x01, 0x55, 0x01, 0x5A, 0x01, 0x5C, 0x01, 0x54, 0x00, 0x04, 0x03, 0xF2,
    0x00, 0x00, 0x00, 0x56, 0x00, 0x40, 0x00, 0x05, 0x00, 0x16, 0x00, 0x0D, 0x00, 0x2F, 0x00, 0x39,
    0x00, 0x7E, 0x00, 0xA9, 0x00, 0xB9, 0x01, 0x07, 0x01, 0x13, 0x01, 0x1B, 0x01, 0x23, 0x01, 0x27,
    0x01, 0x2B, 0x01, 0x33, 0x01, 0x37, 0x01, 0x48, 0x01, 0x4D, 0x01, 0x5B, 0x01, 0x67, 0x01, 0x6B,
    0x01, 0x7E, 0x01, 0x92, 0x02, 0x1B, 0x02, 0x37, 0x02, 0xC7, 0x02, 0xDD, 0x03, 0x04, 0x03, 0x08,
    0x03, 0x0C, 0x03, 0x12, 0x03, 0x28, 0x03, 0x36, 0x1E, 0x85, 0x1E, 0xF3, 0x20, 0x14, 0x20, 0x1A,
    0x20, 0x1E, 0x20, 0x22, 0x20, 0x26, 0x20, 0x30, 0x20, 0x3A, 0x20, 0xAC, 0x21, 0x22, 0xFF, 0xFF,
    0x00, 0x00, 0x00, 0x0D, 0x00, 0x20, 0x00, 0x30, 0x00, 0x3A, 0x00, 0xA1, 0x00, 0xAB, 0x00, 0xBB,
    0x01, 0x0A, 0x01, 0x16, 0x01, 0x1E, 0x01, 0x26, 0x01, 0x2A, 0x01, 0x2E, 0x01, 0x36, 0x01, 0x39,
    0x01, 0x4A, 0x01, 0x50, 0x01, 0x5E, 0x01, 0x6A, 0x01, 0x6E, 0x01, 0x92, 0x02, 0x18, 0x02, 0x37,
    0x02, 0xC6, 0x02, 0xD8, 0x03, 0x00, 0x03, 0x06, 0x03, 0x0A, 0x03, 0x12, 0x03, 0x26, 0x03, 0x35,
    0x1E, 0x80, 0x1E, 0xF2, 0x20, 0x13, 0x20, 0x18, 0x20, 0x1C, 0x20, 0x20, 0x20, 0x26, 0x20, 0x30,
    0x20, 0x39, 0x20, 0xAC, 0x21, 0x22, 0xFF, 0xFF, 0x01, 0x12, 0x00, 0x00, 0x00, 0xB9, 0x00, 0x00,
    0x00, 0x00, 0x00, 0x00, 0x00, 0x00, 0x00, 0x00, 0x00, 0x00, 0x00, 0x00, 0x00, 0x00, 0x00, 0x00,
    0x00, 0x00, 0x00, 0x00, 0x00, 0x00, 0x00, 0x00, 0x00, 0x00, 0x00, 0x00, 0x00, 0x00, 0x00, 0x00,
    0xFF, 0x92, 0x00, 0x00, 0xFE, 0x6D, 0x00, 0x00, 0x00, 0x00, 0x00, 0x00, 0x00, 0x00, 0x00, 0x00,
    0xFE, 0x34, 0x00, 0x00, 0x00, 0x00, 0x00, 0x00, 0x00, 0x00, 0x00, 0x00, 0xE1, 0x04, 0x00, 0x00,
    0x00, 0x00, 0xE0, 0xD9, 0xE1, 0x00, 0xE0, 0xDE, 0xE0, 0x77, 0xE0, 0x19, 0x00, 0x01, 0x00, 0x00,
    0x00, 0x54, 0x00, 0x00, 0x00, 0x70, 0x00, 0xF8, 0x01, 0x08, 0x01, 0x24, 0x01, 0xBC, 0x01, 0xCE,
    0x01, 0xD8, 0x01, 0xE2, 0x01, 0xE4, 0x01, 0xE6, 0x01, 0xF0, 0x01, 0xF2, 0x02, 0x10, 0x02, 0x16,
    0x02, 0x2C, 0x02, 0x3E, 0x02, 0x40, 0x00, 0x00, 0x02, 0x5E, 0x00, 0x00, 0x02, 0x62, 0x02, 0x64,
    0x02, 0x6E, 0x02, 0x76, 0x02, 0x7A, 0x00, 0x00, 0x02, 0x7C, 0x02, 0x80, 0x02, 0x82, 0x02, 0x8C,
    0x02, 0x8E, 0x00, 0x00, 0x02, 0x8E, 0x02, 0x92, 0x00, 0x00, 0x00, 0x00, 0x00, 0x00, 0x00, 0x00,
    0x00, 0x00, 0x00, 0x00, 0x00, 0x01, 0x01, 0x00, 0x01, 0x06, 0x01, 0x02, 0x01, 0x22, 0x01, 0x2F,
    0x01, 0x36, 0x01, 0x07, 0x01, 0x0F, 0x01, 0x10, 0x00, 0xF9, 0x01, 0x31, 0x00, 0xFE, 0x01, 0x13,
    0x01, 0x03, 0x01, 0x09, 0x00, 0xFD, 0x01, 0x08, 0x01, 0x2B, 0x01, 0x29, 0x01, 0x2A, 0x01, 0x04,
    0x01, 0x35, 0x00, 0x02, 0x00, 0x0D, 0x00, 0x0E, 0x00, 0x13, 0x00, 0x17, 0x00, 0x20, 0x00, 0x21,
    0x00, 0x25, 0x00, 0x27, 0x00, 0x30, 0x00, 0x31, 0x00, 0x33, 0x00, 0x39, 0x00, 0x3A, 0x00, 0x40,
    0x00, 0x4A, 0x00, 0x4C, 0x00, 0x4D, 0x00, 0x51, 0x00, 0x56, 0x00, 0x5B, 0x00, 0x64, 0x00, 0x65,
    0x00, 0x6A, 0x00, 0x6B, 0x00, 0x70, 0x01, 0x0D, 0x00, 0xFA, 0x01, 0x0E, 0x01, 0x3D, 0x01, 0x0A,
    0x01, 0x59, 0x00, 0x74, 0x00, 0x7F, 0x00, 0x80, 0x00, 0x85, 0x00, 0x89, 0x00, 0x92, 0x00, 0x93,
    0x00, 0x97, 0x00, 0x99, 0x00, 0xA3, 0x00, 0xA5, 0x00, 0xA7, 0x00, 0xAD, 0x00, 0xAE, 0x00, 0xB4,
    0x00, 0xBE, 0x00, 0xC0, 0x00, 0xC1, 0x00, 0xC5, 0x00, 0xCB, 0x00, 0xD0, 0x00, 0xD9, 0x00, 0xDA,
    0x00, 0xDF, 0x00, 0xE0, 0x00, 0xE5, 0x01, 0x0B, 0x01, 0x33, 0x01, 0x0C, 0x01, 0x27, 0x01, 0x01,
    0x01, 0x20, 0x01, 0x25, 0x01, 0x21, 0x01, 0x26, 0x01, 0x34, 0x01, 0x3A, 0x01, 0x57, 0x01, 0x38,
    0x01, 0x15, 0x01, 0x2C, 0x01, 0x14, 0x01, 0x39, 0x01, 0x5B, 0x01, 0x3C, 0x01, 0x32, 0x00, 0xF7,
    0x00, 0xF8, 0x01, 0x52, 0x01, 0x2D, 0x01, 0x37, 0x00, 0xFB, 0x01, 0x55, 0x00, 0xF6, 0x01, 0x16,
    0x00, 0xF4, 0x00, 0xF3, 0x00, 0xF5, 0x01, 0x05, 0x00, 0x07, 0x00, 0x03, 0x00, 0x05, 0x00, 0x0B,
    0x00, 0x06, 0x00, 0x0A, 0x00, 0x0C, 0x00, 0x11, 0x00, 0x1D, 0x00, 0x18, 0x00, 0x1A, 0x00, 0x1B,
    0x00, 0x2D, 0x00, 0x29, 0x00, 0x2A, 0x00, 0x2B, 0x00, 0x14, 0x00, 0x3F, 0x00, 0x44, 0x00, 0x41,
    0x00, 0x42, 0x00, 0x48, 0x00, 0x43, 0x01, 0x2E, 0x00, 0x47, 0x00, 0x5F, 0x00, 0x5C, 0x00, 0x5D,
    0x00, 0x5E, 0x00, 0x6C, 0x00, 0x4B, 0x00, 0xCA, 0x00, 0x79, 0x00, 0x75, 0x00, 0x77, 0x00, 0x7D,
    0x00, 0x78, 0x00, 0x7C, 0x00, 0x7E, 0x00, 0x83, 0x00, 0x8F, 0x00, 0x8A, 0x00, 0x8C, 0x00, 0x8D,
    0x00, 0x9F, 0x00, 0x9B, 0x00, 0x9C, 0x00, 0x9D, 0x00, 0x86, 0x00, 0xB3, 0x00, 0xB8, 0x00, 0xB5,
    0x00, 0xB6, 0x00, 0xBC, 0x00, 0xB7, 0x01, 0x28, 0x00, 0xBB, 0x00, 0xD4, 0x00, 0xD1, 0x00, 0xD2,
    0x00, 0xD3, 0x00, 0xE1, 0x00, 0xBF, 0x00, 0xE3, 0x00, 0x08, 0x00, 0x7A, 0x00, 0x04, 0x00, 0x76,
    0x00, 0x09, 0x00, 0x7B, 0x00, 0x0F, 0x00, 0x81, 0x00, 0x12, 0x00, 0x84, 0x00, 0x10, 0x00, 0x82,
    0x00, 0x15, 0x00, 0x87, 0x00, 0x16, 0x00, 0x88, 0x00, 0x1E, 0x00, 0x90, 0x00, 0x1C, 0x00, 0x8E,
    0x00, 0x1F, 0x00, 0x91, 0x00, 0x19, 0x00, 0x8B, 0x00, 0x22, 0x00, 0x94, 0x00, 0x24, 0x00, 0x96,
    0x00, 0x23, 0x00, 0x95, 0x00, 0x26, 0x00, 0x98, 0x00, 0x2E, 0x00, 0xA1, 0x00, 0x2F, 0x00, 0xA2,
    0x00, 0x2C, 0x00, 0x9A, 0x00, 0x28, 0x00, 0xA0, 0x00, 0x32, 0x00, 0xA6, 0x00, 0x34, 0x00, 0xA8,
    0x00, 0x36, 0x00, 0xAA, 0x00, 0x35, 0x00, 0xA9, 0x00, 0x37, 0x00, 0xAB, 0x00, 0x38, 0x00, 0xAC,
    0x00, 0x3B, 0x00, 0xAF, 0x00, 0x3D, 0x00, 0xB1, 0x00, 0x3C, 0x00, 0xB0, 0x00, 0x3E, 0x00, 0xB2,
    0x00, 0x46, 0x00, 0xBA, 0x00, 0x45, 0x00, 0xB9, 0x00, 0x49, 0x00, 0xBD, 0x00, 0x4E, 0x00, 0xC2,
    0x00, 0x50, 0x00, 0xC4, 0x00, 0x4F, 0x00, 0xC3, 0x00, 0x52, 0x00, 0xC6, 0x00, 0x54, 0x00, 0xC8,
    0x00, 0x53, 0x00, 0xC7, 0x00, 0x59, 0x00, 0xCE, 0x00, 0x58, 0x00, 0xCD, 0x00, 0x57, 0x00, 0xCC,
    0x00, 0x61, 0x00, 0xD6, 0x00, 0x63, 0x00, 0xD8, 0x00, 0x60, 0x00, 0xD5, 0x00, 0x62, 0x00, 0xD7,
    0x00, 0x67, 0x00, 0xDC, 0x00, 0x6D, 0x00, 0xE2, 0x00, 0x6E, 0x00, 0x71, 0x00, 0xE6, 0x00, 0x73,
    0x00, 0xE8, 0x00, 0x72, 0x00, 0xE7, 0x00, 0x55, 0x00, 0xC9, 0x00, 0x5A, 0x00, 0xCF, 0x01, 0x56,
    0x01, 0x54, 0x01, 0x53, 0x01, 0x58, 0x01, 0x5D, 0x01, 0x5C, 0x01, 0x5E, 0x01, 0x5A, 0x01, 0x49,
    0x01, 0x40, 0x01, 0x44, 0x01, 0x50, 0x01, 0x4B, 0x01, 0x41, 0x01, 0x48, 0x01, 0x47, 0x01, 0x4D,
    0x01, 0x4A, 0x01, 0x42, 0x01, 0x45, 0x01, 0x43, 0x01, 0x4C, 0x01, 0x4F, 0x01, 0x4E, 0x00, 0x69,
    0x00, 0xDE, 0x00, 0x66, 0x00, 0xDB, 0x00, 0x68, 0x00, 0xDD, 0x00, 0x6F, 0x00, 0xE4, 0x01, 0x12,
    0x01, 0x11, 0x01, 0x1A, 0x01, 0x1B, 0x01, 0x19, 0x01, 0x3E, 0x01, 0x3F, 0x00, 0xFC, 0x00, 0x00,
    0x00, 0x00, 0x00, 0x00, 0x00, 0x00, 0x00, 0x28, 0x00, 0x56, 0x00, 0x92, 0x00, 0xC6, 0x01, 0x10,
    0x01, 0x3E, 0x01, 0x6C, 0x01, 0xA8, 0x01, 0xF6, 0x02, 0x3E, 0x02, 0x64, 0x02, 0x9C, 0x02, 0xD0,
    0x03, 0x0C, 0x03, 0x4C, 0x03, 0x98, 0x03, 0xDE, 0x04, 0x06, 0x04, 0x12, 0x04, 0x46, 0x04, 0x52,
    0x04, 0x6A, 0x04, 0x8A, 0x04, 0xAE, 0x04, 0xD2, 0x05, 0x0E, 0x05, 0x38, 0x05, 0x58, 0x05, 0x78,
    0x05, 0xA8, 0x05, 0xBE, 0x05, 0xF6, 0x06, 0x44, 0x06, 0x88, 0x06, 0xD2, 0x06, 0xEA, 0x07, 0x14,
    0x07, 0x22, 0x07, 0x2E, 0x07, 0x42, 0x07, 0x5A, 0x07, 0x8A, 0x07, 0xA8, 0x07, 0xBC, 0x07, 0xD0,
    0x07, 0xF4, 0x08, 0x0A, 0x08, 0x2A, 0x08, 0x54, 0x08, 0x64, 0x08, 0x7C, 0x08, 0x88, 0x08, 0xA4,
    0x08, 0xB0, 0x08, 0xCC, 0x09, 0x02, 0x09, 0x2C, 0x09, 0x5E, 0x09, 0x94, 0x09, 0xCC, 0x0A, 0x02,
    0x0A, 0x4E, 0x0A, 0x88, 0x0A, 0xC8, 0x0B, 0x0C, 0x0B, 0x68, 0x0B, 0xA8, 0x0B, 0xF0, 0x0C, 0x30,
    0x0C, 0x80, 0x0C, 0xDA, 0x0D, 0x1C, 0x0D, 0x42, 0x0D, 0x6A, 0x0D, 0xAE, 0x0D, 0xDA, 0x0E, 0x0E,
    0x0E, 0x48, 0x0E, 0x7E, 0x0E, 0xBE, 0x0F, 0x06, 0x0F, 0x52, 0x0F, 0xA8, 0x0F, 0xF4, 0x10, 0x08,
    0x10, 0x24, 0x10, 0x42, 0x10, 0x6A, 0x10, 0x8A, 0x10, 0xA8, 0x10, 0xCE, 0x10, 0xF8, 0x11, 0x3A,
    0x11, 0x60, 0x11, 0x8C, 0x11, 0xB2, 0x11, 0xE6, 0x12, 0x2C, 0x12, 0x48, 0x12, 0x82, 0x12, 0xC4,
    0x13, 0x0A, 0x13, 0x66, 0x13, 0xA6, 0x13, 0xD6, 0x13, 0xF8, 0x14, 0x20, 0x14, 0x4C, 0x14, 0x90,
    0x14, 0xB8, 0x14, 0xD0, 0x14, 0xF0, 0x15, 0x14, 0x15, 0x3E, 0x15, 0x88, 0x15, 0x94, 0x15, 0xA0,
    0x15, 0xAC, 0x15, 0xB8, 0x15, 0xC4, 0x15, 0xD0, 0x16, 0x2A, 0x16, 0x36, 0x16, 0x42, 0x16, 0xB4,
    0x16, 0xEA, 0x17, 0x16, 0x17, 0x22, 0x17, 0x2E, 0x17, 0x6E, 0x17, 0x7A, 0x17, 0xB4, 0x18, 0x00,
    0x18, 0x0C, 0x18, 0x50, 0x18, 0x88, 0x18, 0x94, 0x18, 0xA0, 0x18, 0xAC, 0x18, 0xB8, 0x18, 0xC4,
    0x18, 0xD0, 0x18, 0xDC, 0x19, 0x26, 0x19, 0x50, 0x19, 0x8E, 0x19, 0x9A, 0x19, 0xA6, 0x19, 0xB2,
    0x19, 0xD4, 0x1A, 0x00, 0x1A, 0x1E, 0x1A, 0x2C, 0x1A, 0x38, 0x1A, 0x44, 0x1A, 0x50, 0x1A, 0x5C,
    0x1A, 0x68, 0x1A, 0x74, 0x1A, 0x80, 0x1A, 0x90, 0x1A, 0xB8, 0x1A, 0xCE, 0x1A, 0xEE, 0x1A, 0xFA,
    0x1B, 0x08, 0x1B, 0x14, 0x1B, 0x20, 0x1B, 0x2C, 0x1B, 0x38, 0x1B, 0x52, 0x1B, 0x8C, 0x1B, 0xB0,
    0x1B, 0xBC, 0x1B, 0xC8, 0x1B, 0xD4, 0x1C, 0x04, 0x1C, 0x10, 0x1C, 0x42, 0x1C, 0x4E, 0x1C, 0x5A,
    0x1C, 0x66, 0x1C, 0x72, 0x1C, 0x7E, 0x1C, 0x8A, 0x1C, 0xD4, 0x1C, 0xE0, 0x1D, 0x40, 0x1D, 0x76,
    0x1D, 0xAE, 0x1D, 0xE2, 0x1D, 0xFC, 0x1E, 0x08, 0x1E, 0x14, 0x1E, 0x20, 0x1E, 0x58, 0x1E, 0x64,
    0x1E, 0x70, 0x1E, 0xBC, 0x1E, 0xC8, 0x1F, 0x22, 0x1F, 0x48, 0x1F, 0x78, 0x1F, 0x84, 0x1F, 0xC2,
    0x1F, 0xCE, 0x1F, 0xF6, 0x20, 0x02, 0x20, 0x0E, 0x20, 0x1A, 0x20, 0x26, 0x20, 0x32, 0x20, 0x3E,
    0x20, 0x7C, 0x20, 0x88, 0x20, 0xA6, 0x20, 0xE2, 0x20, 0xEE, 0x20, 0xFA, 0x21, 0x06, 0x21, 0x12,
    0x21, 0x32, 0x21, 0x5A, 0x21, 0x66, 0x21, 0x72, 0x21, 0x7E, 0x21, 0x8A, 0x21, 0xA2, 0x21, 0xAE,
    0x21, 0xBA, 0x21, 0xC6, 0x21, 0xFE, 0x22, 0x12, 0x22, 0x46, 0x22, 0x82, 0x22, 0xA0, 0x22, 0xD2,
    0x23, 0x16, 0x23, 0x2A, 0x23, 0x86, 0x23, 0xC4, 0x24, 0x0E, 0x24, 0x40, 0x24, 0x9E, 0x24, 0xB2,
    0x24, 0xE8, 0x25, 0x26, 0x25, 0x4A, 0x25, 0x5A, 0x25, 0x70, 0x25, 0x8E, 0x25, 0xB4, 0x25, 0xC6,
    0x25, 0xD6, 0x25, 0xF4, 0x25, 0xFE, 0x26, 0x3A, 0x26, 0x50, 0x26, 0x90, 0x26, 0x9A, 0x26, 0xAE,
    0x26, 0xBC, 0x26, 0xE0, 0x26, 0xEC, 0x26, 0xF6, 0x27, 0x20, 0x27, 0x2C, 0x27, 0x3E, 0x27, 0x4A,
    0x27, 0x68, 0x27, 0x74, 0x27, 0x82, 0x27, 0x90, 0x27, 0x9E, 0x27, 0xA6, 0x27, 0xC6, 0x27, 0xE8,
    0x27, 0xFC, 0x28, 0x08, 0x28, 0x14, 0x28, 0x34, 0x28, 0x54, 0x28, 0x68, 0x28, 0x72, 0x28, 0x7A,
    0x28, 0x7A, 0x28, 0xB2, 0x28, 0xF6, 0x29, 0x48, 0x29, 0x8C, 0x29, 0xBC, 0x29, 0xF2, 0x2A, 0x24,
    0x2A, 0x4E, 0x2A, 0x7A, 0x2A, 0x8E, 0x2A, 0xA6, 0x2A, 0xB2, 0x2A, 0xC2, 0x2A, 0xEE, 0x2B, 0x10,
    0x2B, 0x76, 0x2C, 0x0A, 0x2C, 0x22, 0x2C, 0x42, 0x2C, 0x50, 0x2C, 0x64, 0x2C, 0xEA, 0x2D, 0x4E,
    0x2D, 0x6E, 0x2D, 0xCC, 0x2E, 0x28, 0x2E, 0x92, 0x2E, 0xBC, 0x2E, 0xEE, 0x2F, 0x04, 0x2F, 0x20,
    0x2F, 0x4C, 0x2F, 0x5A, 0x2F, 0x76, 0x2F, 0x88, 0x2F, 0xA8, 0x2F, 0xBA, 0x2F, 0xCE, 0x2F, 0xE0,
    0x30, 0x0A, 0x30, 0x22, 0x30, 0x30, 0x30, 0x46, 0x30, 0x54, 0x30, 0x70, 0x30, 0x9C, 0x30, 0xAA,
    0x30, 0xB8, 0x30, 0xE0, 0x30, 0xEE, 0x30, 0xFC, 0x31, 0x18, 0x31, 0x2A, 0x31, 0x48, 0x31, 0x5A,
    0x31, 0x84, 0x31, 0x9C, 0x31, 0xAA, 0x31, 0xC0, 0x31, 0xCE, 0x31, 0xEA, 0x32, 0x16, 0x32, 0x3E,
    0x32, 0x52, 0x00, 0x00, 0x00, 0x02, 0x00, 0x18, 0x00, 0x00, 0x05, 0x14, 0x05, 0x9A, 0x00, 0x07,
    0x00, 0x11, 0x00, 0x00, 0x01, 0x21, 0x03, 0x23, 0x01, 0x33, 0x01, 0x23, 0x03, 0x01, 0x26, 0x26,
    0x27, 0x23, 0x06, 0x06, 0x07, 0x03, 0x03, 0xE6, 0xFD, 0x5E, 0x71, 0xBB, 0x02, 0x26, 0xAE, 0x02,
    0x28, 0xBA, 0xAC, 0xFE, 0xFC, 0x04, 0x0E, 0x05, 0x04, 0x02, 0x12, 0x04, 0xFD, 0x01, 0x38, 0xFE,
    0xC8, 0x05, 0x9A, 0xFA, 0x66, 0x01, 0xCF, 0x02, 0xBD, 0x10, 0x39, 0x17, 0x0F, 0x48, 0x09, 0xFD,
    0x43, 0x00, 0x00, 0x00, 0x00, 0x03, 0x00, 0x18, 0x00, 0x00, 0x05, 0x14, 0x07, 0x22, 0x00, 0x03,
    0x00, 0x0B, 0x00, 0x15, 0x00, 0x00, 0x01, 0x23, 0x37, 0x33, 0x03, 0x21, 0x03, 0x23, 0x01, 0x33,
    0x01, 0x23, 0x03, 0x01, 0x26, 0x26, 0x27, 0x23, 0x06, 0x06, 0x07, 0x03, 0x02, 0xF0, 0xB1, 0xDF,
    0xD8, 0x10, 0xFD, 0x5E, 0x71, 0xBB, 0x02, 0x26, 0xAE, 0x02, 0x28, 0xBA, 0xAC, 0xFE, 0xFC, 0x04,
    0x0E, 0x05, 0x04, 0x02, 0x12, 0x04, 0xFD, 0x06, 0x5C, 0xC6, 0xFA, 0x16, 0xFE, 0xC8, 0x05, 0x9A,
    0xFA, 0x66, 0x01, 0xCF, 0x02, 0xBD, 0x10, 0x39, 0x17, 0x0F, 0x48, 0x09, 0xFD, 0x43, 0x00, 0x00,
    0x00, 0x03, 0x00, 0x18, 0x00, 0x00, 0x05, 0x14, 0x07, 0x08, 0x00, 0x0D, 0x00, 0x15, 0x00, 0x1F,
    0x00, 0x00, 0x00, 0x26, 0x27, 0x33, 0x16, 0x16, 0x33, 0x32, 0x36, 0x37, 0x33, 0x06, 0x06, 0x23,
    0x01, 0x21, 0x03, 0x23, 0x01, 0x33, 0x01, 0x23, 0x03, 0x01, 0x26, 0x26, 0x27, 0x23, 0x06, 0x06,
    0x07, 0x03, 0x02, 0x0C, 0x98, 0x06, 0xA0, 0x05, 0x45, 0x3A, 0x38, 0x48, 0x07, 0xA2, 0x0B, 0x9D,
    0x83, 0x01, 0x56, 0xFD, 0x5E, 0x71, 0xBB, 0x02, 0x26, 0xAE, 0x02, 0x28, 0xBA, 0xAC, 0xFE, 0xFC,
    0x04, 0x0E, 0x05, 0x04, 0x02, 0x12, 0x04, 0xFD, 0x06, 0x34, 0x6F, 0x65, 0x29, 0x2C, 0x2D, 0x28,
    0x65, 0x6F, 0xFB, 0x04, 0xFE, 0xC8, 0x05, 0x9A, 0xFA, 0x66, 0x01, 0xCF, 0x02, 0xBD, 0x10, 0x39,
    0x17, 0x0F, 0x48, 0x09, 0xFD, 0x43, 0x00, 0x00, 0x00, 0x03, 0x00, 0x18, 0x00, 0x00, 0x05, 0x14,
    0x07, 0x26, 0x00, 0x06, 0x00, 0x0E, 0x00, 0x18, 0x00, 0x00, 0x01, 0x23, 0x25, 0x33, 0x05, 0x23,
    0x27, 0x01, 0x21, 0x03, 0x23, 0x01, 0x33, 0x01, 0x23, 0x03, 0x01, 0x26, 0x26, 0x27, 0x23, 0x06,
    0x06, 0x07, 0x03, 0x02, 0x03, 0xB7, 0x01, 0x13, 0x85, 0x01, 0x14, 0xC0, 0x9A, 0x01, 0x48, 0xFD,
    0x5E, 0x71, 0xBB, 0x02, 0x26, 0xAE, 0x02, 0x28, 0xBA, 0xAC, 0xFE, 0xFC, 0x04, 0x0E, 0x05, 0x04,
    0x02, 0x12, 0x04, 0xFD, 0x06, 0x3C, 0xEA, 0xEA, 0x79, 0xFA, 0x83, 0xFE, 0xC8, 0x05, 0x9A, 0xFA,
    0x66, 0x01, 0xCF, 0x02, 0xBD, 0x10, 0x39, 0x17, 0x0F, 0x48, 0x09, 0xFD, 0x43, 0x00, 0x00, 0x00,
    0x00, 0x04, 0x00, 0x18, 0x00, 0x00, 0x05, 0x14, 0x07, 0x18, 0x00, 0x0D, 0x00, 0x19, 0x00, 0x21,
    0x00, 0x2B, 0x00, 0x00, 0x00, 0x26, 0x26, 0x35, 0x34, 0x36, 0x33, 0x32, 0x16, 0x15, 0x14, 0x06,
    0x06, 0x23, 0x20, 0x26, 0x35, 0x34, 0x36, 0x33, 0x32, 0x16, 0x15, 0x14, 0x06, 0x23, 0x13, 0x21,
    0x03, 0x23, 0x01, 0x33, 0x01, 0x23, 0x03, 0x01, 0x26, 0x26, 0x27, 0x23, 0x06, 0x06, 0x07, 0x03,
    0x01, 0xB5, 0x38, 0x21, 0x45, 0x32, 0x32, 0x48, 0x21, 0x36, 0x20, 0x01, 0x4F, 0x46, 0x44, 0x31,
    0x32, 0x47, 0x44, 0x33, 0x90, 0xFD, 0x5E, 0x71, 0xBB, 0x02, 0x26, 0xAE, 0x02, 0x28, 0xBA, 0xAC,
    0xFE, 0xFC, 0x04, 0x0E, 0x05, 0x04, 0x02, 0x12, 0x04, 0xFD, 0x06, 0x29, 0x21, 0x37, 0x20, 0x33,
    0x44, 0x45, 0x32, 0x20, 0x38, 0x20, 0x45, 0x33, 0x33, 0x44, 0x45, 0x32, 0x32, 0x46, 0xFB, 0x0F,
    0xFE, 0xC8, 0x05, 0x9A, 0xFA, 0x66, 0x01, 0xCF, 0x02, 0xBD, 0x10, 0x39, 0x17, 0x0F, 0x48, 0x09,
    0xFD, 0x43, 0x00, 0x00, 0x00, 0x03, 0x00, 0x18, 0x00, 0x00, 0x05, 0x14, 0x07, 0x20, 0x00, 0x03,
    0x00, 0x0B, 0x00, 0x15, 0x00, 0x00, 0x01, 0x27, 0x33, 0x17, 0x01, 0x21, 0x03, 0x23, 0x01, 0x33,
    0x01, 0x23, 0x03, 0x01, 0x26, 0x26, 0x27, 0x23, 0x06, 0x06, 0x07, 0x03, 0x02, 0x47, 0xF2, 0xC6,
    0xC9, 0x01, 0x02, 0xFD, 0x5E, 0x71, 0xBB, 0x02, 0x26, 0xAE, 0x02, 0x28, 0xBA, 0xAC, 0xFE, 0xFC,
    0x04, 0x0E, 0x05, 0x04, 0x02, 0x12, 0x04, 0xFD, 0x06, 0x3C, 0xE4, 0xE4, 0xFA, 0xFC, 0xFE, 0xC8,
    0x05, 0x9A, 0xFA, 0x66, 0x01, 0xCF, 0x02, 0xBD, 0x10, 0x39, 0x17, 0x0F, 0x48, 0x09, 0xFD, 0x43,
    0x00, 0x03, 0x00, 0x18, 0x00, 0x00, 0x05, 0x14, 0x06, 0xCB, 0x00, 0x03, 0x00, 0x0B, 0x00, 0x15,
    0x00, 0x00, 0x01, 0x21, 0x35, 0x21, 0x13, 0x21, 0x03, 0x23, 0x01, 0x33, 0x01, 0x23, 0x03, 0x01,
    0x26, 0x26, 0x27, 0x23, 0x06, 0x06, 0x07, 0x03, 0x03, 0xD0, 0xFD, 0x8A, 0x02, 0x76, 0x16, 0xFD,
    0x5E, 0x71, 0xBB, 0x02, 0x26, 0xAE, 0x02, 0x28, 0xBA, 0xAC, 0xFE, 0xFC, 0x04, 0x0E, 0x05, 0x04,
    0x02, 0x12, 0x04, 0xFD, 0x06, 0x3F, 0x8C, 0xFA, 0x6D, 0xFE, 0xC8, 0x05, 0x9A, 0xFA, 0x66, 0x01,
    0xCF, 0x02, 0xBD, 0x10, 0x39, 0x17, 0x0F, 0x48, 0x09, 0xFD, 0x43, 0x00, 0x00, 0x02, 0x00, 0x18,
    0xFE, 0x70, 0x05, 0x14, 0x05, 0x9A, 0x00, 0x17, 0x00, 0x21, 0x00, 0x00, 0x00, 0x37, 0x17, 0x06,
    0x23, 0x22, 0x35, 0x34, 0x36, 0x36, 0x37, 0x03, 0x21, 0x03, 0x23, 0x01, 0x33, 0x01, 0x0E, 0x02,
    0x15, 0x14, 0x33, 0x03, 0x01, 0x26, 0x26, 0x27, 0x23, 0x06, 0x06, 0x07, 0x03, 0x04, 0xBF, 0x15,
    0x10, 0x13, 0x5D, 0xD0, 0x3B, 0x56, 0x25, 0x74, 0xFD, 0x5E, 0x71, 0xBB, 0x02, 0x26, 0xAE, 0x02,
    0x28, 0x48, 0x69, 0x37, 0x62, 0xE0, 0xFE, 0xFC, 0x04, 0x0E, 0x05, 0x04, 0x02, 0x12, 0x04, 0xFD,
    0xFE, 0xEB, 0x07, 0x75, 0x0D, 0xA0, 0x31, 0x65, 0x4C, 0x0E, 0x01, 0x38, 0xFE, 0xC8, 0x05, 0x9A,
    0xFA, 0x66, 0x0F, 0x47, 0x51, 0x1A, 0x54, 0x02, 0xE4, 0x02, 0xBD, 0x10, 0x39, 0x17, 0x0F, 0x48,
    0x09, 0xFD, 0x43, 0x00, 0x00, 0x04, 0x00, 0x18, 0x00, 0x00, 0x05, 0x14, 0x07, 0x70, 0x00, 0x0F,
    0x00, 0x1B, 0x00, 0x23, 0x00, 0x2D, 0x00, 0x00, 0x00, 0x26, 0x26, 0x35, 0x34, 0x36, 0x36, 0x33,
    0x32, 0x16, 0x16, 0x15, 0x14, 0x06, 0x06, 0x23, 0x02, 0x06, 0x15, 0x14, 0x16, 0x33, 0x32, 0x36,
    0x35, 0x34, 0x26, 0x23, 0x01, 0x21, 0x03, 0x23, 0x01, 0x33, 0x01, 0x23, 0x03, 0x01, 0x26, 0x26,
    0x27, 0x23, 0x06, 0x06, 0x07, 0x03, 0x02, 0x58, 0x5C, 0x35, 0x37, 0x5F, 0x3B, 0x39, 0x5D, 0x35,
    0x37, 0x60, 0x3B, 0x23, 0x35, 0x35, 0x27, 0x29, 0x37, 0x37, 0x29, 0x01, 0x51, 0xFD, 0x5E, 0x71,
    0xBB, 0x02, 0x26, 0xAE, 0x02, 0x28, 0xBA, 0xAC, 0xFE, 0xFC, 0x04, 0x0E, 0x05, 0x04, 0x02, 0x12,
    0x04, 0xFD, 0x05, 0xEC, 0x32, 0x57, 0x35, 0x38, 0x5A, 0x34, 0x32, 0x58, 0x36, 0x37, 0x5A, 0x33,
    0x01, 0x1F, 0x35, 0x28, 0x27, 0x35, 0x35, 0x27, 0x28, 0x35, 0xFA, 0x2D, 0xFE, 0xC8, 0x05, 0x9A,
    0xFA, 0x66, 0x01, 0xCF, 0x02, 0xBD, 0x10, 0x39, 0x17, 0x0F, 0x48, 0x09, 0xFD, 0x43, 0x00, 0x00,
    0x00, 0x03, 0x00, 0x18, 0x00, 0x00, 0x05, 0x14, 0x07, 0x38, 0x00, 0x18, 0x00, 0x20, 0x00, 0x2A,
    0x00, 0x00, 0x00, 0x15, 0x23, 0x34, 0x36, 0x33, 0x32, 0x16, 0x17, 0x16, 0x16, 0x33, 0x32, 0x35,
    0x33, 0x14, 0x06, 0x06, 0x23, 0x22, 0x26, 0x27, 0x26, 0x26, 0x23, 0x01, 0x21, 0x03, 0x23, 0x01,
    0x33, 0x01, 0x23, 0x03, 0x01, 0x26, 0x26, 0x27, 0x23, 0x06, 0x06, 0x07, 0x03, 0x01, 0xC6, 0x72,
    0x61, 0x55, 0x24, 0x3C, 0x2C, 0x28, 0x38, 0x1F, 0x4A, 0x76, 0x2C, 0x50, 0x36, 0x24, 0x44, 0x33,
    0x2A, 0x39, 0x1B, 0x01, 0xDC, 0xFD, 0x5E, 0x71, 0xBB, 0x02, 0x26, 0xAE, 0x02, 0x28, 0xBA, 0xAC,
    0xFE, 0xFC, 0x04, 0x0E, 0x05, 0x04, 0x02, 0x12, 0x04, 0xFD, 0x06, 0xA9, 0x5D, 0x6C, 0x80, 0x1A,
    0x1A, 0x19, 0x18, 0x60, 0x46, 0x6C, 0x3C, 0x1B, 0x1B, 0x17, 0x17, 0xFA, 0x8F, 0xFE, 0xC8, 0x05,
    0x9A, 0xFA, 0x66, 0x01, 0xCF, 0x02, 0xBD, 0x10, 0x39, 0x17, 0x0F, 0x48, 0x09, 0xFD, 0x43, 0x00,
    0x00, 0x02, 0x00, 0x18, 0x00, 0x00, 0x06, 0x83, 0x05, 0x9A, 0x00, 0x0F, 0x00, 0x12, 0x00, 0x00,
    0x25, 0x15, 0x21, 0x11, 0x21, 0x03, 0x23, 0x01, 0x21, 0x15, 0x21, 0x11, 0x21, 0x15, 0x21, 0x11,
    0x03, 0x11, 0x01, 0x06, 0x83, 0xFD, 0x08, 0xFD, 0xF1, 0xA9, 0xBB, 0x03, 0x1D, 0x03, 0x2E, 0xFD,
    0xD0, 0x01, 0xF2, 0xFE, 0x0E, 0xA8, 0xFE, 0x44, 0x98, 0x98, 0x01, 0x38, 0xFE, 0xC8, 0x05, 0x9A,
    0x98, 0xFE, 0x23, 0x97, 0xFE, 0x0A, 0x01, 0x37, 0x03, 0x32, 0xFC, 0xCE, 0x00, 0x03, 0x00, 0xBC,
    0x00, 0x00, 0x04, 0x2F, 0x05, 0x9B, 0x00, 0x12, 0x00, 0x1B, 0x00, 0x23, 0x00, 0x00, 0x37, 0x11,
    0x21, 0x32, 0x16, 0x16, 0x15, 0x14, 0x06, 0x07, 0x15, 0x1E, 0x02, 0x15, 0x14, 0x06, 0x06, 0x23,
    0x03, 0x32, 0x36, 0x35, 0x34, 0x26, 0x23, 0x23, 0x11, 0x13, 0x32, 0x36, 0x35, 0x34, 0x21, 0x23,
    0x11, 0xBC, 0x01, 0x98, 0x6F, 0xAE, 0x63, 0x78, 0x6C, 0x62, 0x90, 0x4D, 0x7A, 0xD4, 0x83, 0x4D,
    0x7F, 0x95, 0x85, 0x7B, 0xC0, 0xE5, 0x90, 0xA7, 0xFE, 0xA5, 0xC0, 0x01, 0x05, 0x9A, 0x4E, 0x94,
    0x66, 0x7B, 0xB3, 0x26, 0x04, 0x0B, 0x5D, 0x97, 0x60, 0x7C, 0xBB, 0x65, 0x03, 0x34, 0x82, 0x7C,
    0x6F, 0x62, 0xFE, 0x31, 0xFD, 0x65, 0x86, 0x80, 0xFE, 0xFD, 0xFC, 0x00, 0x00, 0x01, 0x00, 0x5D,
    0xFF, 0xEC, 0x04, 0x9C, 0x05, 0xB4, 0x00, 0x1E, 0x00, 0x00, 0x04, 0x24, 0x02, 0x35, 0x34, 0x12,
    0x24, 0x33, 0x32, 0x17, 0x07, 0x26, 0x26, 0x27, 0x26, 0x23, 0x22, 0x06, 0x02, 0x15, 0x14, 0x12,
    0x16, 0x33, 0x32, 0x36, 0x37, 0x17, 0x06, 0x06, 0x23, 0x02, 0x10, 0xFE, 0xE2, 0x95, 0xAC, 0x01,
    0x49, 0xE7, 0x9A, 0xAA, 0x31, 0x27, 0xB1, 0x3D, 0x0C, 0x18, 0xA0, 0xE4, 0x78, 0x6F, 0xD5, 0x95,
    0x58, 0xB8, 0x64, 0x38, 0x5E, 0xF5, 0x70, 0x14, 0xAC, 0x01, 0x49, 0xE8, 0xEC, 0x01, 0x50, 0xAF,
    0x2C, 0xA0, 0x0D, 0x14, 0x03, 0x01, 0x8B, 0xFE, 0xFE, 0xAF, 0xB5, 0xFE, 0xFC, 0x8A, 0x2A, 0x22,
    0x99, 0x24, 0x31, 0x00, 0x00, 0x02, 0x00, 0x5D, 0xFF, 0xEC, 0x04, 0x9C, 0x07, 0x04, 0x00, 0x03,
    0x00, 0x22, 0x00, 0x00, 0x01, 0x33, 0x05, 0x23, 0x02, 0x24, 0x02, 0x35, 0x34, 0x12, 0x24, 0x33,
    0x32, 0x17, 0x07, 0x26, 0x26, 0x27, 0x26, 0x23, 0x22, 0x06, 0x02, 0x15, 0x14, 0x12, 0x16, 0x33,
    0x32, 0x36, 0x37, 0x17, 0x06, 0x06, 0x23, 0x03, 0x53, 0xD8, 0xFE, 0xFA, 0xB1, 0x64, 0xFE, 0xE2,
    0x95, 0xAC, 0x01, 0x49, 0xE7, 0x9A, 0xAA, 0x31, 0x27, 0xB1, 0x3D, 0x0C, 0x18, 0xA0, 0xE4, 0x78,
    0x6F, 0xD5, 0x95, 0x58, 0xB8, 0x64, 0x38, 0x5E, 0xF5, 0x70, 0x07, 0x04, 0xC6, 0xF9, 0xAE, 0xAC,
    0x01, 0x49, 0xE8, 0xEC, 0x01, 0x50, 0xAF, 0x2C, 0xA0, 0x0D, 0x14, 0x03, 0x01, 0x8B, 0xFE, 0xFE,
    0xAF, 0xB5, 0xFE, 0xFC, 0x8A, 0x2A, 0x22, 0x99, 0x24, 0x31, 0x00, 0x00, 0x00, 0x02, 0x00, 0x5D,
    0xFF, 0xEC, 0x04, 0x9C, 0x07, 0x0A, 0x00, 0x06, 0x00, 0x25, 0x00, 0x00, 0x01, 0x33, 0x17, 0x37,
    0x33, 0x05, 0x23, 0x02, 0x24, 0x02, 0x35, 0x34, 0x12, 0x24, 0x33, 0x32, 0x17, 0x07, 0x26, 0x26,
    0x27, 0x26, 0x23, 0x22, 0x06, 0x02, 0x15, 0x14, 0x12, 0x16, 0x33, 0x32, 0x36, 0x37, 0x17, 0x06,
    0x06, 0x23, 0x01, 0x75, 0xAF, 0xA4, 0xA4, 0xB3, 0xFE, 0xEE, 0x84, 0x79, 0xFE, 0xE2, 0x95, 0xAC,
    0x01, 0x49, 0xE7, 0x9A, 0xAA, 0x31, 0x27, 0xB1, 0x3D, 0x0C, 0x18, 0xA0, 0xE4, 0x78, 0x6F, 0xD5,
    0x95, 0x58, 0xB8, 0x64, 0x38, 0x5E, 0xF5, 0x70, 0x07, 0x0A, 0x86, 0x86, 0xEB, 0xF9, 0xCD, 0xAC,
    0x01, 0x49, 0xE8, 0xEC, 0x01, 0x50, 0xAF, 0x2C, 0xA0, 0x0D, 0x14, 0x03, 0x01, 0x8B, 0xFE, 0xFE,
    0xAF, 0xB5, 0xFE, 0xFC, 0x8A, 0x2A, 0x22, 0x99, 0x24, 0x31, 0x00, 0x00, 0x00, 0x01, 0x00, 0x5D,
    0xFE, 0x50, 0x04, 0x9C, 0x05, 0xB4, 0x00, 0x32, 0x00, 0x00, 0x04, 0x16, 0x15, 0x14, 0x21, 0x22,
    0x27, 0x35, 0x16, 0x33, 0x32, 0x35, 0x34, 0x23, 0x22, 0x07, 0x35, 0x26, 0x26, 0x02, 0x35, 0x34,
    0x12, 0x24, 0x33, 0x32, 0x17, 0x07, 0x26, 0x26, 0x27, 0x26, 0x23, 0x22, 0x06, 0x02, 0x15, 0x14,
    0x12, 0x16, 0x33, 0x32, 0x36, 0x37, 0x17, 0x06, 0x06, 0x23, 0x22, 0x27, 0x15, 0x03, 0x11, 0x7A,
    0xFE, 0xD9, 0x1D, 0x24, 0x2B, 0x1B, 0x8D, 0x81, 0x0D, 0x19, 0x9F, 0xDF, 0x74, 0xAC, 0x01, 0x49,
    0xE7, 0x9A, 0xAA, 0x31, 0x27, 0xB1, 0x3D, 0x0C, 0x18, 0xA0, 0xE4, 0x78, 0x6F, 0xD5, 0x95, 0x58,
    0xB8, 0x64, 0x38, 0x5E, 0xF5, 0x70, 0x22, 0x10, 0x40, 0x5B, 0x51, 0xC4, 0x02, 0x78, 0x06, 0x46,
    0x48, 0x04, 0xA9, 0x1C, 0xBA, 0x01, 0x30, 0xCC, 0xEC, 0x01, 0x50, 0xAF, 0x2C, 0xA0, 0x0D, 0x14,
    0x03, 0x01, 0x8B, 0xFE, 0xFE, 0xAF, 0xB5, 0xFE, 0xFC, 0x8A, 0x2A, 0x22, 0x99, 0x24, 0x31, 0x01,
    0x2D, 0x00, 0x00, 0x00, 0x00, 0x02, 0x00, 0x5D, 0xFF, 0xEC, 0x04, 0x9C, 0x07, 0x07, 0x00, 0x0C,
    0x00, 0x2B, 0x00, 0x00, 0x00, 0x26, 0x26, 0x35, 0x34, 0x36, 0x33, 0x32, 0x16, 0x15, 0x14, 0x06,
    0x23, 0x02, 0x24, 0x02, 0x35, 0x34, 0x12, 0x24, 0x33, 0x32, 0x17, 0x07, 0x26, 0x26, 0x27, 0x26,
    0x23, 0x22, 0x06, 0x02, 0x15, 0x14, 0x12, 0x16, 0x33, 0x32, 0x36, 0x37, 0x17, 0x06, 0x06, 0x23,
    0x02, 0xAA, 0x37, 0x21, 0x47, 0x31, 0x32, 0x45, 0x45, 0x32, 0xBA, 0xFE, 0xE2, 0x95, 0xAC, 0x01,
    0x49, 0xE7, 0x9A, 0xAA, 0x31, 0x27, 0xB1, 0x3D, 0x0C, 0x18, 0xA0, 0xE4, 0x78, 0x6F, 0xD5, 0x95,
    0x58, 0xB8, 0x64, 0x38, 0x5E, 0xF5, 0x70, 0x06, 0x1A, 0x20, 0x37, 0x21, 0x30, 0x45, 0x43, 0x32,
    0x32, 0x46, 0xF9, 0xD2, 0xAC, 0x01, 0x49, 0xE8, 0xEC, 0x01, 0x50, 0xAF, 0x2C, 0xA0, 0x0D, 0x14,
    0x03, 0x01, 0x8B, 0xFE, 0xFE, 0xAF, 0xB5, 0xFE, 0xFC, 0x8A, 0x2A, 0x22, 0x99, 0x24, 0x31, 0x00,
    0x00, 0x02, 0x00, 0xBB, 0xFF, 0xFE, 0x05, 0x3D, 0x05, 0x98, 0x00, 0x09, 0x00, 0x12, 0x00, 0x00,
    0x13, 0x21, 0x20, 0x00, 0x11, 0x14, 0x02, 0x04, 0x23, 0x05, 0x25, 0x32, 0x24, 0x12, 0x35, 0x10,
    0x21, 0x07, 0x11, 0xBB, 0x01, 0x8C, 0x01, 0x78, 0x01, 0x7E, 0xC1, 0xFE, 0xA3, 0xE7, 0xFE, 0x83,
    0x01, 0x7F, 0xBC, 0x01, 0x0C, 0x8C, 0xFD, 0xB5, 0xDF, 0x05, 0x98, 0xFE, 0xA9, 0xFE, 0x9D, 0xE0,
    0xFE, 0xB4, 0xB2, 0x02, 0x96, 0x88, 0x01, 0x04, 0xB8, 0x02, 0x28, 0x02, 0xFB, 0x96, 0x00, 0x00,
    0xFF, 0xFF, 0x00, 0x5D, 0xFF, 0xFE, 0x05, 0x3D, 0x05, 0x98, 0x00, 0x22, 0x00, 0x13, 0x00, 0x00,
    0x00, 0x02, 0x01, 0x4F, 0x00, 0x00, 0x00, 0x00, 0x00, 0x03, 0x00, 0xBB, 0xFF, 0xFE, 0x05, 0x3D,
    0x07, 0x0A, 0x00, 0x06, 0x00, 0x10, 0x00, 0x19, 0x00, 0x00, 0x01, 0x33, 0x17, 0x37, 0x33, 0x05,
    0x23, 0x05, 0x21, 0x20, 0x00, 0x11, 0x14, 0x02, 0x04, 0x23, 0x05, 0x25, 0x32, 0x24, 0x12, 0x35,
    0x10, 0x21, 0x07, 0x11, 0x01, 0x47, 0xAF, 0xA4, 0xA4, 0xB3, 0xFE, 0xEE, 0x84, 0xFE, 0x60, 0x01,
    0x8C, 0x01, 0x78, 0x01, 0x7E, 0xC1, 0xFE, 0xA3, 0xE7, 0xFE, 0x83, 0x01, 0x7F, 0xBC, 0x01, 0x0C,
    0x8C, 0xFD, 0xB5, 0xDF, 0x07, 0x0A, 0x86, 0x86, 0xEB, 0x87, 0xFE, 0xA9, 0xFE, 0x9D, 0xE0, 0xFE,
    0xB4, 0xB2, 0x02, 0x96, 0x88, 0x01, 0x04, 0xB8, 0x02, 0x28, 0x02, 0xFB, 0x96, 0x00, 0x00, 0x00,
    0xFF, 0xFF, 0x00, 0x5D, 0xFF, 0xFE, 0x05, 0x3D, 0x05, 0x98, 0x00, 0x22, 0x00, 0x13, 0x00, 0x00,
    0x00, 0x02, 0x01, 0x4F, 0x00, 0x00, 0x00, 0x00, 0x00, 0x01, 0x00, 0xBC, 0x00, 0x00, 0x03, 0xB4,
    0x05, 0x9A, 0x00, 0x0B, 0x00, 0x00, 0x13, 0x21, 0x15, 0x21, 0x11, 0x21, 0x15, 0x21, 0x11, 0x21,
    0x15, 0x21, 0xBC, 0x02, 0xD8, 0xFD, 0xD0, 0x01, 0xF2, 0xFE, 0x0E, 0x02, 0x50, 0xFD, 0x08, 0x05,
    0x9A, 0x98, 0xFE, 0x23, 0x97, 0xFE, 0x0A, 0x98, 0x00, 0x02, 0x00, 0xBC, 0x00, 0x00, 0x03, 0xB4,
    0x07, 0x04, 0x00, 0x03, 0x00, 0x0F, 0x00, 0x00, 0x01, 0x33, 0x05, 0x23, 0x05, 0x21, 0x15, 0x21,
    0x11, 0x21, 0x15, 0x21, 0x11, 0x21, 0x15, 0x21, 0x02, 0xAD, 0xD8, 0xFE, 0xFA, 0xB1, 0xFE, 0xEE,
    0x02, 0xD8, 0xFD, 0xD0, 0x01, 0xF2, 0xFE, 0x0E, 0x02, 0x50, 0xFD, 0x08, 0x07, 0x04, 0xC6, 0xA4,
    0x98, 0xFE, 0x23, 0x97, 0xFE, 0x0A, 0x98, 0x00, 0x00, 0x02, 0x00, 0xBC, 0x00, 0x00, 0x03, 0xB4,
    0x07, 0x0A, 0x00, 0x06, 0x00, 0x12, 0x00, 0x00, 0x13, 0x33, 0x17, 0x37, 0x33, 0x05, 0x23, 0x05,
    0x21, 0x15, 0x21, 0x11, 0x21, 0x15, 0x21, 0x11, 0x21, 0x15, 0x21, 0xCF, 0xAF, 0xA4, 0xA4, 0xB3,
    0xFE, 0xEE, 0x84, 0xFE, 0xD9, 0x02, 0xD8, 0xFD, 0xD0, 0x01, 0xF2, 0xFE, 0x0E, 0x02, 0x50, 0xFD,
    0x08, 0x07, 0x0A, 0x86, 0x86, 0xEB, 0x85, 0x98, 0xFE, 0x23, 0x97, 0xFE, 0x0A, 0x98, 0x00, 0x00,
    0x00, 0x02, 0x00, 0xBC, 0x00, 0x00, 0x03, 0xB4, 0x07, 0x08, 0x00, 0x06, 0x00, 0x12, 0x00, 0x00,
    0x01, 0x33, 0x05, 0x23, 0x27, 0x07, 0x23, 0x07, 0x21, 0x15, 0x21, 0x11, 0x21, 0x15, 0x21, 0x11,
    0x21, 0x15, 0x21, 0x01, 0xEE, 0x85, 0x01, 0x14, 0xC0, 0x9A, 0x9B, 0xB7, 0x1F, 0x02, 0xD8, 0xFD,
    0xD0, 0x01, 0xF2, 0xFE, 0x0E, 0x02, 0x50, 0xFD, 0x08, 0x07, 0x08, 0xEA, 0x79, 0x79, 0x84, 0x98,
    0xFE, 0x23, 0x97, 0xFE, 0x0A, 0x98, 0x00, 0x00, 0x00, 0x03, 0x00, 0xBC, 0x00, 0x00, 0x03, 0xB4,
    0x06, 0xFA, 0x00, 0x0D, 0x00, 0x19, 0x00, 0x25, 0x00, 0x00, 0x00, 0x26, 0x26, 0x35, 0x34, 0x36,
    0x33, 0x32, 0x16, 0x15, 0x14, 0x06, 0x06, 0x23, 0x20, 0x26, 0x35, 0x34, 0x36, 0x33, 0x32, 0x16,
    0x15, 0x14, 0x06, 0x23, 0x05, 0x21, 0x15, 0x21, 0x11, 0x21, 0x15, 0x21, 0x11, 0x21, 0x15, 0x21,
    0x01, 0x44, 0x38, 0x21, 0x45, 0x32, 0x32, 0x48, 0x21, 0x36, 0x20, 0x01, 0x4F, 0x46, 0x44, 0x31,
    0x32, 0x47, 0x44, 0x33, 0xFD, 0xD7, 0x02, 0xD8, 0xFD, 0xD0, 0x01, 0xF2, 0xFE, 0x0E, 0x02, 0x50,
    0xFD, 0x08, 0x06, 0x0B, 0x21, 0x37, 0x20, 0x33, 0x44, 0x45, 0x32, 0x20, 0x38, 0x20, 0x45, 0x33,
    0x33, 0x44, 0x45, 0x32, 0x32, 0x46, 0x71, 0x98, 0xFE, 0x23, 0x97, 0xFE, 0x0A, 0x98, 0x00, 0x00,
    0x00, 0x02, 0x00, 0xBC, 0x00, 0x00, 0x03, 0xB4, 0x07, 0x07, 0x00, 0x0C, 0x00, 0x18, 0x00, 0x00,
    0x00, 0x26, 0x26, 0x35, 0x34, 0x36, 0x33, 0x32, 0x16, 0x15, 0x14, 0x06, 0x23, 0x05, 0x21, 0x15,
    0x21, 0x11, 0x21, 0x15, 0x21, 0x11, 0x21, 0x15, 0x21, 0x02, 0x04, 0x37, 0x21, 0x47, 0x31, 0x32,
    0x45, 0x45, 0x32, 0xFE, 0x98, 0x02, 0xD8, 0xFD, 0xD0, 0x01, 0xF2, 0xFE, 0x0E, 0x02, 0x50, 0xFD,
    0x08, 0x06, 0x1A, 0x20, 0x37, 0x21, 0x30, 0x45, 0x43, 0x32, 0x32, 0x46, 0x80, 0x98, 0xFE, 0x23,
    0x97, 0xFE, 0x0A, 0x98, 0x00, 0x02, 0x00, 0xBC, 0x00, 0x00, 0x03, 0xB4, 0x07, 0x02, 0x00, 0x03,
    0x00, 0x0F, 0x00, 0x00, 0x13, 0x33, 0x17, 0x23, 0x05, 0x21, 0x15, 0x21, 0x11, 0x21, 0x15, 0x21,
    0x11, 0x21, 0x15, 0x21, 0xE4, 0xC6, 0xC9, 0x9D, 0xFE, 0xE6, 0x02, 0xD8, 0xFD, 0xD0, 0x01, 0xF2,
    0xFE, 0x0E, 0x02, 0x50, 0xFD, 0x08, 0x07, 0x02, 0xE4, 0x84, 0x98, 0xFE, 0x23, 0x97, 0xFE, 0x0A,
    0x98, 0x00, 0x00, 0x00, 0x00, 0x02, 0x00, 0xBC, 0x00, 0x00, 0x03, 0xB4, 0x06, 0xAD, 0x00, 0x03,
    0x00, 0x0F, 0x00, 0x00, 0x13, 0x21, 0x15, 0x21, 0x07, 0x21, 0x15, 0x21, 0x11, 0x21, 0x15, 0x21,
    0x11, 0x21, 0x15, 0x21, 0xE9, 0x02, 0x76, 0xFD, 0x8A, 0x2D, 0x02, 0xD8, 0xFD, 0xD0, 0x01, 0xF2,
    0xFE, 0x0E, 0x02, 0x50, 0xFD, 0x08, 0x06, 0xAD, 0x8C, 0x87, 0x98, 0xFE, 0x23, 0x97, 0xFE, 0x0A,
    0x98, 0x00, 0x00, 0x00, 0x00, 0x01, 0x00, 0xBC, 0xFE, 0x70, 0x03, 0xC3, 0x05, 0x9A, 0x00, 0x1D,
    0x00, 0x00, 0x01, 0x06, 0x23, 0x22, 0x35, 0x34, 0x36, 0x36, 0x37, 0x21, 0x11, 0x21, 0x15, 0x21,
    0x11, 0x21, 0x15, 0x21, 0x11, 0x21, 0x15, 0x33, 0x0E, 0x02, 0x15, 0x14, 0x33, 0x32, 0x37, 0x03,
    0xC3, 0x13, 0x5D, 0xD0, 0x3B, 0x56, 0x25, 0xFD, 0x83, 0x02, 0xD8, 0xFD, 0xD0, 0x01, 0xF2, 0xFE,
    0x0E, 0x02, 0x50, 0x01, 0x35, 0x4D, 0x28, 0x62, 0x31, 0x15, 0xFE, 0x7D, 0x0D, 0xA0, 0x31, 0x65,
    0x4C, 0x0E, 0x05, 0x9A, 0x98, 0xFE, 0x23, 0x97, 0xFE, 0x0A, 0x98, 0x0F, 0x47, 0x51, 0x1A, 0x54,
    0x07, 0x00, 0x00, 0x00, 0x00, 0x01, 0x00, 0xBC, 0x00, 0x00, 0x03, 0x94, 0x05, 0x9A, 0x00, 0x09,
    0x00, 0x00, 0x13, 0x21, 0x15, 0x21, 0x11, 0x21, 0x15, 0x21, 0x11, 0x23, 0xBC, 0x02, 0xD8, 0xFD,
    0xD0, 0x01, 0xF2, 0xFE, 0x0E, 0xA8, 0x05, 0x9A, 0x98, 0xFE, 0x10, 0x97, 0xFD, 0x85, 0x00, 0x00,
    0x00, 0x01, 0x00, 0x5F, 0xFF, 0xEA, 0x04, 0xED, 0x05, 0xB3, 0x00, 0x21, 0x00, 0x00, 0x04, 0x24,
    0x02, 0x35, 0x34, 0x12, 0x24, 0x33, 0x32, 0x16, 0x17, 0x07, 0x26, 0x26, 0x23, 0x22, 0x06, 0x02,
    0x15, 0x14, 0x12, 0x16, 0x33, 0x32, 0x36, 0x37, 0x11, 0x21, 0x35, 0x21, 0x13, 0x06, 0x06, 0x23,
    0x02, 0x34, 0xFE, 0xCC, 0xA1, 0xAF, 0x01, 0x4D, 0xEB, 0x5C, 0xD0, 0x5E, 0x37, 0x4A, 0xC2, 0x59,
    0xAE, 0xF7, 0x81, 0x7C, 0xEE, 0xA8, 0x51, 0x98, 0x3B, 0xFE, 0x94, 0x02, 0x14, 0x01, 0x66, 0xFB,
    0x7F, 0x16, 0xAA, 0x01, 0x44, 0xE4, 0xF0, 0x01, 0x55, 0xB2, 0x1B, 0x13, 0x94, 0x0D, 0x18, 0x8B,
    0xFE, 0xF7, 0xBB, 0xB9, 0xFE, 0xFA, 0x89, 0x23, 0x20, 0x01, 0x88, 0x98, 0xFD, 0x82, 0x3A, 0x40,
    0x00, 0x02, 0x00, 0x5F, 0xFF, 0xEA, 0x04, 0xED, 0x06, 0xEA, 0x00, 0x0D, 0x00, 0x2F, 0x00, 0x00,
    0x00, 0x26, 0x27, 0x33, 0x16, 0x16, 0x33, 0x32, 0x36, 0x37, 0x33, 0x06, 0x06, 0x23, 0x02, 0x24,
    0x02, 0x35, 0x34, 0x12, 0x24, 0x33, 0x32, 0x16, 0x17, 0x07, 0x26, 0x26, 0x23, 0x22, 0x06, 0x02,
    0x15, 0x14, 0x12, 0x16, 0x33, 0x32, 0x36, 0x37, 0x11, 0x21, 0x35, 0x21, 0x13, 0x06, 0x06, 0x23,
    0x02, 0x86, 0x98, 0x06, 0xA0, 0x05, 0x45, 0x3A, 0x38, 0x48, 0x07, 0xA2, 0x0B, 0x9D, 0x83, 0xD6,
    0xFE, 0xCC, 0xA1, 0xAF, 0x01, 0x4D, 0xEB, 0x5C, 0xD0, 0x5E, 0x37, 0x4A, 0xC2, 0x59, 0xAE, 0xF7,
    0x81, 0x7C, 0xEE, 0xA8, 0x51, 0x98, 0x3B, 0xFE, 0x94, 0x02, 0x14, 0x01, 0x66, 0xFB, 0x7F, 0x06,
    0x16, 0x6F, 0x65, 0x29, 0x2C, 0x2D, 0x28, 0x65, 0x6F, 0xF9, 0xD4, 0xAA, 0x01, 0x44, 0xE4, 0xF0,
    0x01, 0x55, 0xB2, 0x1B, 0x13, 0x94, 0x0D, 0x18, 0x8B, 0xFE, 0xF7, 0xBB, 0xB9, 0xFE, 0xFA, 0x89,
    0x23, 0x20, 0x01, 0x88, 0x98, 0xFD, 0x82, 0x3A, 0x40, 0x00, 0x00, 0x00, 0x00, 0x02, 0x00, 0x5F,
    0xFE, 0x23, 0x04, 0xED, 0x05, 0xB3, 0x00, 0x21, 0x00, 0x29, 0x00, 0x00, 0x04, 0x24, 0x02, 0x35,
    0x34, 0x12, 0x24, 0x33, 0x32, 0x16, 0x17, 0x07, 0x26, 0x26, 0x23, 0x22, 0x06, 0x02, 0x15, 0x14,
    0x12, 0x16, 0x33, 0x32, 0x36, 0x37, 0x11, 0x21, 0x35, 0x21, 0x13, 0x06, 0x06, 0x23, 0x03, 0x36,
    0x36, 0x35, 0x33, 0x14, 0x06, 0x07, 0x02, 0x34, 0xFE, 0xCC, 0xA1, 0xAF, 0x01, 0x4D, 0xEB, 0x5C,
    0xD0, 0x5E, 0x37, 0x4A, 0xC2, 0x59, 0xAE, 0xF7, 0x81, 0x7C, 0xEE, 0xA8, 0x51, 0x98, 0x3B, 0xFE,
    0x94, 0x02, 0x14, 0x01, 0x66, 0xFB, 0x7F, 0xE0, 0x27, 0x1C, 0xA0, 0x3C, 0x32, 0x16, 0xAA, 0x01,
    0x44, 0xE4, 0xF0, 0x01, 0x55, 0xB2, 0x1B, 0x13, 0x94, 0x0D, 0x18, 0x8B, 0xFE, 0xF7, 0xBB, 0xB9,
    0xFE, 0xFA, 0x89, 0x23, 0x20, 0x01, 0x88, 0x98, 0xFD, 0x82, 0x3A, 0x40, 0xFE, 0x7F, 0x55, 0x74,
    0x51, 0x58, 0xC1, 0x47, 0x00, 0x02, 0x00, 0x5F, 0xFF, 0xEA, 0x04, 0xED, 0x07, 0x07, 0x00, 0x0C,
    0x00, 0x2E, 0x00, 0x00, 0x00, 0x26, 0x26, 0x35, 0x34, 0x36, 0x33, 0x32, 0x16, 0x15, 0x14, 0x06,
    0x23, 0x02, 0x24, 0x02, 0x35, 0x34, 0x12, 0x24, 0x33, 0x32, 0x16, 0x17, 0x07, 0x26, 0x26, 0x23,
    0x22, 0x06, 0x02, 0x15, 0x14, 0x12, 0x16, 0x33, 0x32, 0x36, 0x37, 0x11, 0x21, 0x35, 0x21, 0x13,
    0x06, 0x06, 0x23, 0x02, 0xEF, 0x37, 0x21, 0x47, 0x31, 0x32, 0x45, 0x45, 0x32, 0xDB, 0xFE, 0xCC,
    0xA1, 0xAF, 0x01, 0x4D, 0xEB, 0x5C, 0xD0, 0x5E, 0x37, 0x4A, 0xC2, 0x59, 0xAE, 0xF7, 0x81, 0x7C,
    0xEE, 0xA8, 0x51, 0x98, 0x3B, 0xFE, 0x94, 0x02, 0x14, 0x01, 0x66, 0xFB, 0x7F, 0x06, 0x1A, 0x20,
    0x37, 0x21, 0x30, 0x45, 0x43, 0x32, 0x32, 0x46, 0xF9, 0xD0, 0xAA, 0x01, 0x44, 0xE4, 0xF0, 0x01,
    0x55, 0xB2, 0x1B, 0x13, 0x94, 0x0D, 0x18, 0x8B, 0xFE, 0xF7, 0xBB, 0xB9, 0xFE, 0xFA, 0x89, 0x23,
    0x20, 0x01, 0x88, 0x98, 0xFD, 0x82, 0x3A, 0x40, 0x00, 0x01, 0x00, 0xBC, 0x00, 0x00, 0x04, 0xF2,
    0x05, 0x9A, 0x00, 0x0B, 0x00, 0x00, 0x13, 0x33, 0x11, 0x21, 0x11, 0x33, 0x11, 0x23, 0x11, 0x21,
    0x11, 0x23, 0xBC, 0xA8, 0x02, 0xE6, 0xA8, 0xA8, 0xFD, 0x1A, 0xA8, 0x05, 0x9A, 0xFD, 0x77, 0x02,
    0x89, 0xFA, 0x66, 0x02, 0x7A, 0xFD, 0x86, 0x00, 0x00, 0x02, 0x00, 0x1C, 0x00, 0x00, 0x05, 0x92,
    0x05, 0x9A, 0x00, 0x13, 0x00, 0x17, 0x00, 0x00, 0x01, 0x23, 0x11, 0x23, 0x11, 0x21, 0x11, 0x23,
    0x11, 0x23, 0x35, 0x33, 0x11, 0x33, 0x11, 0x21, 0x11, 0x33, 0x11, 0x33, 0x05, 0x21, 0x15, 0x21,
    0x05, 0x92, 0xA0, 0xA8, 0xFD, 0x1A, 0xA8, 0xA0, 0xA0, 0xA8, 0x02, 0xE6, 0xA8, 0xA0, 0xFE, 0xB8,
    0xFD, 0x1A, 0x02, 0xE6, 0x03, 0xE6, 0xFC, 0x1A, 0x02, 0x7A, 0xFD, 0x86, 0x03, 0xE6, 0x98, 0x01,
    0x1C, 0xFE, 0xE4, 0x01, 0x1C, 0xFE, 0xE4, 0x98, 0xD5, 0x00, 0x00, 0x00, 0x00, 0x01, 0x00, 0xBC,
    0x00, 0x00, 0x01, 0x64, 0x05, 0x9A, 0x00, 0x03, 0x00, 0x00, 0x13, 0x33, 0x11, 0x23, 0xBC, 0xA8,
    0xA8, 0x05, 0x9A, 0xFA, 0x66, 0x00, 0x00, 0x00, 0xFF, 0xFF, 0x00, 0xBC, 0xFE, 0x1E, 0x04, 0x4C,
    0x05, 0x9A, 0x00, 0x22, 0x00, 0x27, 0x00, 0x00, 0x00, 0x03, 0x00, 0x30, 0x02, 0x21, 0x00, 0x00,
    0x00, 0x02, 0x00, 0xBB, 0x00, 0x00, 0x02, 0x72, 0x07, 0x04, 0x00, 0x03, 0x00, 0x07, 0x00, 0x00,
    0x01, 0x33, 0x05, 0x23, 0x17, 0x33, 0x11, 0x23, 0x01, 0x9A, 0xD8, 0xFE, 0xFA, 0xB1, 0x01, 0xA8,
    0xA8, 0x07, 0x04, 0xC6, 0xA4, 0xFA, 0x66, 0x00, 0x00, 0x02, 0xFF, 0xC8, 0x00, 0x00, 0x02, 0x74,
    0x07, 0x08, 0x00, 0x06, 0x00, 0x0A, 0x00, 0x00, 0x13, 0x33, 0x05, 0x23, 0x27, 0x07, 0x23, 0x17,
    0x33, 0x11, 0x23, 0xDB, 0x85, 0x01, 0x14, 0xC0, 0x9A, 0x9B, 0xB7, 0xF4, 0xA8, 0xA8, 0x07, 0x08,
    0xEA, 0x79, 0x79, 0x84, 0xFA, 0x66, 0x00, 0x00, 0x00, 0x03, 0xFF, 0xD8, 0x00, 0x00, 0x02, 0x49,
    0x06, 0xFA, 0x00, 0x0D, 0x00, 0x19, 0x00, 0x1D, 0x00, 0x00, 0x12, 0x26, 0x26, 0x35, 0x34, 0x36,
    0x33, 0x32, 0x16, 0x15, 0x14, 0x06, 0x06, 0x23, 0x20, 0x26, 0x35, 0x34, 0x36, 0x33, 0x32, 0x16,
    0x15, 0x14, 0x06, 0x23, 0x05, 0x33, 0x11, 0x23, 0x31, 0x38, 0x21, 0x45, 0x32, 0x32, 0x48, 0x21,
    0x36, 0x20, 0x01, 0x4F, 0x46, 0x44, 0x31, 0x32, 0x47, 0x44, 0x33, 0xFE, 0xEA, 0xA8, 0xA8, 0x06,
    0x0B, 0x21, 0x37, 0x20, 0x33, 0x44, 0x45, 0x32, 0x20, 0x38, 0x20, 0x45, 0x33, 0x33, 0x44, 0x45,
    0x32, 0x32, 0x46, 0x71, 0xFA, 0x66, 0x00, 0x00, 0x00, 0x02, 0x00, 0x99, 0x00, 0x00, 0x01, 0x88,
    0x07, 0x07, 0x00, 0x0C, 0x00, 0x10, 0x00, 0x00, 0x12, 0x26, 0x26, 0x35, 0x34, 0x36, 0x33, 0x32,
    0x16, 0x15, 0x14, 0x06, 0x23, 0x07, 0x33, 0x11, 0x23, 0xF1, 0x37, 0x21, 0x47, 0x31, 0x32, 0x45,
    0x45, 0x32, 0x55, 0xA8, 0xA8, 0x06, 0x1A, 0x20, 0x37, 0x21, 0x30, 0x45, 0x43, 0x32, 0x32, 0x46,
    0x80, 0xFA, 0x66, 0x00, 0x00, 0x02, 0xFF, 0xD1, 0x00, 0x00, 0x01, 0x64, 0x07, 0x02, 0x00, 0x03,
    0x00, 0x07, 0x00, 0x00, 0x03, 0x33, 0x17, 0x23, 0x07, 0x33, 0x11, 0x23, 0x2F, 0xC6, 0xC9, 0x9D,
    0x07, 0xA8, 0xA8, 0x07, 0x02, 0xE4, 0x84, 0xFA, 0x66, 0x00, 0x00, 0x00, 0x00, 0x02, 0xFF, 0xD6,
    0x00, 0x00, 0x02, 0x4C, 0x06, 0xAD, 0x00, 0x03, 0x00, 0x07, 0x00, 0x00, 0x03, 0x21, 0x15, 0x21,
    0x17, 0x33, 0x11, 0x23, 0x2A, 0x02, 0x76, 0xFD, 0x8A, 0xE6, 0xA8, 0xA8, 0x06, 0xAD, 0x8C, 0x87,
    0xFA, 0x66, 0x00, 0x00, 0x00, 0x01, 0x00, 0x6E, 0xFE, 0x70, 0x01, 0xAE, 0x05, 0x9A, 0x00, 0x15,
    0x00, 0x00, 0x01, 0x06, 0x23, 0x22, 0x35, 0x34, 0x36, 0x36, 0x37, 0x23, 0x11, 0x33, 0x11, 0x33,
    0x0E, 0x02, 0x15, 0x14, 0x33, 0x32, 0x37, 0x01, 0xAE, 0x13, 0x5D, 0xD0, 0x3B, 0x56, 0x25, 0x68,
    0xA8, 0x3C, 0x35, 0x4D, 0x28, 0x62, 0x31, 0x15, 0xFE, 0x7D, 0x0D, 0xA0, 0x31, 0x65, 0x4C, 0x0E,
    0x05, 0x9A, 0xFA, 0x66, 0x0F, 0x47, 0x51, 0x1A, 0x54, 0x07, 0x00, 0x00, 0x00, 0x01, 0x00, 0x45,
    0xFE, 0x1E, 0x02, 0x2B, 0x05, 0x9A, 0x00, 0x0A, 0x00, 0x00, 0x13, 0x3E, 0x02, 0x35, 0x11, 0x33,
    0x11, 0x14, 0x06, 0x07, 0x45, 0x6E, 0x86, 0x4E, 0xA4, 0xF9, 0xD8, 0xFE, 0xB4, 0x0D, 0x31, 0x7C,
    0x75, 0x05, 0xB7, 0xFA, 0x52, 0xEE, 0xD5, 0x0B, 0x00, 0x01, 0x00, 0xBC, 0x00, 0x00, 0x04, 0x9B,
    0x05, 0xCC, 0x00, 0x0D, 0x00, 0x00, 0x01, 0x03, 0x11, 0x23, 0x11, 0x33, 0x11, 0x36, 0x37, 0x01,
    0x17, 0x01, 0x01, 0x23, 0x02, 0x4D, 0xE9, 0xA8, 0xA8, 0x44, 0x23, 0x02, 0x0D, 0xB9, 0xFE, 0x38,
    0x01, 0xD2, 0xC9, 0x02, 0xED, 0xFE, 0xE4, 0xFE, 0x2F, 0x05, 0x9A, 0xFD, 0x37, 0x54, 0x2A, 0x02,
    0x7D, 0x19, 0xFD, 0xD3, 0xFC, 0x7A, 0x00, 0x00, 0x00, 0x02, 0x00, 0xBC, 0xFE, 0x23, 0x04, 0x9B,
    0x05, 0xCC, 0x00, 0x0D, 0x00, 0x15, 0x00, 0x00, 0x21, 0x23, 0x01, 0x03, 0x11, 0x23, 0x11, 0x33,
    0x11, 0x36, 0x37, 0x01, 0x17, 0x01, 0x02, 0x36, 0x35, 0x33, 0x14, 0x06, 0x07, 0x27, 0x04, 0x9B,
    0xC9, 0xFE, 0x7B, 0xE9, 0xA8, 0xA8, 0x44, 0x23, 0x02, 0x0D, 0xB9, 0xFE, 0x38, 0xE2, 0x1C, 0xA0,
    0x3C, 0x32, 0x75, 0x02, 0xED, 0xFE, 0xE4, 0xFE, 0x2F, 0x05, 0x9A, 0xFD, 0x37, 0x54, 0x2A, 0x02,
    0x7D, 0x19, 0xFD, 0xD3, 0xFB, 0x38, 0x74, 0x51, 0x58, 0xC1, 0x47, 0x46, 0x00, 0x01, 0x00, 0xBC,
    0x00, 0x00, 0x03, 0xA4, 0x05, 0x9A, 0x00, 0x05, 0x00, 0x00, 0x13, 0x33, 0x11, 0x21, 0x15, 0x21,
    0xBC, 0xA8, 0x02, 0x40, 0xFD, 0x18, 0x05, 0x9A, 0xFA, 0xFE, 0x98, 0x00, 0x00, 0x02, 0x00, 0xBA,
    0x00, 0x00, 0x03, 0xA4, 0x06, 0xFA, 0x00, 0x03, 0x00, 0x09, 0x00, 0x00, 0x01, 0x33, 0x05, 0x23,
    0x17, 0x33, 0x11, 0x21, 0x15, 0x21, 0x01, 0x99, 0xD8, 0xFE, 0xFA, 0xB1, 0x02, 0xA8, 0x02, 0x40,
    0xFD, 0x18, 0x06, 0xFA, 0xC6, 0x9A, 0xFA, 0xFE, 0x98, 0x00, 0x00, 0x00, 0xFF, 0xFF, 0x00, 0xBC,
    0x00, 0x00, 0x04, 0x1B, 0x07, 0xB8, 0x00, 0x22, 0x00, 0x33, 0x00, 0x00, 0x00, 0x03, 0x01, 0x51,
    0x04, 0x46, 0x01, 0xCC, 0x00, 0x02, 0x00, 0xBC, 0xFE, 0x23, 0x03, 0xA4, 0x05, 0x9A, 0x00, 0x05,
    0x00, 0x0D, 0x00, 0x00, 0x13, 0x33, 0x11, 0x21, 0x15, 0x21, 0x13, 0x36, 0x36, 0x35, 0x33, 0x14,
    0x06, 0x07, 0xBC, 0xA8, 0x02, 0x40, 0xFD, 0x18, 0x94, 0x27, 0x1C, 0xA0, 0x3C, 0x32, 0x05, 0x9A,
    0xFA, 0xFE, 0x98, 0xFE, 0x69, 0x55, 0x74, 0x51, 0x58, 0xC1, 0x47, 0x00, 0xFF, 0xFF, 0x00, 0xBC,
    0x00, 0x00, 0x03, 0xA4, 0x05, 0x9A, 0x00, 0x22, 0x00, 0x33, 0x00, 0x00, 0x00, 0x03, 0x00, 0xFB,
    0x01, 0xF2, 0x00, 0x83, 0x00, 0x01, 0x00, 0x21, 0x00, 0x00, 0x03, 0xA4, 0x05, 0x9A, 0x00, 0x0D,
    0x00, 0x00, 0x25, 0x15, 0x21, 0x11, 0x07, 0x35, 0x37, 0x11, 0x33, 0x11, 0x25, 0x15, 0x05, 0x11,
    0x03, 0xA4, 0xFD, 0x18, 0x9B, 0x9B, 0xA8, 0x01, 0x48, 0xFE, 0xB8, 0x98, 0x98, 0x02, 0x22, 0x60,
    0x98, 0x60, 0x02, 0xE0, 0xFD, 0x88, 0xCC, 0x9A, 0xCB, 0xFE, 0x0F, 0x00, 0x00, 0x01, 0x00, 0xBC,
    0x00, 0x00, 0x06, 0x72, 0x05, 0x9A, 0x00, 0x1E, 0x00, 0x00, 0x13, 0x33, 0x01, 0x16, 0x16, 0x17,
    0x33, 0x37, 0x36, 0x37, 0x01, 0x33, 0x11, 0x23, 0x11, 0x34, 0x37, 0x23, 0x06, 0x06, 0x07, 0x01,
    0x23, 0x01, 0x26, 0x27, 0x23, 0x16, 0x15, 0x11, 0x23, 0xBC, 0xDE, 0x01, 0xB8, 0x10, 0x2A, 0x08,
    0x06, 0x10, 0x24, 0x11, 0x01, 0xC1, 0xD2, 0xA4, 0x0B, 0x04, 0x09, 0x13, 0x10, 0xFE, 0x16, 0x52,
    0xFE, 0x17, 0x1B, 0x0F, 0x04, 0x05, 0x9F, 0x05, 0x9A, 0xFC, 0x1F, 0x26, 0x72, 0x1E, 0x2B, 0x67,
    0x26, 0x03, 0xDF, 0xFA, 0x66, 0x03, 0x9B, 0xC3, 0x73, 0x24, 0x36, 0x27, 0xFB, 0xB0, 0x04, 0x48,
    0x35, 0x41, 0x3F, 0xF9, 0xFC, 0x7A, 0x00, 0x00, 0x00, 0x01, 0x00, 0xBC, 0x00, 0x00, 0x05, 0x41,
    0x05, 0x9B, 0x00, 0x17, 0x00, 0x00, 0x13, 0x33, 0x01, 0x16, 0x16, 0x17, 0x33, 0x26, 0x26, 0x35,
    0x11, 0x33, 0x13, 0x23, 0x01, 0x26, 0x26, 0x27, 0x23, 0x16, 0x16, 0x15, 0x11, 0x23, 0xBC, 0xDA,
    0x02, 0xCE, 0x0C, 0x27, 0x0A, 0x04, 0x05, 0x06, 0xA6, 0x01, 0xCE, 0xFD, 0x21, 0x0C, 0x1E, 0x0A,
    0x06, 0x04, 0x04, 0xA6, 0x05, 0x9B, 0xFB, 0x9B, 0x14, 0x4B, 0x15, 0x25, 0x86, 0x3B, 0x03, 0xF2,
    0xFA, 0x66, 0x04, 0x79, 0x12, 0x42, 0x1A, 0x15, 0x87, 0x3E, 0xFB, 0xF3, 0x00, 0x02, 0x00, 0xBC,
    0x00, 0x00, 0x05, 0x41, 0x07, 0x04, 0x00, 0x03, 0x00, 0x1B, 0x00, 0x00, 0x01, 0x33, 0x05, 0x23,
    0x05, 0x33, 0x01, 0x16, 0x16, 0x17, 0x33, 0x26, 0x26, 0x35, 0x11, 0x33, 0x13, 0x23, 0x01, 0x26,
    0x26, 0x27, 0x23, 0x16, 0x16, 0x15, 0x11, 0x23, 0x03, 0x87, 0xD8, 0xFE, 0xFA, 0xB1, 0xFE, 0x14,
    0xDA, 0x02, 0xCE, 0x0C, 0x27, 0x0A, 0x04, 0x05, 0x06, 0xA6, 0x01, 0xCE, 0xFD, 0x21, 0x0C, 0x1E,
    0x0A, 0x06, 0x04, 0x04, 0xA6, 0x07, 0x04, 0xC6, 0xA3, 0xFB, 0x9B, 0x14, 0x4B, 0x15, 0x25, 0x86,
    0x3B, 0x03, 0xF2, 0xFA, 0x66, 0x04, 0x79, 0x12, 0x42, 0x1A, 0x15, 0x87, 0x3E, 0xFB, 0xF3, 0x00,
    0x00, 0x02, 0x00, 0xBC, 0x00, 0x00, 0x05, 0x41, 0x07, 0x0A, 0x00, 0x06, 0x00, 0x1E, 0x00, 0x00,
    0x01, 0x33, 0x17, 0x37, 0x33, 0x05, 0x23, 0x05, 0x33, 0x01, 0x16, 0x16, 0x17, 0x33, 0x26, 0x26,
    0x35, 0x11, 0x33, 0x13, 0x23, 0x01, 0x26, 0x26, 0x27, 0x23, 0x16, 0x16, 0x15, 0x11, 0x23, 0x01,
    0xA9, 0xAF, 0xA4, 0xA4, 0xB3, 0xFE, 0xEE, 0x84, 0xFD, 0xFF, 0xDA, 0x02, 0xCE, 0x0C, 0x27, 0x0A,
    0x04, 0x05, 0x06, 0xA6, 0x01, 0xCE, 0xFD, 0x21, 0x0C, 0x1E, 0x0A, 0x06, 0x04, 0x04, 0xA6, 0x07,
    0x0A, 0x86, 0x86, 0xEB, 0x84, 0xFB, 0x9B, 0x14, 0x4B, 0x15, 0x25, 0x86, 0x3B, 0x03, 0xF2, 0xFA,
    0x66, 0x04, 0x79, 0x12, 0x42, 0x1A, 0x15, 0x87, 0x3E, 0xFB, 0xF3, 0x00, 0x00, 0x02, 0x00, 0xBC,
    0xFE, 0x23, 0x05, 0x41, 0x05, 0x9B, 0x00, 0x17, 0x00, 0x1F, 0x00, 0x00, 0x13, 0x33, 0x01, 0x16,
    0x16, 0x17, 0x33, 0x26, 0x26, 0x35, 0x11, 0x33, 0x13, 0x23, 0x01, 0x26, 0x26, 0x27, 0x23, 0x16,
    0x16, 0x15, 0x11, 0x23, 0x01, 0x36, 0x36, 0x35, 0x33, 0x14, 0x06, 0x07, 0xBC, 0xDA, 0x02, 0xCE,
    0x0C, 0x27, 0x0A, 0x04, 0x05, 0x06, 0xA6, 0x01, 0xCE, 0xFD, 0x21, 0x0C, 0x1E, 0x0A, 0x06, 0x04,
    0x04, 0xA6, 0x01, 0xB0, 0x27, 0x1C, 0xA0, 0x3C, 0x32, 0x05, 0x9B, 0xFB, 0x9B, 0x14, 0x4B, 0x15,
    0x25, 0x86, 0x3B, 0x03, 0xF2, 0xFA, 0x66, 0x04, 0x79, 0x12, 0x42, 0x1A, 0x15, 0x87, 0x3E, 0xFB,
    0xF3, 0xFE, 0x69, 0x55, 0x74, 0x51, 0x58, 0xC1, 0x47, 0x00, 0x00, 0x00, 0x00, 0x01, 0x00, 0xBC,
    0xFE, 0x1E, 0x05, 0x41, 0x05, 0x9B, 0x00, 0x1F, 0x00, 0x00, 0x25, 0x15, 0x14, 0x06, 0x07, 0x27,
    0x3E, 0x02, 0x37, 0x01, 0x26, 0x27, 0x23, 0x16, 0x16, 0x15, 0x11, 0x23, 0x11, 0x33, 0x01, 0x16,
    0x16, 0x17, 0x33, 0x26, 0x26, 0x35, 0x11, 0x33, 0x13, 0x05, 0x41, 0xFD, 0xD7, 0x15, 0x77, 0x87,
    0x3E, 0x05, 0xFC, 0xFB, 0x17, 0x1D, 0x06, 0x04, 0x04, 0xA6, 0xDA, 0x02, 0xCE, 0x0D, 0x26, 0x0A,
    0x04, 0x05, 0x06, 0xA6, 0x01, 0x01, 0x01, 0xF2, 0xE5, 0x0B, 0xA0, 0x10, 0x4B, 0x83, 0x6A, 0x04,
    0x73, 0x21, 0x4D, 0x15, 0x87, 0x3E, 0xFB, 0xF3, 0x05, 0x9B, 0xFB, 0xD7, 0x13, 0x4C, 0x15, 0x25,
    0x86, 0x3B, 0x03, 0xB6, 0xFA, 0xD8, 0x00, 0x00, 0x00, 0x02, 0x00, 0xBC, 0x00, 0x00, 0x05, 0x41,
    0x07, 0x1A, 0x00, 0x18, 0x00, 0x30, 0x00, 0x00, 0x00, 0x26, 0x27, 0x26, 0x26, 0x23, 0x22, 0x15,
    0x23, 0x34, 0x36, 0x33, 0x32, 0x16, 0x17, 0x16, 0x16, 0x33, 0x32, 0x35, 0x33, 0x14, 0x06, 0x06,
    0x23, 0x05, 0x33, 0x01, 0x16, 0x16, 0x17, 0x33, 0x26, 0x26, 0x35, 0x11, 0x33, 0x13, 0x23, 0x01,
    0x26, 0x26, 0x27, 0x23, 0x16, 0x16, 0x15, 0x11, 0x23, 0x03, 0x68, 0x44, 0x33, 0x2A, 0x39, 0x1B,
    0x44, 0x72, 0x61, 0x55, 0x24, 0x3C, 0x2C, 0x28, 0x38, 0x1F, 0x4A, 0x76, 0x2C, 0x50, 0x36, 0xFD,
    0x30, 0xDA, 0x02, 0xCE, 0x0C, 0x27, 0x0A, 0x04, 0x05, 0x06, 0xA6, 0x01, 0xCE, 0xFD, 0x21, 0x0C,
    0x1E, 0x0A, 0x06, 0x04, 0x04, 0xA6, 0x06, 0x27, 0x1B, 0x1B, 0x17, 0x17, 0x5D, 0x6C, 0x80, 0x1A,
    0x1A, 0x19, 0x18, 0x60, 0x46, 0x6C, 0x3C, 0x8C, 0xFB, 0x9B, 0x14, 0x4B, 0x15, 0x25, 0x86, 0x3B,
    0x03, 0xF2, 0xFA, 0x66, 0x04, 0x79, 0x12, 0x42, 0x1A, 0x15, 0x87, 0x3E, 0xFB, 0xF3, 0x00, 0x00,
    0x00, 0x02, 0x00, 0x5C, 0xFF, 0xE7, 0x05, 0xA9, 0x05, 0xB1, 0x00, 0x0F, 0x00, 0x1F, 0x00, 0x00,
    0x04, 0x24, 0x02, 0x35, 0x34, 0x12, 0x24, 0x33, 0x32, 0x04, 0x12, 0x07, 0x14, 0x02, 0x04, 0x23,
    0x36, 0x36, 0x12, 0x27, 0x34, 0x02, 0x26, 0x23, 0x22, 0x06, 0x02, 0x15, 0x14, 0x12, 0x16, 0x33,
    0x02, 0x34, 0xFE, 0xCC, 0xA4, 0xA4, 0x01, 0x34, 0xCE, 0xD1, 0x01, 0x34, 0xA2, 0x02, 0xA2, 0xFE,
    0xCE, 0xD1, 0x9D, 0xDD, 0x71, 0x01, 0x71, 0xDC, 0x9D, 0x9E, 0xDE, 0x72, 0x72, 0xDE, 0x9E, 0x19,
    0xBF, 0x01, 0x4F, 0xD3, 0xD5, 0x01, 0x52, 0xC2, 0xC1, 0xFE, 0xAD, 0xD5, 0xD4, 0xFE, 0xB1, 0xBE,
    0xA0, 0x8E, 0x01, 0x04, 0xAF, 0xB1, 0x01, 0x07, 0x90, 0x90, 0xFE, 0xF9, 0xB1, 0xAF, 0xFE, 0xFC,
    0x8E, 0x00, 0x00, 0x00, 0x00, 0x03, 0x00, 0x5C, 0xFF, 0xE7, 0x05, 0xA9, 0x07, 0x04, 0x00, 0x03,
    0x00, 0x13, 0x00, 0x23, 0x00, 0x00, 0x01, 0x33, 0x05, 0x23, 0x02, 0x24, 0x02, 0x35, 0x34, 0x12,
    0x24, 0x33, 0x32, 0x04, 0x12, 0x07, 0x14, 0x02, 0x04, 0x23, 0x36, 0x36, 0x12, 0x27, 0x34, 0x02,
    0x26, 0x23, 0x22, 0x06, 0x02, 0x15, 0x14, 0x12, 0x16, 0x33, 0x03, 0x8D, 0xD8, 0xFE, 0xFA, 0xB1,
    0x7A, 0xFE, 0xCC, 0xA4, 0xA4, 0x01, 0x34, 0xCE, 0xD1, 0x01, 0x34, 0xA2, 0x02, 0xA2, 0xFE, 0xCE,
    0xD1, 0x9D, 0xDD, 0x71, 0x01, 0x71, 0xDC, 0x9D, 0x9E, 0xDE, 0x72, 0x72, 0xDE, 0x9E, 0x07, 0x04,
    0xC6, 0xF9, 0xA9, 0xBF, 0x01, 0x4F, 0xD3, 0xD5, 0x01, 0x52, 0xC2, 0xC1, 0xFE, 0xAD, 0xD5, 0xD4,
    0xFE, 0xB1, 0xBE, 0xA0, 0x8E, 0x01, 0x04, 0xAF, 0xB1, 0x01, 0x07, 0x90, 0x90, 0xFE, 0xF9, 0xB1,
    0xAF, 0xFE, 0xFC, 0x8E, 0x00, 0x03, 0x00, 0x5C, 0xFF, 0xE7, 0x05, 0xA9, 0x07, 0x08, 0x00, 0x06,
    0x00, 0x16, 0x00, 0x26, 0x00, 0x00, 0x01, 0x33, 0x05, 0x23, 0x27, 0x07, 0x23, 0x12, 0x24, 0x02,
    0x35, 0x34, 0x12, 0x24, 0x33, 0x32, 0x04, 0x12, 0x07, 0x14, 0x02, 0x04, 0x23, 0x36, 0x36, 0x12,
    0x27, 0x34, 0x02, 0x26, 0x23, 0x22, 0x06, 0x02, 0x15, 0x14, 0x12, 0x16, 0x33, 0x02, 0xCE, 0x85,
    0x01, 0x14, 0xC0, 0x9A, 0x9B, 0xB7, 0x79, 0xFE, 0xCC, 0xA4, 0xA4, 0x01, 0x34, 0xCE, 0xD1, 0x01,
    0x34, 0xA2, 0x02, 0xA2, 0xFE, 0xCE, 0xD1, 0x9D, 0xDD, 0x71, 0x01, 0x71, 0xDC, 0x9D, 0x9E, 0xDE,
    0x72, 0x72, 0xDE, 0x9E, 0x07, 0x08, 0xEA, 0x79, 0x79, 0xF9, 0xC9, 0xBF, 0x01, 0x4F, 0xD3, 0xD5,
    0x01, 0x52, 0xC2, 0xC1, 0xFE, 0xAD, 0xD5, 0xD4, 0xFE, 0xB1, 0xBE, 0xA0, 0x8E, 0x01, 0x04, 0xAF,
    0xB1, 0x01, 0x07, 0x90, 0x90, 0xFE, 0xF9, 0xB1, 0xAF, 0xFE, 0xFC, 0x8E, 0x00, 0x04, 0x00, 0x5C,
    0xFF, 0xE7, 0x05, 0xA9, 0x06, 0xFA, 0x00, 0x0D, 0x00, 0x19, 0x00, 0x29, 0x00, 0x39, 0x00, 0x00,
    0x00, 0x26, 0x26, 0x35, 0x34, 0x36, 0x33, 0x32, 0x16, 0x15, 0x14, 0x06, 0x06, 0x23, 0x20, 0x26,
    0x35, 0x34, 0x36, 0x33, 0x32, 0x16, 0x15, 0x14, 0x06, 0x23, 0x00, 0x24, 0x02, 0x35, 0x34, 0x12,
    0x24, 0x33, 0x32, 0x04, 0x12, 0x07, 0x14, 0x02, 0x04, 0x23, 0x36, 0x36, 0x12, 0x27, 0x34, 0x02,
    0x26, 0x23, 0x22, 0x06, 0x02, 0x15, 0x14, 0x12, 0x16, 0x33, 0x02, 0x24, 0x38, 0x21, 0x45, 0x32,
    0x32, 0x48, 0x21, 0x36, 0x20, 0x01, 0x4F, 0x46, 0x44, 0x31, 0x32, 0x47, 0x44, 0x33, 0xFE, 0x6F,
    0xFE, 0xCC, 0xA4, 0xA4, 0x01, 0x34, 0xCE, 0xD1, 0x01, 0x34, 0xA2, 0x02, 0xA2, 0xFE, 0xCE, 0xD1,
    0x9D, 0xDD, 0x71, 0x01, 0x71, 0xDC, 0x9D, 0x9E, 0xDE, 0x72, 0x72, 0xDE, 0x9E, 0x06, 0x0B, 0x21,
    0x37, 0x20, 0x33, 0x44, 0x45, 0x32, 0x20, 0x38, 0x20, 0x45, 0x33, 0x33, 0x44, 0x45, 0x32, 0x32,
    0x46, 0xF9, 0xDC, 0xBF, 0x01, 0x4F, 0xD3, 0xD5, 0x01, 0x52, 0xC2, 0xC1, 0xFE, 0xAD, 0xD5, 0xD4,
    0xFE, 0xB1, 0xBE, 0xA0, 0x8E, 0x01, 0x04, 0xAF, 0xB1, 0x01, 0x07, 0x90, 0x90, 0xFE, 0xF9, 0xB1,
    0xAF, 0xFE, 0xFC, 0x8E, 0x00, 0x03, 0x00, 0x5C, 0xFF, 0xE7, 0x05, 0xA9, 0x07, 0x02, 0x00, 0x03,
    0x00, 0x13, 0x00, 0x23, 0x00, 0x00, 0x01, 0x33, 0x17, 0x23, 0x02, 0x24, 0x02, 0x35, 0x34, 0x12,
    0x24, 0x33, 0x32, 0x04, 0x12, 0x07, 0x14, 0x02, 0x04, 0x23, 0x36, 0x36, 0x12, 0x27, 0x34, 0x02,
    0x26, 0x23, 0x22, 0x06, 0x02, 0x15, 0x14, 0x12, 0x16, 0x33, 0x01, 0xC4, 0xC6, 0xC9, 0x9D, 0x82,
    0xFE, 0xCC, 0xA4, 0xA4, 0x01, 0x34, 0xCE, 0xD1, 0x01, 0x34, 0xA2, 0x02, 0xA2, 0xFE, 0xCE, 0xD1,
    0x9D, 0xDD, 0x71, 0x01, 0x71, 0xDC, 0x9D, 0x9E, 0xDE, 0x72, 0x72, 0xDE, 0x9E, 0x07, 0x02, 0xE4,
    0xF9, 0xC9, 0xBF, 0x01, 0x4F, 0xD3, 0xD5, 0x01, 0x52, 0xC2, 0xC1, 0xFE, 0xAD, 0xD5, 0xD4, 0xFE,
    0xB1, 0xBE, 0xA0, 0x8E, 0x01, 0x04, 0xAF, 0xB1, 0x01, 0x07, 0x90, 0x90, 0xFE, 0xF9, 0xB1, 0xAF,
    0xFE, 0xFC, 0x8E, 0x00, 0x00, 0x04, 0x00, 0x5C, 0xFF, 0xE7, 0x05, 0xA9, 0x06, 0xF0, 0x00, 0x03,
    0x00, 0x07, 0x00, 0x17, 0x00, 0x27, 0x00, 0x00, 0x01, 0x33, 0x07, 0x23, 0x25, 0x33, 0x07, 0x23,
    0x00, 0x24, 0x02, 0x35, 0x34, 0x12, 0x24, 0x33, 0x32, 0x04, 0x12, 0x07, 0x14, 0x02, 0x04, 0x23,
    0x36, 0x36, 0x12, 0x27, 0x34, 0x02, 0x26, 0x23, 0x22, 0x06, 0x02, 0x15, 0x14, 0x12, 0x16, 0x33,
    0x02, 0xD6, 0xB4, 0xDC, 0x92, 0x01, 0xE0, 0xB7, 0xE1, 0x93, 0xFE, 0xF5, 0xFE, 0xCC, 0xA4, 0xA4,
    0x01, 0x34, 0xCE, 0xD1, 0x01, 0x34, 0xA2, 0x02, 0xA2, 0xFE, 0xCE, 0xD1, 0x9D, 0xDD, 0x71, 0x01,
    0x71, 0xDC, 0x9D, 0x9E, 0xDE, 0x72, 0x72, 0xDE, 0x9E, 0x06, 0xF0, 0xD0, 0xD0, 0xD0, 0xF9, 0xC7,
    0xBF, 0x01, 0x4F, 0xD3, 0xD5, 0x01, 0x52, 0xC2, 0xC1, 0xFE, 0xAD, 0xD5, 0xD4, 0xFE, 0xB1, 0xBE,
    0xA0, 0x8E, 0x01, 0x04, 0xAF, 0xB1, 0x01, 0x07, 0x90, 0x90, 0xFE, 0xF9, 0xB1, 0xAF, 0xFE, 0xFC,
    0x8E, 0x00, 0x00, 0x00, 0x00, 0x03, 0x00, 0x5C, 0xFF, 0xE7, 0x05, 0xA9, 0x06, 0xAD, 0x00, 0x03,
    0x00, 0x13, 0x00, 0x23, 0x00, 0x00, 0x01, 0x21, 0x15, 0x21, 0x12, 0x24, 0x02, 0x35, 0x34, 0x12,
    0x24, 0x33, 0x32, 0x04, 0x12, 0x07, 0x14, 0x02, 0x04, 0x23, 0x36, 0x36, 0x12, 0x27, 0x34, 0x02,
    0x26, 0x23, 0x22, 0x06, 0x02, 0x15, 0x14, 0x12, 0x16, 0x33, 0x01, 0xC9, 0x02, 0x76, 0xFD, 0x8A,
    0x6B, 0xFE, 0xCC, 0xA4, 0xA4, 0x01, 0x34, 0xCE, 0xD1, 0x01, 0x34, 0xA2, 0x02, 0xA2, 0xFE, 0xCE,
    0xD1, 0x9D, 0xDD, 0x71, 0x01, 0x71, 0xDC, 0x9D, 0x9E, 0xDE, 0x72, 0x72, 0xDE, 0x9E, 0x06, 0xAD,
    0x8C, 0xF9, 0xC6, 0xBF, 0x01, 0x4F, 0xD3, 0xD5, 0x01, 0x52, 0xC2, 0xC1, 0xFE, 0xAD, 0xD5, 0xD4,
    0xFE, 0xB1, 0xBE, 0xA0, 0x8E, 0x01, 0x04, 0xAF, 0xB1, 0x01, 0x07, 0x90, 0x90, 0xFE, 0xF9, 0xB1,
    0xAF, 0xFE, 0xFC, 0x8E, 0x00, 0x03, 0x00, 0x5C, 0xFF, 0xCD, 0x05, 0xA8, 0x05, 0xD3, 0x00, 0x19,
    0x00, 0x22, 0x00, 0x2C, 0x00, 0x00, 0x00, 0x12, 0x07, 0x14, 0x02, 0x04, 0x23, 0x22, 0x26, 0x27,
    0x07, 0x27, 0x37, 0x26, 0x02, 0x35, 0x34, 0x12, 0x24, 0x33, 0x32, 0x16, 0x17, 0x37, 0x17, 0x07,
    0x00, 0x17, 0x01, 0x26, 0x23, 0x22, 0x06, 0x02, 0x15, 0x00, 0x36, 0x12, 0x35, 0x34, 0x26, 0x27,
    0x01, 0x16, 0x33, 0x05, 0x48, 0x60, 0x01, 0xA2, 0xFE, 0xCE, 0xD1, 0x85, 0xE2, 0x56, 0x99, 0x4E,
    0xA1, 0x50, 0x53, 0xA4, 0x01, 0x34, 0xCE, 0x7B, 0xD3, 0x53, 0x8C, 0x4E, 0x91, 0xFC, 0x28, 0x5C,
    0x02, 0xC6, 0x7A, 0xBA, 0x9E, 0xDE, 0x72, 0x02, 0x8A, 0xDD, 0x71, 0x39, 0x38, 0xFD, 0x35, 0x80,
    0xD2, 0x04, 0x82, 0xFE, 0xE9, 0xA3, 0xD4, 0xFE, 0xB1, 0xBE, 0x52, 0x4C, 0xB8, 0x41, 0xC1, 0x61,
    0x01, 0x02, 0x96, 0xD5, 0x01, 0x52, 0xC2, 0x45, 0x41, 0xA8, 0x3F, 0xAE, 0xFD, 0x01, 0x91, 0x03,
    0x53, 0x67, 0x90, 0xFE, 0xF9, 0xB1, 0xFD, 0xBF, 0x8D, 0x01, 0x03, 0xAE, 0x7F, 0xCF, 0x4C, 0xFC,
    0xA6, 0x7E, 0x00, 0x00, 0x00, 0x03, 0x00, 0x5C, 0xFF, 0xE7, 0x05, 0xA9, 0x07, 0x1A, 0x00, 0x18,
    0x00, 0x28, 0x00, 0x38, 0x00, 0x00, 0x00, 0x26, 0x27, 0x26, 0x26, 0x23, 0x22, 0x15, 0x23, 0x34,
    0x36, 0x33, 0x32, 0x16, 0x17, 0x16, 0x16, 0x33, 0x32, 0x35, 0x33, 0x14, 0x06, 0x06, 0x23, 0x00,
    0x24, 0x02, 0x35, 0x34, 0x12, 0x24, 0x33, 0x32, 0x04, 0x12, 0x07, 0x14, 0x02, 0x04, 0x23, 0x36,
    0x36, 0x12, 0x27, 0x34, 0x02, 0x26, 0x23, 0x22, 0x06, 0x02, 0x15, 0x14, 0x12, 0x16, 0x33, 0x03,
    0x6E, 0x44, 0x33, 0x2A, 0x39, 0x1B, 0x44, 0x72, 0x61, 0x55, 0x24, 0x3C, 0x2C, 0x28, 0x38, 0x1F,
    0x4A, 0x76, 0x2C, 0x50, 0x36, 0xFE, 0xA2, 0xFE, 0xCC, 0xA4, 0xA4, 0x01, 0x34, 0xCE, 0xD1, 0x01,
    0x34, 0xA2, 0x02, 0xA2, 0xFE, 0xCE, 0xD1, 0x9D, 0xDD, 0x71, 0x01, 0x71, 0xDC, 0x9D, 0x9E, 0xDE,
    0x72, 0x72, 0xDE, 0x9E, 0x06, 0x27, 0x1B, 0x1B, 0x17, 0x17, 0x5D, 0x6C, 0x80, 0x1A, 0x1A, 0x19,
    0x18, 0x60, 0x46, 0x6C, 0x3C, 0xF9, 0xC0, 0xBF, 0x01, 0x4F, 0xD3, 0xD5, 0x01, 0x52, 0xC2, 0xC1,
    0xFE, 0xAD, 0xD5, 0xD4, 0xFE, 0xB1, 0xBE, 0xA0, 0x8E, 0x01, 0x04, 0xAF, 0xB1, 0x01, 0x07, 0x90,
    0x90, 0xFE, 0xF9, 0xB1, 0xAF, 0xFE, 0xFC, 0x8E, 0x00, 0x02, 0x00, 0x5C, 0xFF, 0xE7, 0x07, 0x12,
    0x05, 0xB1, 0x00, 0x1B, 0x00, 0x28, 0x00, 0x00, 0x25, 0x15, 0x21, 0x22, 0x07, 0x06, 0x23, 0x22,
    0x24, 0x02, 0x35, 0x34, 0x12, 0x24, 0x33, 0x32, 0x16, 0x17, 0x16, 0x33, 0x21, 0x15, 0x21, 0x11,
    0x21, 0x15, 0x21, 0x11, 0x00, 0x12, 0x16, 0x33, 0x32, 0x37, 0x11, 0x26, 0x23, 0x22, 0x06, 0x02,
    0x15, 0x07, 0x12, 0xFD, 0x6E, 0x35, 0x6E, 0x92, 0x5D, 0xC9, 0xFE, 0xD6, 0x9F, 0xB1, 0x01, 0x4A,
    0xDD, 0x2F, 0x67, 0x2E, 0x64, 0x24, 0x02, 0x72, 0xFD, 0xD0, 0x01, 0xF2, 0xFE, 0x0E, 0xFC, 0x52,
    0x6D, 0xD6, 0x97, 0xB1, 0x7B, 0x5F, 0x87, 0xAD, 0xF5, 0x7E, 0x98, 0x98, 0x0B, 0x0E, 0xBF, 0x01,
    0x4E, 0xD4, 0xD5, 0x01, 0x52, 0xC2, 0x08, 0x05, 0x0A, 0x98, 0xFE, 0x23, 0x97, 0xFE, 0x0A, 0x01,
    0x81, 0xFE, 0xFC, 0x8E, 0x1C, 0x04, 0x53, 0x1A, 0x90, 0xFE, 0xF9, 0xB1, 0x00, 0x02, 0x00, 0xBE,
    0x00, 0x00, 0x04, 0x2A, 0x05, 0x9A, 0x00, 0x0C, 0x00, 0x15, 0x00, 0x00, 0x13, 0x21, 0x32, 0x16,
    0x16, 0x15, 0x14, 0x06, 0x06, 0x23, 0x23, 0x11, 0x23, 0x01, 0x32, 0x36, 0x35, 0x34, 0x26, 0x23,
    0x07, 0x11, 0xBE, 0x01, 0x8A, 0x95, 0xD9, 0x74, 0x85, 0xED, 0x97, 0xBB, 0xA8, 0x01, 0x57, 0xA8,
    0xBE, 0xAC, 0xA4, 0xC6, 0x05, 0x9A, 0x62, 0xC0, 0x8A, 0x8D, 0xD2, 0x71, 0xFD, 0xE2, 0x02, 0xB5,
    0x9A, 0x97, 0x93, 0x89, 0x01, 0xFD, 0xB4, 0x00, 0x00, 0x02, 0x00, 0xBE, 0x00, 0x00, 0x04, 0x2A,
    0x05, 0x9A, 0x00, 0x0E, 0x00, 0x17, 0x00, 0x00, 0x00, 0x16, 0x16, 0x15, 0x14, 0x06, 0x06, 0x23,
    0x23, 0x11, 0x23, 0x11, 0x33, 0x15, 0x33, 0x12, 0x36, 0x35, 0x34, 0x26, 0x23, 0x07, 0x11, 0x33,
    0x02, 0xDD, 0xD9, 0x74, 0x85, 0xED, 0x97, 0xBB, 0xA8, 0xA7, 0xE3, 0x75, 0xBE, 0xAC, 0xA4, 0xC6,
    0xB0, 0x04, 0xA0, 0x62, 0xC0, 0x8A, 0x8D, 0xD2, 0x71, 0xFE, 0xDC, 0x05, 0x9A, 0xFA, 0xFD, 0x1B,
    0x9A, 0x97, 0x93, 0x89, 0x01, 0xFD, 0xB4, 0x00, 0x00, 0x02, 0x00, 0x5C, 0xFE, 0x97, 0x05, 0xED,
    0x05, 0xB1, 0x00, 0x17, 0x00, 0x27, 0x00, 0x00, 0x04, 0x16, 0x17, 0x07, 0x26, 0x26, 0x27, 0x06,
    0x23, 0x22, 0x24, 0x02, 0x35, 0x34, 0x12, 0x24, 0x33, 0x32, 0x04, 0x12, 0x15, 0x14, 0x02, 0x07,
    0x00, 0x12, 0x16, 0x33, 0x32, 0x36, 0x12, 0x27, 0x34, 0x02, 0x26, 0x23, 0x22, 0x06, 0x02, 0x15,
    0x04, 0xA7, 0xCC, 0x7A, 0x5B, 0x91, 0xFA, 0x54, 0x55, 0x5C, 0xCE, 0xFE, 0xCC, 0xA4, 0xA4, 0x01,
    0x34, 0xCE, 0xD0, 0x01, 0x32, 0xA3, 0xA8, 0x9D, 0xFC, 0xB2, 0x72, 0xDE, 0x9E, 0x9D, 0xDD, 0x71,
    0x01, 0x71, 0xDC, 0x9D, 0x9E, 0xDE, 0x72, 0x25, 0x8A, 0x1C, 0x9E, 0x25, 0xBA, 0x85, 0x14, 0xBF,
    0x01, 0x4F, 0xD3, 0xD5, 0x01, 0x52, 0xC2, 0xBF, 0xFE, 0xB0, 0xD3, 0xDC, 0xFE, 0xA8, 0x5B, 0x01,
    0xD9, 0xFE, 0xFC, 0x8E, 0x8E, 0x01, 0x04, 0xAF, 0xB1, 0x01, 0x07, 0x90, 0x90, 0xFE, 0xF9, 0xB1,
    0x00, 0x02, 0x00, 0xBE, 0x00, 0x00, 0x04, 0xA2, 0x05, 0x9A, 0x00, 0x0F, 0x00, 0x18, 0x00, 0x00,
    0x21, 0x01, 0x23, 0x23, 0x11, 0x23, 0x11, 0x21, 0x32, 0x16, 0x16, 0x15, 0x14, 0x06, 0x07, 0x01,
    0x00, 0x36, 0x35, 0x34, 0x26, 0x23, 0x07, 0x11, 0x33, 0x03, 0xCA, 0xFE, 0x6F, 0x18, 0xBB, 0xA8,
    0x01, 0x8A, 0x92, 0xD4, 0x72, 0x9F, 0x8B, 0x01, 0xAC, 0xFE, 0x16, 0xB9, 0xA7, 0x9F, 0xC6, 0xB0,
    0x02, 0x64, 0xFD, 0x9C, 0x05, 0x9A, 0x59, 0xAE, 0x7D, 0x93, 0xD0, 0x2F, 0xFD, 0x7C, 0x02, 0xFB,
    0x8B, 0x88, 0x7E, 0x76, 0x01, 0xFD, 0xFA, 0x00, 0x00, 0x03, 0x00, 0xBE, 0x00, 0x00, 0x04, 0xA2,
    0x06, 0xFA, 0x00, 0x03, 0x00, 0x13, 0x00, 0x1C, 0x00, 0x00, 0x01, 0x23, 0x37, 0x33, 0x13, 0x01,
    0x23, 0x23, 0x11, 0x23, 0x11, 0x21, 0x32, 0x16, 0x16, 0x15, 0x14, 0x06, 0x07, 0x01, 0x00, 0x36,
    0x35, 0x34, 0x26, 0x23, 0x07, 0x11, 0x33, 0x02, 0x98, 0xB1, 0xDF, 0xD8, 0x2C, 0xFE, 0x6F, 0x18,
    0xBB, 0xA8, 0x01, 0x8A, 0x92, 0xD4, 0x72, 0x9F, 0x8B, 0x01, 0xAC, 0xFE, 0x16, 0xB9, 0xA7, 0x9F,
    0xC6, 0xB0, 0x06, 0x34, 0xC6, 0xF9, 0x06, 0x02, 0x64, 0xFD, 0x9C, 0x05, 0x9A, 0x59, 0xAE, 0x7D,
    0x93, 0xD0, 0x2F, 0xFD, 0x7C, 0x02, 0xFB, 0x8B, 0x88, 0x7E, 0x76, 0x01, 0xFD, 0xFA, 0x00, 0x00,
    0x00, 0x03, 0x00, 0xBE, 0x00, 0x00, 0x04, 0xA2, 0x07, 0x00, 0x00, 0x06, 0x00, 0x16, 0x00, 0x1F,
    0x00, 0x00, 0x01, 0x25, 0x33, 0x17, 0x37, 0x33, 0x05, 0x01, 0x01, 0x23, 0x23, 0x11, 0x23, 0x11,
    0x21, 0x32, 0x16, 0x16, 0x15, 0x14, 0x06, 0x07, 0x01, 0x00, 0x36, 0x35, 0x34, 0x26, 0x23, 0x07,
    0x11, 0x33, 0x01, 0xFC, 0xFE, 0xEC, 0xAF, 0xA4, 0xA4, 0xB3, 0xFE, 0xEE, 0x01, 0x4A, 0xFE, 0x6F,
    0x18, 0xBB, 0xA8, 0x01, 0x8A, 0x92, 0xD4, 0x72, 0x9F, 0x8B, 0x01, 0xAC, 0xFE, 0x16, 0xB9, 0xA7,
    0x9F, 0xC6, 0xB0, 0x06, 0x15, 0xEB, 0x86, 0x86, 0xEB, 0xF9, 0xEB, 0x02, 0x64, 0xFD, 0x9C, 0x05,
    0x9A, 0x59, 0xAE, 0x7D, 0x93, 0xD0, 0x2F, 0xFD, 0x7C, 0x02, 0xFB, 0x8B, 0x88, 0x7E, 0x76, 0x01,
    0xFD, 0xFA, 0x00, 0x00, 0x00, 0x03, 0x00, 0xBE, 0xFE, 0x23, 0x04, 0xA2, 0x05, 0x9A, 0x00, 0x0F,
    0x00, 0x18, 0x00, 0x20, 0x00, 0x00, 0x21, 0x23, 0x01, 0x23, 0x23, 0x11, 0x23, 0x11, 0x21, 0x32,
    0x16, 0x16, 0x15, 0x14, 0x06, 0x07, 0x26, 0x36, 0x35, 0x34, 0x26, 0x23, 0x07, 0x11, 0x33, 0x02,
    0x36, 0x35, 0x33, 0x14, 0x06, 0x07, 0x27, 0x04, 0xA2, 0xD8, 0xFE, 0x6F, 0x18, 0xBB, 0xA8, 0x01,
    0x8A, 0x92, 0xD4, 0x72, 0x9F, 0x8B, 0x3E, 0xB9, 0xA7, 0x9F, 0xC6, 0xB0, 0x1B, 0x1C, 0xA0, 0x3C,
    0x32, 0x75, 0x02, 0x64, 0xFD, 0x9C, 0x05, 0x9A, 0x59, 0xAE, 0x7D, 0x93, 0xD0, 0x2F, 0x77, 0x8B,
    0x88, 0x7E, 0x76, 0x01, 0xFD, 0xFA, 0xFB, 0xC3, 0x74, 0x51, 0x58, 0xC1, 0x47, 0x46, 0x00, 0x00,
    0x00, 0x01, 0x00, 0x50, 0xFF, 0xF5, 0x03, 0xD4, 0x05, 0xA7, 0x00, 0x2A, 0x00, 0x00, 0x04, 0x26,
    0x27, 0x37, 0x16, 0x16, 0x33, 0x32, 0x36, 0x35, 0x34, 0x26, 0x26, 0x27, 0x2E, 0x02, 0x35, 0x34,
    0x36, 0x33, 0x32, 0x17, 0x07, 0x27, 0x26, 0x26, 0x23, 0x22, 0x06, 0x15, 0x14, 0x16, 0x16, 0x17,
    0x1E, 0x02, 0x15, 0x14, 0x06, 0x06, 0x23, 0x01, 0x87, 0xBE, 0x79, 0x41, 0x71, 0xA3, 0x50, 0x9D,
    0x8F, 0x4F, 0x75, 0x66, 0x78, 0x91, 0x66, 0xFC, 0xD3, 0xAB, 0xA8, 0x41, 0x19, 0x3E, 0x6C, 0x4C,
    0x81, 0xA7, 0x49, 0x6C, 0x61, 0x7E, 0x9E, 0x70, 0x72, 0xDA, 0x99, 0x0B, 0x33, 0x3A, 0x95, 0x3A,
    0x2D, 0x85, 0x6D, 0x4F, 0x69, 0x40, 0x29, 0x31, 0x54, 0x98, 0x76, 0xBA, 0xB7, 0x43, 0x9D, 0x09,
    0x18, 0x1A, 0x5D, 0x65, 0x3F, 0x5A, 0x3D, 0x2B, 0x37, 0x60, 0xA8, 0x7E, 0x7A, 0xB3, 0x60, 0x00,
    0x00, 0x02, 0x00, 0x50, 0xFF, 0xF5, 0x03, 0xD4, 0x07, 0x04, 0x00, 0x03, 0x00, 0x2E, 0x00, 0x00,
    0x01, 0x33, 0x05, 0x23, 0x02, 0x26, 0x27, 0x37, 0x16, 0x16, 0x33, 0x32, 0x36, 0x35, 0x34, 0x26,
    0x26, 0x27, 0x2E, 0x02, 0x35, 0x34, 0x36, 0x33, 0x32, 0x17, 0x07, 0x27, 0x26, 0x26, 0x23, 0x22,
    0x06, 0x15, 0x14, 0x16, 0x16, 0x17, 0x1E, 0x02, 0x15, 0x14, 0x06, 0x06, 0x23, 0x02, 0xA9, 0xD8,
    0xFE, 0xFA, 0xB1, 0x43, 0xBE, 0x79, 0x41, 0x71, 0xA3, 0x50, 0x9D, 0x8F, 0x4F, 0x75, 0x66, 0x78,
    0x91, 0x66, 0xFC, 0xD3, 0xAB, 0xA8, 0x41, 0x19, 0x3E, 0x6C, 0x4C, 0x81, 0xA7, 0x49, 0x6C, 0x61,
    0x7E, 0x9E, 0x70, 0x72, 0xDA, 0x99, 0x07, 0x04, 0xC6, 0xF9, 0xB7, 0x33, 0x3A, 0x95, 0x3A, 0x2D,
    0x85, 0x6D, 0x4F, 0x69, 0x40, 0x29, 0x31, 0x54, 0x98, 0x76, 0xBA, 0xB7, 0x43, 0x9D, 0x09, 0x18,
    0x1A, 0x5D, 0x65, 0x3F, 0x5A, 0x3D, 0x2B, 0x37, 0x60, 0xA8, 0x7E, 0x7A, 0xB3, 0x60, 0x00, 0x00,
    0x00, 0x02, 0x00, 0x50, 0xFF, 0xF5, 0x03, 0xD4, 0x07, 0x0A, 0x00, 0x06, 0x00, 0x31, 0x00, 0x00,
    0x13, 0x33, 0x17, 0x37, 0x33, 0x05, 0x23, 0x02, 0x26, 0x27, 0x37, 0x16, 0x16, 0x33, 0x32, 0x36,
    0x35, 0x34, 0x26, 0x26, 0x27, 0x2E, 0x02, 0x35, 0x34, 0x36, 0x33, 0x32, 0x17, 0x07, 0x27, 0x26,
    0x26, 0x23, 0x22, 0x06, 0x15, 0x14, 0x16, 0x16, 0x17, 0x1E, 0x02, 0x15, 0x14, 0x06, 0x06, 0x23,
    0xCB, 0xAF, 0xA4, 0xA4, 0xB3, 0xFE, 0xEE, 0x84, 0x58, 0xBE, 0x79, 0x41, 0x71, 0xA3, 0x50, 0x9D,
    0x8F, 0x4F, 0x75, 0x66, 0x78, 0x91, 0x66, 0xFC, 0xD3, 0xAB, 0xA8, 0x41, 0x19, 0x3E, 0x6C, 0x4C,
    0x81, 0xA7, 0x49, 0x6C, 0x61, 0x7E, 0x9E, 0x70, 0x72, 0xDA, 0x99, 0x07, 0x0A, 0x86, 0x86, 0xEB,
    0xF9, 0xD6, 0x33, 0x3A, 0x95, 0x3A, 0x2D, 0x85, 0x6D, 0x4F, 0x69, 0x40, 0x29, 0x31, 0x54, 0x98,
    0x76, 0xBA, 0xB7, 0x43, 0x9D, 0x09, 0x18, 0x1A, 0x5D, 0x65, 0x3F, 0x5A, 0x3D, 0x2B, 0x37, 0x60,
    0xA8, 0x7E, 0x7A, 0xB3, 0x60, 0x00, 0x00, 0x00, 0x00, 0x01, 0x00, 0x50, 0xFE, 0x50, 0x03, 0xD4,
    0x05, 0xA7, 0x00, 0x3C, 0x00, 0x00, 0x00, 0x16, 0x16, 0x17, 0x1E, 0x02, 0x15, 0x14, 0x06, 0x06,
    0x07, 0x15, 0x32, 0x16, 0x15, 0x14, 0x21, 0x22, 0x27, 0x35, 0x16, 0x33, 0x32, 0x35, 0x34, 0x23,
    0x22, 0x07, 0x35, 0x06, 0x26, 0x27, 0x37, 0x16, 0x16, 0x33, 0x32, 0x36, 0x35, 0x34, 0x26, 0x26,
    0x27, 0x2E, 0x02, 0x35, 0x34, 0x36, 0x33, 0x32, 0x17, 0x07, 0x27, 0x26, 0x26, 0x23, 0x22, 0x06,
    0x15, 0x01, 0x32, 0x49, 0x6C, 0x61, 0x7E, 0x9E, 0x70, 0x5B, 0xB0, 0x7C, 0x6A, 0x7A, 0xFE, 0xD9,
    0x1D, 0x24, 0x2C, 0x1A, 0x8D, 0x81, 0x0D, 0x19, 0x6B, 0xBF, 0x7B, 0x41, 0x71, 0xA3, 0x50, 0x9D,
    0x8F, 0x4F, 0x75, 0x66, 0x78, 0x91, 0x66, 0xFC, 0xD3, 0xAB, 0xA8, 0x41, 0x19, 0x3E, 0x6C, 0x4C,
    0x81, 0xA7, 0x04, 0x01, 0x5A, 0x3D, 0x2B, 0x37, 0x60, 0xA8, 0x7E, 0x6D, 0xA7, 0x67, 0x0D, 0x3A,
    0x5B, 0x51, 0xC4, 0x02, 0x78, 0x06, 0x46, 0x48, 0x04, 0xA7, 0x01, 0x33, 0x3B, 0x95, 0x3A, 0x2D,
    0x85, 0x6D, 0x4F, 0x69, 0x40, 0x29, 0x31, 0x54, 0x98, 0x76, 0xBA, 0xB7, 0x43, 0x9D, 0x09, 0x18,
    0x1A, 0x5D, 0x65, 0x00, 0x00, 0x02, 0x00, 0x50, 0xFE, 0x23, 0x03, 0xD4, 0x05, 0xA7, 0x00, 0x2A,
    0x00, 0x32, 0x00, 0x00, 0x04, 0x26, 0x27, 0x37, 0x16, 0x16, 0x33, 0x32, 0x36, 0x35, 0x34, 0x26,
    0x26, 0x27, 0x2E, 0x02, 0x35, 0x34, 0x36, 0x33, 0x32, 0x17, 0x07, 0x27, 0x26, 0x26, 0x23, 0x22,
    0x06, 0x15, 0x14, 0x16, 0x16, 0x17, 0x1E, 0x02, 0x15, 0x14, 0x06, 0x06, 0x23, 0x03, 0x36, 0x36,
    0x35, 0x33, 0x14, 0x06, 0x07, 0x01, 0x87, 0xBE, 0x79, 0x41, 0x71, 0xA3, 0x50, 0x9D, 0x8F, 0x4F,
    0x75, 0x66, 0x78, 0x91, 0x66, 0xFC, 0xD3, 0xAB, 0xA8, 0x41, 0x19, 0x3E, 0x6C, 0x4C, 0x81, 0xA7,
    0x49, 0x6C, 0x61, 0x7E, 0x9E, 0x70, 0x72, 0xDA, 0x99, 0x61, 0x27, 0x1C, 0xA0, 0x3C, 0x32, 0x0B,
    0x33, 0x3A, 0x95, 0x3A, 0x2D, 0x85, 0x6D, 0x4F, 0x69, 0x40, 0x29, 0x31, 0x54, 0x98, 0x76, 0xBA,
    0xB7, 0x43, 0x9D, 0x09, 0x18, 0x1A, 0x5D, 0x65, 0x3F, 0x5A, 0x3D, 0x2B, 0x37, 0x60, 0xA8, 0x7E,
    0x7A, 0xB3, 0x60, 0xFE, 0x74, 0x55, 0x74, 0x51, 0x58, 0xC1, 0x47, 0x00, 0x00, 0x01, 0x00, 0x29,
    0x00, 0x00, 0x04, 0x0C, 0x05, 0x9A, 0x00, 0x07, 0x00, 0x00, 0x01, 0x21, 0x35, 0x21, 0x15, 0x21,
    0x11, 0x23, 0x01, 0xC6, 0xFE, 0x63, 0x03, 0xE3, 0xFE, 0x62, 0xA8, 0x05, 0x02, 0x98, 0x98, 0xFA,
    0xFE, 0x00, 0x00, 0x00, 0x00, 0x01, 0x00, 0x29, 0x00, 0x00, 0x04, 0x0C, 0x05, 0x9A, 0x00, 0x0F,
    0x00, 0x00, 0x01, 0x11, 0x33, 0x15, 0x23, 0x11, 0x23, 0x11, 0x23, 0x35, 0x33, 0x11, 0x21, 0x35,
    0x21, 0x15, 0x02, 0x6E, 0xCC, 0xCC, 0xA8, 0xE2, 0xE2, 0xFE, 0x63, 0x03, 0xE3, 0x05, 0x02, 0xFE,
    0x03, 0x91, 0xFD, 0x8C, 0x02, 0x74, 0x91, 0x01, 0xFD, 0x98, 0x98, 0x00, 0x00, 0x02, 0x00, 0x29,
    0x00, 0x00, 0x04, 0x0C, 0x07, 0x0A, 0x00, 0x06, 0x00, 0x0E, 0x00, 0x00, 0x13, 0x33, 0x17, 0x37,
    0x33, 0x05, 0x23, 0x03, 0x21, 0x35, 0x21, 0x15, 0x21, 0x11, 0x23, 0xC4, 0xAF, 0xA4, 0xA4, 0xB3,
    0xFE, 0xEE, 0x84, 0x12, 0xFE, 0x63, 0x03, 0xE3, 0xFE, 0x62, 0xA8, 0x07, 0x0A, 0x86, 0x86, 0xEB,
    0xFE, 0xE3, 0x98, 0x98, 0xFA, 0xFE, 0x00, 0x00, 0x00, 0x01, 0x00, 0x29, 0xFE, 0x50, 0x04, 0x0C,
    0x05, 0x9A, 0x00, 0x1A, 0x00, 0x00, 0x21, 0x15, 0x32, 0x16, 0x15, 0x14, 0x21, 0x22, 0x27, 0x35,
    0x16, 0x33, 0x32, 0x35, 0x34, 0x23, 0x22, 0x07, 0x35, 0x23, 0x11, 0x21, 0x35, 0x21, 0x15, 0x21,
    0x11, 0x02, 0x46, 0x6A, 0x7A, 0xFE, 0xD9, 0x1D, 0x24, 0x2C, 0x1A, 0x8D, 0x81, 0x0D, 0x19, 0x28,
    0xFE, 0x63, 0x03, 0xE3, 0xFE, 0x62, 0x40, 0x5B, 0x51, 0xC4, 0x02, 0x78, 0x06, 0x46, 0x48, 0x04,
    0xB2, 0x05, 0x02, 0x98, 0x98, 0xFA, 0xFE, 0x00, 0x00, 0x02, 0x00, 0x29, 0xFE, 0x23, 0x04, 0x0C,
    0x05, 0x9A, 0x00, 0x07, 0x00, 0x0F, 0x00, 0x00, 0x01, 0x21, 0x35, 0x21, 0x15, 0x21, 0x11, 0x23,
    0x03, 0x36, 0x36, 0x35, 0x33, 0x14, 0x06, 0x07, 0x01, 0xC6, 0xFE, 0x63, 0x03, 0xE3, 0xFE, 0x62,
    0xA8, 0x3F, 0x27, 0x1C, 0xA0, 0x3C, 0x32, 0x05, 0x02, 0x98, 0x98, 0xFA, 0xFE, 0xFE, 0x69, 0x55,
    0x74, 0x51, 0x58, 0xC1, 0x47, 0x00, 0x00, 0x00, 0x00, 0x01, 0x00, 0xA9, 0xFF, 0xE8, 0x04, 0xD5,
    0x05, 0x9A, 0x00, 0x0E, 0x00, 0x00, 0x04, 0x00, 0x11, 0x11, 0x33, 0x11, 0x10, 0x21, 0x20, 0x11,
    0x11, 0x33, 0x11, 0x10, 0x21, 0x01, 0xA9, 0xFF, 0x00, 0xA8, 0x01, 0x74, 0x01, 0x68, 0xA8, 0xFD,
    0xDF, 0x18, 0x01, 0x2A, 0x01, 0x1B, 0x03, 0x6D, 0xFC, 0x9E, 0xFE, 0x46, 0x01, 0xAB, 0x03, 0x71,
    0xFC, 0xAA, 0xFD, 0xA4, 0x00, 0x02, 0x00, 0xA9, 0xFF, 0xE8, 0x04, 0xD5, 0x07, 0x04, 0x00, 0x03,
    0x00, 0x12, 0x00, 0x00, 0x01, 0x33, 0x05, 0x23, 0x02, 0x00, 0x11, 0x11, 0x33, 0x11, 0x10, 0x21,
    0x20, 0x11, 0x11, 0x33, 0x11, 0x10, 0x21, 0x03, 0x49, 0xD8, 0xFE, 0xFA, 0xB1, 0xC1, 0xFF, 0x00,
    0xA8, 0x01, 0x74, 0x01, 0x68, 0xA8, 0xFD, 0xDF, 0x07, 0x04, 0xC6, 0xF9, 0xAA, 0x01, 0x2A, 0x01,
    0x1B, 0x03, 0x6D, 0xFC, 0x9E, 0xFE, 0x46, 0x01, 0xAB, 0x03, 0x71, 0xFC, 0xAA, 0xFD, 0xA4, 0x00,
    0x00, 0x02, 0x00, 0xA9, 0xFF, 0xE8, 0x04, 0xD5, 0x07, 0x08, 0x00, 0x06, 0x00, 0x15, 0x00, 0x00,
    0x01, 0x33, 0x05, 0x23, 0x27, 0x07, 0x23, 0x12, 0x00, 0x11, 0x11, 0x33, 0x11, 0x10, 0x21, 0x20,
    0x11, 0x11, 0x33, 0x11, 0x10, 0x21, 0x02, 0x8A, 0x85, 0x01, 0x14, 0xC0, 0x9A, 0x9B, 0xB7, 0x32,
    0xFF, 0x00, 0xA8, 0x01, 0x74, 0x01, 0x68, 0xA8, 0xFD, 0xDF, 0x07, 0x08, 0xEA, 0x79, 0x79, 0xF9,
    0xCA, 0x01, 0x2A, 0x01, 0x1B, 0x03, 0x6D, 0xFC, 0x9E, 0xFE, 0x46, 0x01, 0xAB, 0x03, 0x71, 0xFC,
    0xAA, 0xFD, 0xA4, 0x00, 0x00, 0x03, 0x00, 0xA9, 0xFF, 0xE8, 0x04, 0xD5, 0x06, 0xFA, 0x00, 0x0D,
    0x00, 0x19, 0x00, 0x28, 0x00, 0x00, 0x00, 0x26, 0x26, 0x35, 0x34, 0x36, 0x33, 0x32, 0x16, 0x15,
    0x14, 0x06, 0x06, 0x23, 0x20, 0x26, 0x35, 0x34, 0x36, 0x33, 0x32, 0x16, 0x15, 0x14, 0x06, 0x23,
    0x00, 0x00, 0x11, 0x11, 0x33, 0x11, 0x10, 0x21, 0x20, 0x11, 0x11, 0x33, 0x11, 0x10, 0x21, 0x01,
    0xE0, 0x38, 0x21, 0x45, 0x32, 0x32, 0x48, 0x21, 0x36, 0x20, 0x01, 0x4F, 0x46, 0x44, 0x31, 0x32,
    0x47, 0x44, 0x33, 0xFE, 0x28, 0xFF, 0x00, 0xA8, 0x01, 0x74, 0x01, 0x68, 0xA8, 0xFD, 0xDF, 0x06,
    0x0B, 0x21, 0x37, 0x20, 0x33, 0x44, 0x45, 0x32, 0x20, 0x38, 0x20, 0x45, 0x33, 0x33, 0x44, 0x45,
    0x32, 0x32, 0x46, 0xF9, 0xDD, 0x01, 0x2A, 0x01, 0x1B, 0x03, 0x6D, 0xFC, 0x9E, 0xFE, 0x46, 0x01,
    0xAB, 0x03, 0x71, 0xFC, 0xAA, 0xFD, 0xA4, 0x00, 0x00, 0x02, 0x00, 0xA9, 0xFF, 0xE8, 0x04, 0xD5,
    0x07, 0x02, 0x00, 0x03, 0x00, 0x12, 0x00, 0x00, 0x01, 0x33, 0x17, 0x23, 0x02, 0x00, 0x11, 0x11,
    0x33, 0x11, 0x10, 0x21, 0x20, 0x11, 0x11, 0x33, 0x11, 0x10, 0x21, 0x01, 0x80, 0xC6, 0xC9, 0x9D,
    0xC9, 0xFF, 0x00, 0xA8, 0x01, 0x74, 0x01, 0x68, 0xA8, 0xFD, 0xDF, 0x07, 0x02, 0xE4, 0xF9, 0xCA,
    0x01, 0x2A, 0x01, 0x1B, 0x03, 0x6D, 0xFC, 0x9E, 0xFE, 0x46, 0x01, 0xAB, 0x03, 0x71, 0xFC, 0xAA,
    0xFD, 0xA4, 0x00, 0x00, 0x00, 0x03, 0x00, 0xA9, 0xFF, 0xE8, 0x04, 0xD5, 0x06, 0xF0, 0x00, 0x03,
    0x00, 0x07, 0x00, 0x16, 0x00, 0x00, 0x01, 0x33, 0x07, 0x23, 0x25, 0x33, 0x07, 0x23, 0x00, 0x00,
    0x11, 0x11, 0x33, 0x11, 0x10, 0x21, 0x20, 0x11, 0x11, 0x33, 0x11, 0x10, 0x21, 0x02, 0x92, 0xB4,
    0xDC, 0x92, 0x01, 0xE0, 0xB7, 0xE1, 0x93, 0xFE, 0xAE, 0xFF, 0x00, 0xA8, 0x01, 0x74, 0x01, 0x68,
    0xA8, 0xFD, 0xDF, 0x06, 0xF0, 0xD0, 0xD0, 0xD0, 0xF9, 0xC8, 0x01, 0x2A, 0x01, 0x1B, 0x03, 0x6D,
    0xFC, 0x9E, 0xFE, 0x46, 0x01, 0xAB, 0x03, 0x71, 0xFC, 0xAA, 0xFD, 0xA4, 0x00, 0x02, 0x00, 0xA9,
    0xFF, 0xE8, 0x04, 0xD5, 0x06, 0xAD, 0x00, 0x03, 0x00, 0x12, 0x00, 0x00, 0x01, 0x21, 0x15, 0x21,
    0x12, 0x00, 0x11, 0x11, 0x33, 0x11, 0x10, 0x21, 0x20, 0x11, 0x11, 0x33, 0x11, 0x10, 0x21, 0x01,
    0x85, 0x02, 0x76, 0xFD, 0x8A, 0x24, 0xFF, 0x00, 0xA8, 0x01, 0x74, 0x01, 0x68, 0xA8, 0xFD, 0xDF,
    0x06, 0xAD, 0x8C, 0xF9, 0xC7, 0x01, 0x2A, 0x01, 0x1B, 0x03, 0x6D, 0xFC, 0x9E, 0xFE, 0x46, 0x01,
    0xAB, 0x03, 0x71, 0xFC, 0xAA, 0xFD, 0xA4, 0x00, 0x00, 0x01, 0x00, 0xA9, 0xFE, 0x70, 0x04, 0xD5,
    0x05, 0x9A, 0x00, 0x1E, 0x00, 0x00, 0x01, 0x11, 0x10, 0x05, 0x0E, 0x02, 0x15, 0x14, 0x33, 0x32,
    0x37, 0x17, 0x06, 0x23, 0x22, 0x35, 0x34, 0x36, 0x37, 0x26, 0x02, 0x11, 0x11, 0x33, 0x11, 0x10,
    0x21, 0x20, 0x11, 0x11, 0x04, 0xD5, 0xFE, 0x3C, 0x26, 0x38, 0x1D, 0x62, 0x31, 0x15, 0x10, 0x13,
    0x5D, 0xD0, 0x54, 0x36, 0xFC, 0xF3, 0xA8, 0x01, 0x74, 0x01, 0x68, 0x05, 0x9A, 0xFC, 0xAA, 0xFD,
    0xDA, 0x31, 0x15, 0x41, 0x42, 0x16, 0x54, 0x07, 0x75, 0x0D, 0xA0, 0x3B, 0x78, 0x25, 0x08, 0x01,
    0x2A, 0x01, 0x13, 0x03, 0x6D, 0xFC, 0x9E, 0xFE, 0x46, 0x01, 0xAB, 0x03, 0x71, 0x00, 0x00, 0x00,
    0x00, 0x03, 0x00, 0xA9, 0xFF, 0xE8, 0x04, 0xD5, 0x07, 0x52, 0x00, 0x0F, 0x00, 0x1B, 0x00, 0x2A,
    0x00, 0x00, 0x00, 0x26, 0x26, 0x35, 0x34, 0x36, 0x36, 0x33, 0x32, 0x16, 0x16, 0x15, 0x14, 0x06,
    0x06, 0x23, 0x36, 0x36, 0x35, 0x34, 0x26, 0x23, 0x22, 0x06, 0x15, 0x14, 0x16, 0x33, 0x00, 0x00,
    0x11, 0x11, 0x33, 0x11, 0x10, 0x21, 0x20, 0x11, 0x11, 0x33, 0x11, 0x10, 0x21, 0x02, 0x83, 0x5C,
    0x35, 0x37, 0x5F, 0x3B, 0x39, 0x5D, 0x35, 0x37, 0x60, 0x3B, 0x2D, 0x37, 0x37, 0x29, 0x27, 0x35,
    0x35, 0x27, 0xFE, 0xE9, 0xFF, 0x00, 0xA8, 0x01, 0x74, 0x01, 0x68, 0xA8, 0xFD, 0xDF, 0x05, 0xCE,
    0x32, 0x57, 0x35, 0x38, 0x5A, 0x34, 0x32, 0x58, 0x36, 0x37, 0x5A, 0x33, 0x66, 0x35, 0x27, 0x28,
    0x35, 0x35, 0x28, 0x27, 0x35, 0xF9, 0xB4, 0x01, 0x2A, 0x01, 0x1B, 0x03, 0x6D, 0xFC, 0x9E, 0xFE,
    0x46, 0x01, 0xAB, 0x03, 0x71, 0xFC, 0xAA, 0xFD, 0xA4, 0x00, 0x00, 0x00, 0x00, 0x01, 0x00, 0x10,
    0xFF, 0xFF, 0x04, 0xE4, 0x05, 0x9A, 0x00, 0x0B, 0x00, 0x00, 0x13, 0x33, 0x01, 0x16, 0x17, 0x33,
    0x36, 0x37, 0x01, 0x17, 0x01, 0x23, 0x10, 0xB8, 0x01, 0x90, 0x15, 0x09, 0x04, 0x08, 0x1A, 0x01,
    0x98, 0xB0, 0xFD, 0xED, 0xB9, 0x05, 0x99, 0xFB, 0x8A, 0x37, 0x48, 0x36, 0x4C, 0x04, 0x74, 0x01,
    0xFA, 0x66, 0x00, 0x00, 0x00, 0x01, 0x00, 0x19, 0x00, 0x00, 0x07, 0x5F, 0x05, 0x9A, 0x00, 0x1E,
    0x00, 0x00, 0x13, 0x33, 0x01, 0x16, 0x16, 0x17, 0x33, 0x36, 0x36, 0x37, 0x01, 0x33, 0x01, 0x16,
    0x17, 0x33, 0x36, 0x37, 0x01, 0x33, 0x01, 0x23, 0x01, 0x26, 0x26, 0x27, 0x23, 0x06, 0x07, 0x01,
    0x23, 0x19, 0xB7, 0x01, 0x33, 0x09, 0x0E, 0x01, 0x05, 0x03, 0x13, 0x0A, 0x01, 0x3D, 0xA1, 0x01,
    0x30, 0x10, 0x08, 0x04, 0x03, 0x18, 0x01, 0x27, 0xB3, 0xFE, 0x6B, 0xC5, 0xFE, 0xD9, 0x08, 0x0E,
    0x01, 0x04, 0x06, 0x14, 0xFE, 0xD7, 0xC3, 0x05, 0x9A, 0xFB, 0xAF, 0x1F, 0x52, 0x1F, 0x18, 0x54,
    0x24, 0x04, 0x51, 0xFB, 0xA7, 0x3C, 0x4A, 0x2B, 0x5F, 0x04, 0x55, 0xFA, 0x66, 0x04, 0x1D, 0x1E,
    0x53, 0x21, 0x47, 0x49, 0xFB, 0xE1, 0x00, 0x00, 0x00, 0x02, 0x00, 0x19, 0x00, 0x00, 0x07, 0x5F,
    0x07, 0x04, 0x00, 0x03, 0x00, 0x22, 0x00, 0x00, 0x01, 0x33, 0x05, 0x23, 0x05, 0x33, 0x01, 0x16,
    0x16, 0x17, 0x33, 0x36, 0x36, 0x37, 0x01, 0x33, 0x01, 0x16, 0x17, 0x33, 0x36, 0x37, 0x01, 0x33,
    0x01, 0x23, 0x01, 0x26, 0x26, 0x27, 0x23, 0x06, 0x07, 0x01, 0x23, 0x04, 0x50, 0xD8, 0xFE, 0xFA,
    0xB1, 0xFC, 0xA8, 0xB7, 0x01, 0x33, 0x09, 0x0E, 0x01, 0x05, 0x03, 0x13, 0x0A, 0x01, 0x3D, 0xA1,
    0x01, 0x30, 0x10, 0x08, 0x04, 0x03, 0x18, 0x01, 0x27, 0xB3, 0xFE, 0x6B, 0xC5, 0xFE, 0xD9, 0x08,
    0x0E, 0x01, 0x04, 0x06, 0x14, 0xFE, 0xD7, 0xC3, 0x07, 0x04, 0xC6, 0xA4, 0xFB, 0xAF, 0x1F, 0x52,
    0x1F, 0x18, 0x54, 0x24, 0x04, 0x51, 0xFB, 0xA7, 0x3C, 0x4A, 0x2B, 0x5F, 0x04, 0x55, 0xFA, 0x66,
    0x04, 0x1D, 0x1E, 0x53, 0x21, 0x47, 0x49, 0xFB, 0xE1, 0x00, 0x00, 0x00, 0x00, 0x02, 0x00, 0x19,
    0x00, 0x00, 0x07, 0x5F, 0x07, 0x08, 0x00, 0x06, 0x00, 0x25, 0x00, 0x00, 0x01, 0x33, 0x05, 0x23,
    0x27, 0x07, 0x23, 0x05, 0x33, 0x01, 0x16, 0x16, 0x17, 0x33, 0x36, 0x36, 0x37, 0x01, 0x33, 0x01,
    0x16, 0x17, 0x33, 0x36, 0x37, 0x01, 0x33, 0x01, 0x23, 0x01, 0x26, 0x26, 0x27, 0x23, 0x06, 0x07,
    0x01, 0x23, 0x03, 0x91, 0x85, 0x01, 0x14, 0xC0, 0x9A, 0x9B, 0xB7, 0xFD, 0x9B, 0xB7, 0x01, 0x33,
    0x09, 0x0E, 0x01, 0x05, 0x03, 0x13, 0x0A, 0x01, 0x3D, 0xA1, 0x01, 0x30, 0x10, 0x08, 0x04, 0x03,
    0x18, 0x01, 0x27, 0xB3, 0xFE, 0x6B, 0xC5, 0xFE, 0xD9, 0x08, 0x0E, 0x01, 0x04, 0x06, 0x14, 0xFE,
    0xD7, 0xC3, 0x07, 0x08, 0xEA, 0x79, 0x79, 0x84, 0xFB, 0xAF, 0x1F, 0x52, 0x1F, 0x18, 0x54, 0x24,
    0x04, 0x51, 0xFB, 0xA7, 0x3C, 0x4A, 0x2B, 0x5F, 0x04, 0x55, 0xFA, 0x66, 0x04, 0x1D, 0x1E, 0x53,
    0x21, 0x47, 0x49, 0xFB, 0xE1, 0x00, 0x00, 0x00, 0x00, 0x03, 0x00, 0x19, 0x00, 0x00, 0x07, 0x5F,
    0x06, 0xFA, 0x00, 0x0D, 0x00, 0x19, 0x00, 0x38, 0x00, 0x00, 0x00, 0x26, 0x26, 0x35, 0x34, 0x36,
    0x33, 0x32, 0x16, 0x15, 0x14, 0x06, 0x06, 0x23, 0x20, 0x26, 0x35, 0x34, 0x36, 0x33, 0x32, 0x16,
    0x15, 0x14, 0x06, 0x23, 0x05, 0x33, 0x01, 0x16, 0x16, 0x17, 0x33, 0x36, 0x36, 0x37, 0x01, 0x33,
    0x01, 0x16, 0x17, 0x33, 0x36, 0x37, 0x01, 0x33, 0x01, 0x23, 0x01, 0x26, 0x26, 0x27, 0x23, 0x06,
    0x07, 0x01, 0x23, 0x02, 0xE7, 0x38, 0x21, 0x45, 0x32, 0x32, 0x48, 0x21, 0x36, 0x20, 0x01, 0x4F,
    0x46, 0x44, 0x31, 0x32, 0x47, 0x44, 0x33, 0xFB, 0x91, 0xB7, 0x01, 0x33, 0x09, 0x0E, 0x01, 0x05,
    0x03, 0x13, 0x0A, 0x01, 0x3D, 0xA1, 0x01, 0x30, 0x10, 0x08, 0x04, 0x03, 0x18, 0x01, 0x27, 0xB3,
    0xFE, 0x6B, 0xC5, 0xFE, 0xD9, 0x08, 0x0E, 0x01, 0x04, 0x06, 0x14, 0xFE, 0xD7, 0xC3, 0x06, 0x0B,
    0x21, 0x37, 0x20, 0x33, 0x44, 0x45, 0x32, 0x20, 0x38, 0x20, 0x45, 0x33, 0x33, 0x44, 0x45, 0x32,
    0x32, 0x46, 0x71, 0xFB, 0xAF, 0x1F, 0x52, 0x1F, 0x18, 0x54, 0x24, 0x04, 0x51, 0xFB, 0xA7, 0x3C,
    0x4A, 0x2B, 0x5F, 0x04, 0x55, 0xFA, 0x66, 0x04, 0x1D, 0x1E, 0x53, 0x21, 0x47, 0x49, 0xFB, 0xE1,
    0x00, 0x02, 0x00, 0x19, 0x00, 0x00, 0x07, 0x5F, 0x07, 0x02, 0x00, 0x03, 0x00, 0x22, 0x00, 0x00,
    0x01, 0x33, 0x17, 0x23, 0x05, 0x33, 0x01, 0x16, 0x16, 0x17, 0x33, 0x36, 0x36, 0x37, 0x01, 0x33,
    0x01, 0x16, 0x17, 0x33, 0x36, 0x37, 0x01, 0x33, 0x01, 0x23, 0x01, 0x26, 0x26, 0x27, 0x23, 0x06,
    0x07, 0x01, 0x23, 0x02, 0x87, 0xC6, 0xC9, 0x9D, 0xFC, 0xA0, 0xB7, 0x01, 0x33, 0x09, 0x0E, 0x01,
    0x05, 0x03, 0x13, 0x0A, 0x01, 0x3D, 0xA1, 0x01, 0x30, 0x10, 0x08, 0x04, 0x03, 0x18, 0x01, 0x27,
    0xB3, 0xFE, 0x6B, 0xC5, 0xFE, 0xD9, 0x08, 0x0E, 0x01, 0x04, 0x06, 0x14, 0xFE, 0xD7, 0xC3, 0x07,
    0x02, 0xE4, 0x84, 0xFB, 0xAF, 0x1F, 0x52, 0x1F, 0x18, 0x54, 0x24, 0x04, 0x51, 0xFB, 0xA7, 0x3C,
    0x4A, 0x2B, 0x5F, 0x04, 0x55, 0xFA, 0x66, 0x04, 0x1D, 0x1E, 0x53, 0x21, 0x47, 0x49, 0xFB, 0xE1,
    0x00, 0x01, 0x00, 0x1B, 0x00, 0x00, 0x04, 0x9D, 0x05, 0x9C, 0x00, 0x16, 0x00, 0x00, 0x01, 0x01,
    0x33, 0x01, 0x16, 0x16, 0x17, 0x33, 0x36, 0x37, 0x01, 0x33, 0x01, 0x01, 0x23, 0x01, 0x26, 0x26,
    0x27, 0x23, 0x07, 0x01, 0x23, 0x01, 0xFB, 0xFE, 0x46, 0xCC, 0x01, 0x27, 0x0A, 0x1E, 0x0A, 0x04,
    0x2A, 0x0E, 0x01, 0x33, 0xBF, 0xFE, 0x3D, 0x01, 0xCC, 0xCB, 0xFE, 0xB4, 0x08, 0x13, 0x07, 0x04,
    0x23, 0xFE, 0xAA, 0xCC, 0x02, 0xD3, 0x02, 0xC9, 0xFE, 0x06, 0x11, 0x3D, 0x18, 0x52, 0x16, 0x01,
    0xF6, 0xFD, 0x39, 0xFD, 0x2D, 0x02, 0x28, 0x0E, 0x28, 0x12, 0x47, 0xFD, 0xD7, 0x00, 0x00, 0x00,
    0x00, 0x01, 0x00, 0x13, 0x00, 0x00, 0x04, 0x61, 0x05, 0x9A, 0x00, 0x0E, 0x00, 0x00, 0x01, 0x01,
    0x33, 0x01, 0x16, 0x16, 0x17, 0x33, 0x36, 0x37, 0x01, 0x33, 0x01, 0x11, 0x23, 0x01, 0xE0, 0xFE,
    0x33, 0xBC, 0x01, 0x44, 0x06, 0x14, 0x09, 0x03, 0x09, 0x1C, 0x01, 0x53, 0xB0, 0xFE, 0x27, 0xA8,
    0x02, 0x0E, 0x03, 0x8C, 0xFD, 0x73, 0x0D, 0x33, 0x18, 0x21, 0x37, 0x02, 0x8D, 0xFC, 0x78, 0xFD,
    0xEE, 0x00, 0x00, 0x00, 0x00, 0x02, 0x00, 0x13, 0x00, 0x00, 0x04, 0x61, 0x07, 0x04, 0x00, 0x03,
    0x00, 0x12, 0x00, 0x00, 0x01, 0x33, 0x05, 0x23, 0x11, 0x01, 0x33, 0x01, 0x16, 0x16, 0x17, 0x33,
    0x36, 0x37, 0x01, 0x33, 0x01, 0x11, 0x23, 0x02, 0xBF, 0xD8, 0xFE, 0xFA, 0xB1, 0xFE, 0x33, 0xBC,
    0x01, 0x44, 0x06, 0x14, 0x09, 0x03, 0x09, 0x1C, 0x01, 0x53, 0xB0, 0xFE, 0x27, 0xA8, 0x07, 0x04,
    0xC6, 0xFB, 0xD0, 0x03, 0x8C, 0xFD, 0x73, 0x0D, 0x33, 0x18, 0x21, 0x37, 0x02, 0x8D, 0xFC, 0x78,
    0xFD, 0xEE, 0x00, 0x00, 0x00, 0x02, 0x00, 0x13, 0x00, 0x00, 0x04, 0x61, 0x07, 0x08, 0x00, 0x06,
    0x00, 0x15, 0x00, 0x00, 0x01, 0x33, 0x05, 0x23, 0x27, 0x07, 0x23, 0x13, 0x01, 0x33, 0x01, 0x16,
    0x16, 0x17, 0x33, 0x36, 0x37, 0x01, 0x33, 0x01, 0x11, 0x23, 0x02, 0x00, 0x85, 0x01, 0x14, 0xC0,
    0x9A, 0x9B, 0xB7, 0xF3, 0xFE, 0x33, 0xBC, 0x01, 0x44, 0x06, 0x14, 0x09, 0x03, 0x09, 0x1C, 0x01,
    0x53, 0xB0, 0xFE, 0x27, 0xA8, 0x07, 0x08, 0xEA, 0x79, 0x79, 0xFB, 0xF0, 0x03, 0x8C, 0xFD, 0x73,
    0x0D, 0x33, 0x18, 0x21, 0x37, 0x02, 0x8D, 0xFC, 0x78, 0xFD, 0xEE, 0x00, 0x00, 0x03, 0x00, 0x13,
    0x00, 0x00, 0x04, 0x61, 0x06, 0xFA, 0x00, 0x0D, 0x00, 0x19, 0x00, 0x28, 0x00, 0x00, 0x00, 0x26,
    0x26, 0x35, 0x34, 0x36, 0x33, 0x32, 0x16, 0x15, 0x14, 0x06, 0x06, 0x23, 0x20, 0x26, 0x35, 0x34,
    0x36, 0x33, 0x32, 0x16, 0x15, 0x14, 0x06, 0x23, 0x01, 0x01, 0x33, 0x01, 0x16, 0x16, 0x17, 0x33,
    0x36, 0x37, 0x01, 0x33, 0x01, 0x11, 0x23, 0x01, 0x56, 0x38, 0x21, 0x45, 0x32, 0x32, 0x48, 0x21,
    0x36, 0x20, 0x01, 0x4F, 0x46, 0x44, 0x31, 0x32, 0x47, 0x44, 0x33, 0xFE, 0xE9, 0xFE, 0x33, 0xBC,
    0x01, 0x44, 0x06, 0x14, 0x09, 0x03, 0x09, 0x1C, 0x01, 0x53, 0xB0, 0xFE, 0x27, 0xA8, 0x06, 0x0B,
    0x21, 0x37, 0x20, 0x33, 0x44, 0x45, 0x32, 0x20, 0x38, 0x20, 0x45, 0x33, 0x33, 0x44, 0x45, 0x32,
    0x32, 0x46, 0xFC, 0x03, 0x03, 0x8C, 0xFD, 0x73, 0x0D, 0x33, 0x18, 0x21, 0x37, 0x02, 0x8D, 0xFC,
    0x78, 0xFD, 0xEE, 0x00, 0x00, 0x02, 0x00, 0x13, 0x00, 0x00, 0x04, 0x61, 0x07, 0x02, 0x00, 0x03,
    0x00, 0x12, 0x00, 0x00, 0x13, 0x33, 0x17, 0x23, 0x03, 0x01, 0x33, 0x01, 0x16, 0x16, 0x17, 0x33,
    0x36, 0x37, 0x01, 0x33, 0x01, 0x11, 0x23, 0xF6, 0xC6, 0xC9, 0x9D, 0x08, 0xFE, 0x33, 0xBC, 0x01,
    0x44, 0x06, 0x14, 0x09, 0x03, 0x09, 0x1C, 0x01, 0x53, 0xB0, 0xFE, 0x27, 0xA8, 0x07, 0x02, 0xE4,
    0xFB, 0xF0, 0x03, 0x8C, 0xFD, 0x73, 0x0D, 0x33, 0x18, 0x21, 0x37, 0x02, 0x8D, 0xFC, 0x78, 0xFD,
    0xEE, 0x00, 0x00, 0x00, 0x00, 0x01, 0x00, 0x35, 0x00, 0x00, 0x04, 0x50, 0x05, 0x9A, 0x00, 0x09,
    0x00, 0x00, 0x37, 0x01, 0x21, 0x35, 0x21, 0x15, 0x01, 0x21, 0x15, 0x21, 0x35, 0x02, 0xFB, 0xFD,
    0x20, 0x03, 0xEC, 0xFC, 0xFE, 0x03, 0x16, 0xFB, 0xE5, 0x2F, 0x04, 0xD3, 0x98, 0x28, 0xFB, 0x26,
    0x98, 0x00, 0x00, 0x00, 0x00, 0x02, 0x00, 0x35, 0x00, 0x00, 0x04, 0x50, 0x07, 0x04, 0x00, 0x03,
    0x00, 0x0D, 0x00, 0x00, 0x01, 0x33, 0x05, 0x23, 0x01, 0x01, 0x21, 0x35, 0x21, 0x15, 0x01, 0x21,
    0x15, 0x21, 0x02, 0xD1, 0xD8, 0xFE, 0xFA, 0xB1, 0xFE, 0x43, 0x02, 0xFB, 0xFD, 0x20, 0x03, 0xEC,
    0xFC, 0xFE, 0x03, 0x16, 0xFB, 0xE5, 0x07, 0x04, 0xC6, 0xF9, 0xF1, 0x04, 0xD3, 0x98, 0x28, 0xFB,
    0x26, 0x98, 0x00, 0x00, 0x00, 0x02, 0x00, 0x35, 0x00, 0x00, 0x04, 0x50, 0x07, 0x0A, 0x00, 0x06,
    0x00, 0x10, 0x00, 0x00, 0x13, 0x33, 0x17, 0x37, 0x33, 0x05, 0x23, 0x01, 0x01, 0x21, 0x35, 0x21,
    0x15, 0x01, 0x21, 0x15, 0x21, 0xF3, 0xAF, 0xA4, 0xA4, 0xB3, 0xFE, 0xEE, 0x84, 0xFE, 0x2E, 0x02,
    0xFB, 0xFD, 0x20, 0x03, 0xEC, 0xFC, 0xFE, 0x03, 0x16, 0xFB, 0xE5, 0x07, 0x0A, 0x86, 0x86, 0xEB,
    0xFA, 0x10, 0x04, 0xD3, 0x98, 0x28, 0xFB, 0x26, 0x98, 0x00, 0x00, 0x00, 0x00, 0x02, 0x00, 0x35,
    0x00, 0x00, 0x04, 0x50, 0x07, 0x07, 0x00, 0x0C, 0x00, 0x16, 0x00, 0x00, 0x00, 0x26, 0x26, 0x35,
    0x34, 0x36, 0x33, 0x32, 0x16, 0x15, 0x14, 0x06, 0x23, 0x01, 0x01, 0x21, 0x35, 0x21, 0x15, 0x01,
    0x21, 0x15, 0x21, 0x02, 0x28, 0x37, 0x21, 0x47, 0x31, 0x32, 0x45, 0x45, 0x32, 0xFD, 0xED, 0x02,
    0xFB, 0xFD, 0x20, 0x03, 0xEC, 0xFC, 0xFE, 0x03, 0x16, 0xFB, 0xE5, 0x06, 0x1A, 0x20, 0x37, 0x21,
    0x30, 0x45, 0x43, 0x32, 0x32, 0x46, 0xFA, 0x15, 0x04, 0xD3, 0x98, 0x28, 0xFB, 0x26, 0x98, 0x00,
    0x00, 0x02, 0x00, 0x5B, 0xFF, 0xD9, 0x03, 0xDB, 0x03, 0xE8, 0x00, 0x21, 0x00, 0x30, 0x00, 0x00,
    0x05, 0x26, 0x27, 0x0E, 0x02, 0x23, 0x22, 0x26, 0x26, 0x35, 0x34, 0x36, 0x36, 0x33, 0x32, 0x17,
    0x35, 0x34, 0x26, 0x23, 0x22, 0x06, 0x07, 0x27, 0x36, 0x36, 0x33, 0x32, 0x16, 0x17, 0x13, 0x16,
    0x17, 0x24, 0x36, 0x36, 0x35, 0x35, 0x26, 0x26, 0x23, 0x22, 0x06, 0x15, 0x14, 0x16, 0x16, 0x33,
    0x03, 0x4A, 0x37, 0x1C, 0x11, 0x62, 0x88, 0x46, 0x63, 0x9D, 0x5B, 0x5E, 0xAD, 0x73, 0x8A, 0x7D,
    0x70, 0x6E, 0x2A, 0x9D, 0x44, 0x1C, 0x7A, 0x8B, 0x2F, 0xB6, 0xBC, 0x01, 0x02, 0x01, 0x56, 0xFE,
    0x4E, 0x76, 0x41, 0x32, 0x7A, 0x42, 0x6B, 0x80, 0x35, 0x60, 0x3F, 0x27, 0x60, 0x66, 0x32, 0x54,
    0x30, 0x3E, 0x82, 0x61, 0x5E, 0x8B, 0x4A, 0x47, 0x66, 0x78, 0x6E, 0x0D, 0x0B, 0xA4, 0x0E, 0x0C,
    0xC0, 0xBE, 0xFE, 0xE0, 0x93, 0x9B, 0x66, 0x36, 0x64, 0x41, 0x09, 0x1C, 0x1F, 0x4B, 0x42, 0x2B,
    0x42, 0x25, 0x00, 0x00, 0xFF, 0xFF, 0x00, 0x5B, 0xFF, 0xD9, 0x03, 0xDB, 0x06, 0x0A, 0x00, 0x22,
    0x00, 0x74, 0x00, 0x00, 0x00, 0x03, 0x01, 0x40, 0x03, 0x65, 0x00, 0x00, 0xFF, 0xFF, 0x00, 0x5B,
    0xFF, 0xD9, 0x03, 0xDB, 0x05, 0xBE, 0x00, 0x22, 0x00, 0x74, 0x00, 0x00, 0x00, 0x03, 0x01, 0x41,
    0x03, 0x3F, 0x00, 0x00, 0xFF, 0xFF, 0x00, 0x5B, 0xFF, 0xD9, 0x03, 0xDB, 0x06, 0x0E, 0x00, 0x22,
    0x00, 0x74, 0x00, 0x00, 0x00, 0x03, 0x01, 0x44, 0x03, 0x8B, 0x00, 0x00, 0xFF, 0xFF, 0x00, 0x5B,
    0xFF, 0xD9, 0x03, 0xDB, 0x05, 0x7E, 0x00, 0x22, 0x00, 0x74, 0x00, 0x00, 0x00, 0x03, 0x01, 0x47,
    0x03, 0xB8, 0x00, 0x00, 0xFF, 0xFF, 0x00, 0x5B, 0xFF, 0xD9, 0x03, 0xDB, 0x06, 0x00, 0x00, 0x22,
    0x00, 0x74, 0x00, 0x00, 0x00, 0x03, 0x01, 0x49, 0x02, 0x92, 0x00, 0x00, 0xFF, 0xFF, 0x00, 0x5B,
    0xFF, 0xD9, 0x03, 0xDB, 0x05, 0x31, 0x00, 0x22, 0x00, 0x74, 0x00, 0x00, 0x00, 0x03, 0x01, 0x4B,
    0x03, 0xB2, 0x00, 0x00, 0x00, 0x02, 0x00, 0x5B, 0xFE, 0x70, 0x03, 0xDB, 0x03, 0xE8, 0x00, 0x2D,
    0x00, 0x3C, 0x00, 0x00, 0x00, 0x37, 0x17, 0x06, 0x23, 0x22, 0x35, 0x34, 0x37, 0x26, 0x27, 0x0E,
    0x02, 0x23, 0x22, 0x26, 0x26, 0x35, 0x34, 0x36, 0x36, 0x33, 0x32, 0x17, 0x35, 0x34, 0x26, 0x23,
    0x22, 0x06, 0x07, 0x27, 0x36, 0x36, 0x33, 0x32, 0x16, 0x17, 0x13, 0x16, 0x17, 0x06, 0x15, 0x14,
    0x33, 0x00, 0x36, 0x36, 0x35, 0x35, 0x26, 0x26, 0x23, 0x22, 0x06, 0x15, 0x14, 0x16, 0x16, 0x33,
    0x03, 0xA9, 0x19, 0x0F, 0x23, 0x3E, 0xC6, 0x8E, 0x2C, 0x15, 0x11, 0x62, 0x88, 0x46, 0x63, 0x9D,
    0x5B, 0x5E, 0xAD, 0x73, 0x8A, 0x7D, 0x70, 0x6E, 0x2A, 0x9D, 0x44, 0x1C, 0x7A, 0x8B, 0x2F, 0xB6,
    0xBC, 0x01, 0x02, 0x01, 0x56, 0xA9, 0x58, 0xFE, 0x9F, 0x76, 0x41, 0x32, 0x7A, 0x42, 0x6B, 0x80,
    0x35, 0x60, 0x3F, 0xFE, 0xEF, 0x0D, 0x7F, 0x0D, 0xAA, 0x6F, 0x72, 0x57, 0x4D, 0x32, 0x54, 0x30,
    0x3E, 0x82, 0x61, 0x5E, 0x8B, 0x4A, 0x47, 0x66, 0x78, 0x6E, 0x0D, 0x0B, 0xA4, 0x0E, 0x0C, 0xC0,
    0xBE, 0xFE, 0xE0, 0x93, 0x9B, 0x87, 0x4C, 0x5A, 0x01, 0x93, 0x36, 0x64, 0x41, 0x09, 0x1C, 0x1F,
    0x4B, 0x42, 0x2B, 0x42, 0x25, 0x00, 0x00, 0x00, 0xFF, 0xFF, 0x00, 0x5B, 0xFF, 0xD9, 0x03, 0xDB,
    0x05, 0xFE, 0x00, 0x22, 0x00, 0x74, 0x00, 0x00, 0x00, 0x03, 0x01, 0x4D, 0x03, 0x27, 0x00, 0x00,
    0xFF, 0xFF, 0x00, 0x5B, 0xFF, 0xD9, 0x03, 0xDB, 0x05, 0x9E, 0x00, 0x22, 0x00, 0x74, 0x00, 0x00,
    0x00, 0x03, 0x01, 0x50, 0x03, 0x57, 0x00, 0x00, 0x00, 0x03, 0x00, 0x5B, 0xFF, 0xE9, 0x06, 0x5C,
    0x03, 0xEC, 0x00, 0x33, 0x00, 0x3D, 0x00, 0x4C, 0x00, 0x00, 0x24, 0x36, 0x37, 0x17, 0x06, 0x06,
    0x23, 0x22, 0x26, 0x27, 0x0E, 0x02, 0x23, 0x22, 0x26, 0x26, 0x35, 0x34, 0x36, 0x36, 0x33, 0x32,
    0x17, 0x34, 0x37, 0x35, 0x34, 0x26, 0x23, 0x22, 0x06, 0x07, 0x27, 0x36, 0x36, 0x33, 0x32, 0x17,
    0x36, 0x36, 0x33, 0x32, 0x16, 0x16, 0x15, 0x14, 0x07, 0x05, 0x16, 0x16, 0x33, 0x02, 0x06, 0x07,
    0x25, 0x36, 0x35, 0x34, 0x26, 0x26, 0x23, 0x00, 0x36, 0x37, 0x26, 0x27, 0x26, 0x26, 0x23, 0x22,
    0x06, 0x15, 0x14, 0x16, 0x16, 0x33, 0x05, 0x37, 0x96, 0x4B, 0x33, 0x47, 0xDA, 0x59, 0x9C, 0xDE,
    0x3A, 0x02, 0x69, 0xA5, 0x57, 0x63, 0x9D, 0x5B, 0x5E, 0xAD, 0x73, 0x89, 0x7F, 0x01, 0x70, 0x6E,
    0x2A, 0x9D, 0x44, 0x1C, 0x7A, 0x8B, 0x2F, 0xE4, 0x59, 0x3E, 0xC0, 0x7B, 0x87, 0xB6, 0x58, 0x16,
    0xFD, 0x48, 0x16, 0xB4, 0x9C, 0xD1, 0x90, 0x0A, 0x02, 0x1D, 0x02, 0x32, 0x6F, 0x56, 0xFD, 0x9C,
    0x97, 0x14, 0x0A, 0x03, 0x32, 0x81, 0x46, 0x6A, 0x81, 0x35, 0x60, 0x3F, 0x80, 0x1E, 0x1D, 0x8C,
    0x1E, 0x28, 0x6F, 0x71, 0x3C, 0x67, 0x3D, 0x3E, 0x82, 0x61, 0x5E, 0x8B, 0x4A, 0x47, 0x16, 0x0B,
    0x45, 0x78, 0x6E, 0x0D, 0x0B, 0xA4, 0x0E, 0x0C, 0x95, 0x4B, 0x4E, 0x7D, 0xC9, 0x73, 0x4F, 0x4F,
    0x05, 0x87, 0x89, 0x02, 0xCF, 0xA4, 0x8B, 0x05, 0x18, 0x0C, 0x44, 0x77, 0x4B, 0xFD, 0x33, 0x5B,
    0x4E, 0x27, 0x17, 0x1F, 0x23, 0x51, 0x46, 0x2B, 0x42, 0x25, 0x00, 0x00, 0x00, 0x02, 0x00, 0xA7,
    0xFF, 0xE9, 0x04, 0x55, 0x05, 0xEC, 0x00, 0x10, 0x00, 0x21, 0x00, 0x00, 0x00, 0x16, 0x16, 0x15,
    0x14, 0x06, 0x06, 0x23, 0x22, 0x27, 0x07, 0x23, 0x03, 0x33, 0x11, 0x36, 0x33, 0x12, 0x36, 0x36,
    0x35, 0x34, 0x26, 0x26, 0x23, 0x22, 0x06, 0x07, 0x15, 0x17, 0x14, 0x16, 0x16, 0x33, 0x03, 0x2E,
    0xC5, 0x62, 0x6C, 0xD5, 0x99, 0xE8, 0x44, 0x2F, 0x77, 0x02, 0xA5, 0x87, 0xCC, 0x3A, 0x81, 0x4B,
    0x41, 0x80, 0x59, 0x64, 0x85, 0x56, 0x01, 0x67, 0x8E, 0x45, 0x03, 0xE8, 0x79, 0xDD, 0x95, 0xA3,
    0xEF, 0x82, 0xA7, 0x90, 0x05, 0xEC, 0xFD, 0x6B, 0x91, 0xFC, 0x9A, 0x50, 0xAB, 0x82, 0x5F, 0x93,
    0x53, 0x29, 0x3B, 0xBC, 0x82, 0x6E, 0x81, 0x31, 0x00, 0x01, 0x00, 0x5F, 0xFF, 0xE9, 0x03, 0x98,
    0x03, 0xE7, 0x00, 0x1A, 0x00, 0x00, 0x04, 0x26, 0x26, 0x35, 0x34, 0x36, 0x36, 0x17, 0x36, 0x16,
    0x17, 0x07, 0x26, 0x23, 0x22, 0x06, 0x15, 0x14, 0x16, 0x33, 0x32, 0x36, 0x37, 0x17, 0x06, 0x06,
    0x23, 0x01, 0xAB, 0xDA, 0x72, 0x74, 0xE0, 0x9D, 0x52, 0x9E, 0x37, 0x28, 0x7A, 0x84, 0xA7, 0x96,
    0xAB, 0xA4, 0x43, 0x69, 0x56, 0x33, 0x54, 0xB2, 0x50, 0x17, 0x7A, 0xE5, 0x9D, 0x9C, 0xE8, 0x7E,
    0x01, 0x01, 0x1F, 0x1A, 0xA6, 0x37, 0xAB, 0xAA, 0xB2, 0xAE, 0x1B, 0x20, 0x98, 0x20, 0x24, 0x00,
    0xFF, 0xFF, 0x00, 0x5F, 0xFF, 0xE9, 0x03, 0x98, 0x06, 0x0A, 0x00, 0x22, 0x00, 0x80, 0x00, 0x00,
    0x00, 0x03, 0x01, 0x40, 0x03, 0x35, 0x00, 0x00, 0xFF, 0xFF, 0x00, 0x5F, 0xFF, 0xE9, 0x03, 0x98,
    0x06, 0x0C, 0x00, 0x22, 0x00, 0x80, 0x00, 0x00, 0x00, 0x03, 0x01, 0x42, 0x03, 0x52, 0x00, 0x00,
    0x00, 0x01, 0x00, 0x5F, 0xFE, 0x50, 0x03, 0x98, 0x03, 0xE7, 0x00, 0x2B, 0x00, 0x00, 0x04, 0x16,
    0x15, 0x14, 0x21, 0x22, 0x27, 0x35, 0x16, 0x33, 0x32, 0x35, 0x34, 0x23, 0x22, 0x07, 0x35, 0x2E,
    0x02, 0x35, 0x34, 0x36, 0x36, 0x17, 0x36, 0x16, 0x17, 0x07, 0x26, 0x23, 0x22, 0x06, 0x15, 0x14,
    0x16, 0x33, 0x32, 0x36, 0x37, 0x17, 0x06, 0x07, 0x15, 0x02, 0xC9, 0x6B, 0xFE, 0xED, 0x1D, 0x24,
    0x2B, 0x1B, 0x79, 0x6D, 0x0D, 0x1C, 0x86, 0xC0, 0x64, 0x74, 0xE0, 0x9D, 0x52, 0x9E, 0x37, 0x28,
    0x7A, 0x84, 0xA7, 0x96, 0xAB, 0xA4, 0x43, 0x69, 0x56, 0x33, 0x99, 0x93, 0x68, 0x50, 0x48, 0xB0,
    0x02, 0x6E, 0x06, 0x3C, 0x3E, 0x04, 0xBB, 0x0B, 0x80, 0xDC, 0x93, 0x9C, 0xE8, 0x7E, 0x01, 0x01,
    0x1F, 0x1A, 0xA6, 0x37, 0xAB, 0xAA, 0xB2, 0xAE, 0x1B, 0x20, 0x98, 0x3A, 0x09, 0x52, 0x00, 0x00,
    0xFF, 0xFF, 0x00, 0x5F, 0xFF, 0xE9, 0x03, 0x98, 0x05, 0x8B, 0x00, 0x22, 0x00, 0x80, 0x00, 0x00,
    0x00, 0x03, 0x01, 0x48, 0x02, 0xA6, 0x00, 0x00, 0x00, 0x02, 0x00, 0x63, 0xFF, 0xD9, 0x04, 0x67,
    0x05, 0xED, 0x00, 0x14, 0x00, 0x23, 0x00, 0x00, 0x05, 0x26, 0x27, 0x06, 0x06, 0x23, 0x22, 0x26,
    0x26, 0x35, 0x34, 0x36, 0x36, 0x33, 0x32, 0x17, 0x11, 0x33, 0x11, 0x16, 0x17, 0x24, 0x36, 0x35,
    0x11, 0x26, 0x26, 0x23, 0x22, 0x06, 0x06, 0x15, 0x14, 0x16, 0x16, 0x33, 0x03, 0xD6, 0x39, 0x1B,
    0x2B, 0xB5, 0x89, 0x83, 0xC6, 0x6D, 0x7A, 0xDF, 0x93, 0x97, 0x86, 0xA4, 0x01, 0x56, 0xFE, 0x6C,
    0x99, 0x3E, 0x90, 0x42, 0x65, 0x94, 0x50, 0x40, 0x88, 0x66, 0x27, 0x67, 0x63, 0x5C, 0x5E, 0x7B,
    0xE0, 0x94, 0x9D, 0xEF, 0x84, 0x68, 0x02, 0x6D, 0xFB, 0x5D, 0x93, 0x9B, 0x6A, 0xA7, 0x98, 0x01,
    0x2C, 0x36, 0x2C, 0x59, 0xA5, 0x72, 0x56, 0xA0, 0x67, 0x00, 0x00, 0x00, 0x00, 0x02, 0x00, 0x60,
    0xFF, 0xEA, 0x04, 0x18, 0x05, 0xF4, 0x00, 0x1F, 0x00, 0x2D, 0x00, 0x00, 0x04, 0x26, 0x26, 0x35,
    0x34, 0x36, 0x36, 0x33, 0x32, 0x17, 0x37, 0x26, 0x27, 0x05, 0x27, 0x25, 0x26, 0x26, 0x27, 0x27,
    0x37, 0x16, 0x17, 0x25, 0x17, 0x05, 0x00, 0x11, 0x14, 0x06, 0x06, 0x23, 0x3E, 0x02, 0x35, 0x10,
    0x21, 0x22, 0x06, 0x06, 0x15, 0x14, 0x16, 0x16, 0x33, 0x01, 0xA5, 0xD4, 0x71, 0x76, 0xDA, 0x90,
    0x7B, 0x57, 0x04, 0x5B, 0x6B, 0xFE, 0xD5, 0x33, 0x01, 0x0E, 0x1D, 0x4A, 0x06, 0x21, 0x6D, 0x3F,
    0x63, 0x01, 0x21, 0x37, 0xFE, 0xF8, 0x01, 0x47, 0x75, 0xDA, 0x91, 0x66, 0x88, 0x4A, 0xFE, 0xD6,
    0x62, 0x8F, 0x4D, 0x4B, 0x8D, 0x62, 0x16, 0x7E, 0xEB, 0xA1, 0xA1, 0xF8, 0x89, 0x4E, 0x03, 0xA3,
    0x67, 0x97, 0x62, 0x83, 0x1A, 0x37, 0x04, 0x18, 0x55, 0x2D, 0x54, 0x90, 0x5E, 0x82, 0xFE, 0xCC,
    0xFE, 0x2E, 0xA0, 0xF8, 0x8C, 0x88, 0x62, 0xB3, 0x77, 0x01, 0x90, 0x62, 0xB6, 0x7C, 0x78, 0xB1,
    0x5F, 0x00, 0x00, 0x00, 0xFF, 0xFF, 0x00, 0x63, 0xFF, 0xD9, 0x05, 0x13, 0x05, 0xED, 0x00, 0x22,
    0x00, 0x85, 0x00, 0x00, 0x00, 0x03, 0x01, 0x51, 0x05, 0x3E, 0x00, 0x00, 0x00, 0x02, 0x00, 0x63,
    0xFF, 0xD9, 0x04, 0x96, 0x05, 0xED, 0x00, 0x1C, 0x00, 0x2B, 0x00, 0x00, 0x01, 0x11, 0x16, 0x17,
    0x07, 0x26, 0x27, 0x06, 0x06, 0x23, 0x22, 0x26, 0x26, 0x35, 0x34, 0x36, 0x36, 0x33, 0x32, 0x17,
    0x11, 0x21, 0x35, 0x21, 0x35, 0x33, 0x15, 0x33, 0x15, 0x00, 0x36, 0x35, 0x11, 0x26, 0x26, 0x23,
    0x22, 0x06, 0x06, 0x15, 0x14, 0x16, 0x16, 0x33, 0x04, 0x10, 0x01, 0x56, 0x91, 0x39, 0x1B, 0x2B,
    0xB5, 0x89, 0x83, 0xC6, 0x6D, 0x7A, 0xDF, 0x93, 0x97, 0x86, 0xFE, 0xD4, 0x01, 0x2C, 0xA4, 0x86,
    0xFE, 0x3D, 0x99, 0x3E, 0x90, 0x42, 0x65, 0x94, 0x50, 0x40, 0x88, 0x66, 0x04, 0xA0, 0xFC, 0xAA,
    0x93, 0x9B, 0x43, 0x67, 0x63, 0x5C, 0x5E, 0x7B, 0xE0, 0x94, 0x9D, 0xEF, 0x84, 0x68, 0x01, 0x20,
    0x91, 0xBC, 0xBC, 0x91, 0xFB, 0xE6, 0xA7, 0x98, 0x01, 0x2C, 0x36, 0x2C, 0x59, 0xA5, 0x72, 0x56,
    0xA0, 0x67, 0x00, 0x00, 0x00, 0x02, 0x00, 0x60, 0xFF, 0xE9, 0x03, 0xDB, 0x03, 0xEC, 0x00, 0x17,
    0x00, 0x21, 0x00, 0x00, 0x24, 0x36, 0x37, 0x17, 0x06, 0x06, 0x23, 0x22, 0x24, 0x11, 0x34, 0x36,
    0x36, 0x33, 0x32, 0x16, 0x16, 0x15, 0x14, 0x07, 0x05, 0x16, 0x16, 0x33, 0x02, 0x06, 0x07, 0x25,
    0x36, 0x35, 0x34, 0x26, 0x26, 0x23, 0x02, 0xB6, 0x96, 0x4B, 0x33, 0x47, 0xDA, 0x59, 0xEC, 0xFE,
    0xFC, 0x73, 0xDA, 0x99, 0x87, 0xB6, 0x58, 0x16, 0xFD, 0x48, 0x16, 0xB4, 0x9C, 0xD1, 0x90, 0x0A,
    0x02, 0x1D, 0x02, 0x32, 0x6F, 0x56, 0x80, 0x1E, 0x1D, 0x8C, 0x1E, 0x28, 0xFD, 0x01, 0x07, 0xA4,
    0xE5, 0x76, 0x7D, 0xC9, 0x73, 0x4F, 0x4F, 0x05, 0x87, 0x89, 0x02, 0xCF, 0xA4, 0x8B, 0x05, 0x18,
    0x0C, 0x44, 0x77, 0x4B, 0xFF, 0xFF, 0x00, 0x60, 0xFF, 0xE9, 0x03, 0xDB, 0x06, 0x0A, 0x00, 0x22,
    0x00, 0x89, 0x00, 0x00, 0x00, 0x03, 0x01, 0x40, 0x03, 0x74, 0x00, 0x00, 0xFF, 0xFF, 0x00, 0x60,
    0xFF, 0xE9, 0x03, 0xDB, 0x06, 0x0C, 0x00, 0x22, 0x00, 0x89, 0x00, 0x00, 0x00, 0x03, 0x01, 0x42,
    0x03, 0x91, 0x00, 0x00, 0xFF, 0xFF, 0x00, 0x60, 0xFF, 0xE9, 0x03, 0xDB, 0x06, 0x0E, 0x00, 0x22,
    0x00, 0x89, 0x00, 0x00, 0x00, 0x03, 0x01, 0x44, 0x03, 0x9A, 0x00, 0x00, 0xFF, 0xFF, 0x00, 0x60,
    0xFF, 0xE9, 0x03, 0xDB, 0x05, 0x7E, 0x00, 0x22, 0x00, 0x89, 0x00, 0x00, 0x00, 0x03, 0x01, 0x47,
    0x03, 0xC7, 0x00, 0x00, 0xFF, 0xFF, 0x00, 0x60, 0xFF, 0xE9, 0x03, 0xDB, 0x05, 0x8B, 0x00, 0x22,
    0x00, 0x89, 0x00, 0x00, 0x00, 0x03, 0x01, 0x48, 0x02, 0xE5, 0x00, 0x00, 0xFF, 0xFF, 0x00, 0x60,
    0xFF, 0xE9, 0x03, 0xDB, 0x06, 0x00, 0x00, 0x22, 0x00, 0x89, 0x00, 0x00, 0x00, 0x03, 0x01, 0x49,
    0x02, 0xA1, 0x00, 0x00, 0xFF, 0xFF, 0x00, 0x60, 0xFF, 0xE9, 0x03, 0xDB, 0x05, 0x31, 0x00, 0x22,
    0x00, 0x89, 0x00, 0x00, 0x00, 0x03, 0x01, 0x4B, 0x03, 0xC1, 0x00, 0x00, 0x00, 0x02, 0x00, 0x60,
    0xFE, 0x70, 0x03, 0xDB, 0x03, 0xEC, 0x00, 0x25, 0x00, 0x2F, 0x00, 0x00, 0x00, 0x37, 0x17, 0x06,
    0x23, 0x22, 0x35, 0x34, 0x37, 0x06, 0x23, 0x22, 0x24, 0x11, 0x34, 0x36, 0x36, 0x33, 0x32, 0x16,
    0x16, 0x15, 0x14, 0x07, 0x05, 0x16, 0x16, 0x33, 0x32, 0x36, 0x37, 0x17, 0x15, 0x07, 0x06, 0x15,
    0x14, 0x33, 0x00, 0x06, 0x07, 0x25, 0x36, 0x35, 0x34, 0x26, 0x26, 0x23, 0x03, 0x94, 0x11, 0x29,
    0x28, 0x4E, 0xDA, 0x8E, 0x6A, 0x52, 0xEC, 0xFE, 0xFC, 0x73, 0xDA, 0x99, 0x87, 0xB6, 0x58, 0x16,
    0xFD, 0x48, 0x16, 0xB4, 0x9C, 0x43, 0x96, 0x4B, 0x33, 0x03, 0xC1, 0x6C, 0xFE, 0x30, 0x90, 0x0A,
    0x02, 0x1D, 0x02, 0x32, 0x6F, 0x56, 0xFE, 0xEF, 0x17, 0x73, 0x23, 0xAA, 0x6E, 0x73, 0x12, 0xFD,
    0x01, 0x07, 0xA4, 0xE5, 0x76, 0x7D, 0xC9, 0x73, 0x4F, 0x4F, 0x05, 0x87, 0x89, 0x1E, 0x1D, 0x8B,
    0x01, 0x01, 0x91, 0x54, 0x5A, 0x04, 0x60, 0xA4, 0x8B, 0x05, 0x18, 0x0C, 0x44, 0x77, 0x4B, 0x00,
    0x00, 0x01, 0x00, 0x34, 0x00, 0x02, 0x02, 0xAC, 0x05, 0xFE, 0x00, 0x19, 0x00, 0x00, 0x00, 0x06,
    0x06, 0x15, 0x15, 0x37, 0x15, 0x23, 0x11, 0x23, 0x11, 0x23, 0x35, 0x37, 0x35, 0x34, 0x36, 0x33,
    0x32, 0x17, 0x17, 0x07, 0x26, 0x27, 0x26, 0x23, 0x01, 0xD8, 0x3B, 0x16, 0xEF, 0xEF, 0xA4, 0xAF,
    0xAF, 0x7E, 0xA1, 0x22, 0x5E, 0x2A, 0x24, 0x25, 0x0A, 0x31, 0x19, 0x05, 0x5B, 0x33, 0x63, 0x50,
    0xA6, 0x01, 0x91, 0xFC, 0xC3, 0x03, 0x3D, 0x8F, 0x01, 0x9C, 0xBC, 0xD7, 0x0A, 0x05, 0xA0, 0x04,
    0x01, 0x07, 0x00, 0x00, 0x00, 0x02, 0x00, 0x63, 0xFE, 0x1E, 0x04, 0x10, 0x03, 0xE8, 0x00, 0x17,
    0x00, 0x27, 0x00, 0x00, 0x01, 0x11, 0x14, 0x04, 0x05, 0x27, 0x3E, 0x02, 0x35, 0x35, 0x06, 0x23,
    0x22, 0x26, 0x26, 0x35, 0x34, 0x36, 0x36, 0x33, 0x32, 0x17, 0x37, 0x03, 0x11, 0x26, 0x26, 0x23,
    0x22, 0x06, 0x06, 0x15, 0x14, 0x16, 0x16, 0x33, 0x32, 0x36, 0x35, 0x04, 0x10, 0xFE, 0xA3, 0xFE,
    0xC4, 0x13, 0xBF, 0xE3, 0x66, 0x60, 0xF3, 0x83, 0xC6, 0x6D, 0x7A, 0xDF, 0x93, 0xA0, 0x90, 0x16,
    0x28, 0x3E, 0x91, 0x42, 0x65, 0x94, 0x50, 0x40, 0x88, 0x66, 0x92, 0x99, 0x03, 0xCE, 0xFC, 0x32,
    0xF6, 0xEA, 0x02, 0x9A, 0x09, 0x57, 0xA1, 0x7E, 0x44, 0x92, 0x7B, 0xE0, 0x94, 0x9D, 0xEF, 0x84,
    0x78, 0x5E, 0xFD, 0xF6, 0x01, 0x2C, 0x36, 0x2D, 0x59, 0xA5, 0x72, 0x56, 0xA0, 0x67, 0xA7, 0x98,
    0xFF, 0xFF, 0x00, 0x63, 0xFE, 0x1E, 0x04, 0x10, 0x05, 0xBE, 0x00, 0x22, 0x00, 0x93, 0x00, 0x00,
    0x00, 0x03, 0x01, 0x41, 0x03, 0x91, 0x00, 0x00, 0xFF, 0xFF, 0x00, 0x63, 0xFE, 0x1E, 0x04, 0x10,
    0x06, 0x6A, 0x00, 0x22, 0x00, 0x93, 0x00, 0x00, 0x00, 0x03, 0x01, 0x46, 0x03, 0x30, 0x00, 0x00,
    0xFF, 0xFF, 0x00, 0x63, 0xFE, 0x1E, 0x04, 0x10, 0x05, 0x8B, 0x00, 0x22, 0x00, 0x93, 0x00, 0x00,
    0x00, 0x03, 0x01, 0x48, 0x03, 0x28, 0x00, 0x00, 0x00, 0x01, 0x00, 0xA5, 0x00, 0x00, 0x03, 0xF8,
    0x05, 0xED, 0x00, 0x13, 0x00, 0x00, 0x00, 0x16, 0x16, 0x15, 0x11, 0x23, 0x11, 0x34, 0x26, 0x23,
    0x22, 0x06, 0x07, 0x11, 0x23, 0x11, 0x33, 0x11, 0x36, 0x33, 0x02, 0xF3, 0xAE, 0x57, 0xA4, 0x6A,
    0x78, 0x56, 0x98, 0x3B, 0xA4, 0xA4, 0x73, 0xB7, 0x03, 0xE8, 0x64, 0xB0, 0x72, 0xFD, 0x9E, 0x02,
    0x34, 0x7B, 0x9C, 0x3D, 0x36, 0xFD, 0x28, 0x05, 0xED, 0xFD, 0x8A, 0x71, 0x00, 0x01, 0x00, 0x1E,
    0x00, 0x00, 0x03, 0xF8, 0x05, 0xED, 0x00, 0x1B, 0x00, 0x00, 0x00, 0x16, 0x16, 0x15, 0x11, 0x23,
    0x11, 0x34, 0x26, 0x23, 0x22, 0x06, 0x07, 0x11, 0x23, 0x11, 0x23, 0x35, 0x33, 0x35, 0x33, 0x15,
    0x21, 0x15, 0x21, 0x11, 0x36, 0x33, 0x02, 0xF3, 0xAE, 0x57, 0xA4, 0x6A, 0x78, 0x56, 0x98, 0x3B,
    0xA4, 0x87, 0x87, 0xA4, 0x01, 0x2B, 0xFE, 0xD5, 0x73, 0xB7, 0x03, 0xE8, 0x64, 0xB0, 0x72, 0xFD,
    0x9E, 0x02, 0x34, 0x7B, 0x9C, 0x3D, 0x36, 0xFD, 0x28, 0x04, 0xAE, 0x91, 0xAE, 0xAE, 0x91, 0xFE,
    0xC9, 0x71, 0x00, 0x00, 0x00, 0x02, 0x00, 0x8B, 0x00, 0x00, 0x01, 0x6A, 0x05, 0xDE, 0x00, 0x0B,
    0x00, 0x0F, 0x00, 0x00, 0x12, 0x26, 0x35, 0x34, 0x36, 0x33, 0x32, 0x16, 0x15, 0x14, 0x06, 0x23,
    0x03, 0x33, 0x11, 0x23, 0xCB, 0x40, 0x40, 0x30, 0x2F, 0x40, 0x40, 0x2F, 0x55, 0xA4, 0xA4, 0x04,
    0xFF, 0x40, 0x30, 0x2F, 0x40, 0x40, 0x2F, 0x30, 0x40, 0xFE, 0xCF, 0xFC, 0x32, 0x00, 0x00, 0x00,
    0x00, 0x01, 0x00, 0xA6, 0x00, 0x00, 0x01, 0x4A, 0x03, 0xCE, 0x00, 0x03, 0x00, 0x00, 0x13, 0x33,
    0x11, 0x23, 0xA6, 0xA4, 0xA4, 0x03, 0xCE, 0xFC, 0x32, 0x00, 0x00, 0x00, 0xFF, 0xFF, 0x00, 0x8E,
    0x00, 0x00, 0x02, 0x31, 0x06, 0x0A, 0x00, 0x22, 0x00, 0x9A, 0x00, 0x00, 0x00, 0x03, 0x01, 0x40,
    0x02, 0x54, 0x00, 0x00, 0xFF, 0xFF, 0xFF, 0xDE, 0x00, 0x00, 0x02, 0x12, 0x06, 0x0E, 0x00, 0x22,
    0x00, 0x9A, 0x00, 0x00, 0x00, 0x03, 0x01, 0x44, 0x02, 0x7A, 0x00, 0x00, 0xFF, 0xFF, 0xFF, 0xBF,
    0x00, 0x00, 0x02, 0x30, 0x05, 0x7E, 0x00, 0x22, 0x00, 0x9A, 0x00, 0x00, 0x00, 0x03, 0x01, 0x47,
    0x02, 0xA7, 0x00, 0x00, 0xFF, 0xFF, 0x00, 0x80, 0x00, 0x00, 0x01, 0x6F, 0x05, 0x8B, 0x00, 0x22,
    0x00, 0x9A, 0x00, 0x00, 0x00, 0x03, 0x01, 0x48, 0x01, 0xC5, 0x00, 0x00, 0xFF, 0xFF, 0xFF, 0xC2,
    0x00, 0x00, 0x01, 0x51, 0x06, 0x00, 0x00, 0x22, 0x00, 0x9A, 0x00, 0x00, 0x00, 0x03, 0x01, 0x49,
    0x01, 0x81, 0x00, 0x00, 0xFF, 0xFF, 0x00, 0x8B, 0xFE, 0x1E, 0x03, 0x78, 0x05, 0xDE, 0x00, 0x22,
    0x00, 0x99, 0x00, 0x00, 0x00, 0x03, 0x00, 0xA3, 0x02, 0x0E, 0x00, 0x00, 0xFF, 0xFF, 0xFF, 0x81,
    0x00, 0x00, 0x02, 0x6F, 0x05, 0x31, 0x00, 0x22, 0x00, 0x9A, 0x00, 0x00, 0x00, 0x03, 0x01, 0x4B,
    0x02, 0xA1, 0x00, 0x00, 0xFF, 0xFF, 0x00, 0x40, 0xFE, 0x70, 0x01, 0x80, 0x05, 0x8B, 0x00, 0x22,
    0x00, 0x9A, 0x00, 0x00, 0x00, 0x23, 0x01, 0x48, 0x01, 0xC5, 0x00, 0x00, 0x00, 0x03, 0x01, 0x4C,
    0x01, 0x73, 0x00, 0x00, 0x00, 0x02, 0xFF, 0x64, 0xFE, 0x1E, 0x01, 0x6A, 0x05, 0xDE, 0x00, 0x0B,
    0x00, 0x16, 0x00, 0x00, 0x12, 0x26, 0x35, 0x34, 0x36, 0x33, 0x32, 0x16, 0x15, 0x14, 0x06, 0x23,
    0x01, 0x3E, 0x02, 0x35, 0x11, 0x33, 0x11, 0x14, 0x06, 0x07, 0xCD, 0x42, 0x42, 0x2E, 0x2E, 0x41,
    0x41, 0x2E, 0xFE, 0x69, 0x80, 0x8A, 0x38, 0xA4, 0xFB, 0xD6, 0x04, 0xFF, 0x42, 0x2E, 0x2E, 0x41,
    0x41, 0x2E, 0x2E, 0x42, 0xF9, 0xBF, 0x11, 0x56, 0x97, 0x7E, 0x03, 0x94, 0xFC, 0x46, 0xFD, 0xED,
    0x0C, 0x00, 0x00, 0x00, 0x00, 0x01, 0xFF, 0x64, 0xFE, 0x1E, 0x01, 0x4A, 0x03, 0xCE, 0x00, 0x0A,
    0x00, 0x00, 0x03, 0x3E, 0x02, 0x35, 0x11, 0x33, 0x11, 0x14, 0x06, 0x07, 0x9C, 0x80, 0x8A, 0x38,
    0xA4, 0xFB, 0xD6, 0xFE, 0xBE, 0x11, 0x56, 0x97, 0x7E, 0x03, 0x94, 0xFC, 0x46, 0xFD, 0xED, 0x0C,
    0x00, 0x01, 0x00, 0xA6, 0xFF, 0xFE, 0x03, 0xE0, 0x05, 0xEC, 0x00, 0x0D, 0x00, 0x00, 0x01, 0x07,
    0x11, 0x23, 0x11, 0x33, 0x11, 0x36, 0x37, 0x01, 0x17, 0x01, 0x01, 0x23, 0x02, 0x02, 0xB8, 0xA4,
    0xA4, 0x28, 0x1E, 0x01, 0x80, 0xA5, 0xFE, 0xBA, 0x01, 0x71, 0xB6, 0x01, 0xEE, 0xCB, 0xFE, 0xDD,
    0x05, 0xEC, 0xFC, 0x09, 0x3E, 0x1F, 0x01, 0x96, 0x1A, 0xFE, 0x98, 0xFD, 0x98, 0x00, 0x00, 0x00,
    0xFF, 0xFF, 0x00, 0xA6, 0xFD, 0x97, 0x03, 0xE0, 0x05, 0xEC, 0x00, 0x22, 0x00, 0xA5, 0x00, 0x00,
    0x00, 0x03, 0x01, 0x45, 0x02, 0xCE, 0x00, 0x00, 0x00, 0x01, 0x00, 0xA6, 0x00, 0x00, 0x01, 0x4A,
    0x05, 0xEC, 0x00, 0x03, 0x00, 0x00, 0x13, 0x33, 0x11, 0x23, 0xA6, 0xA4, 0xA4, 0x05, 0xEC, 0xFA,
    0x14, 0x00, 0x00, 0x00, 0xFF, 0xFF, 0x00, 0x90, 0x00, 0x00, 0x02, 0x33, 0x07, 0x90, 0x00, 0x22,
    0x00, 0xA7, 0x00, 0x00, 0x00, 0x03, 0x01, 0x40, 0x02, 0x56, 0x01, 0x86, 0xFF, 0xFF, 0x00, 0xA6,
    0x00, 0x00, 0x02, 0x97, 0x05, 0xEC, 0x00, 0x22, 0x00, 0xA7, 0x00, 0x00, 0x00, 0x03, 0x01, 0x51,
    0x02, 0xC2, 0x00, 0x00, 0xFF, 0xFF, 0x00, 0x34, 0xFD, 0x97, 0x01, 0x5D, 0x05, 0xEC, 0x00, 0x22,
    0x00, 0xA7, 0x00, 0x00, 0x00, 0x03, 0x01, 0x45, 0x01, 0xC9, 0x00, 0x00, 0xFF, 0xFF, 0x00, 0xA6,
    0x00, 0x00, 0x02, 0x87, 0x05, 0xEC, 0x00, 0x22, 0x00, 0xA7, 0x00, 0x00, 0x00, 0x03, 0x00, 0xFB,
    0x01, 0x37, 0x00, 0x64, 0x00, 0x01, 0x00, 0x16, 0x00, 0x00, 0x02, 0x12, 0x05, 0xEC, 0x00, 0x0B,
    0x00, 0x00, 0x01, 0x07, 0x11, 0x23, 0x11, 0x07, 0x35, 0x37, 0x11, 0x33, 0x11, 0x37, 0x02, 0x12,
    0xAA, 0xA4, 0xAE, 0xAE, 0xA4, 0xAA, 0x03, 0x2B, 0x76, 0xFD, 0x4B, 0x02, 0x44, 0x79, 0x9D, 0x79,
    0x03, 0x0B, 0xFD, 0x66, 0x76, 0x00, 0x00, 0x00, 0x00, 0x01, 0x00, 0xA5, 0x00, 0x00, 0x06, 0x53,
    0x03, 0xE8, 0x00, 0x23, 0x00, 0x00, 0x00, 0x16, 0x16, 0x17, 0x11, 0x23, 0x11, 0x26, 0x26, 0x23,
    0x22, 0x06, 0x07, 0x16, 0x15, 0x11, 0x23, 0x11, 0x26, 0x26, 0x23, 0x22, 0x06, 0x07, 0x03, 0x23,
    0x13, 0x33, 0x17, 0x36, 0x33, 0x32, 0x16, 0x17, 0x36, 0x33, 0x05, 0x61, 0xA1, 0x50, 0x01, 0xA4,
    0x02, 0x64, 0x72, 0x51, 0x8F, 0x35, 0x0E, 0xA4, 0x02, 0x64, 0x72, 0x4C, 0x88, 0x35, 0x02, 0xA4,
    0x02, 0x79, 0x1F, 0x71, 0xB9, 0x66, 0x95, 0x2C, 0x92, 0xCA, 0x03, 0xE8, 0x64, 0xB0, 0x72, 0xFD,
    0x9E, 0x02, 0x34, 0x7C, 0x9B, 0x39, 0x32, 0x3D, 0x41, 0xFD, 0x9E, 0x02, 0x34, 0x7C, 0x9B, 0x39,
    0x33, 0xFD, 0x21, 0x03, 0xCE, 0x60, 0x7A, 0x4C, 0x46, 0x92, 0x00, 0x00, 0x00, 0x01, 0x00, 0xA5,
    0x00, 0x00, 0x03, 0xF8, 0x03, 0xE8, 0x00, 0x13, 0x00, 0x00, 0x00, 0x16, 0x16, 0x15, 0x11, 0x23,
    0x11, 0x34, 0x26, 0x27, 0x06, 0x06, 0x07, 0x03, 0x23, 0x13, 0x33, 0x17, 0x36, 0x33, 0x02, 0xF3,
    0xAE, 0x57, 0xA4, 0x69, 0x79, 0x56, 0x97, 0x3A, 0x02, 0xA4, 0x02, 0x79, 0x1F, 0x74, 0xC0, 0x03,
    0xE8, 0x64, 0xB0, 0x72, 0xFD, 0x9E, 0x02, 0x34, 0x7B, 0x9C, 0x01, 0x01, 0x3D, 0x37, 0xFD, 0x29,
    0x03, 0xCE, 0x61, 0x7B, 0xFF, 0xFF, 0x00, 0xA5, 0x00, 0x00, 0x03, 0xF8, 0x06, 0x0A, 0x00, 0x22,
    0x00, 0xAE, 0x00, 0x00, 0x00, 0x03, 0x01, 0x40, 0x03, 0xA0, 0x00, 0x00, 0xFF, 0xFF, 0x00, 0xA5,
    0x00, 0x00, 0x03, 0xF8, 0x06, 0x0C, 0x00, 0x22, 0x00, 0xAE, 0x00, 0x00, 0x00, 0x03, 0x01, 0x42,
    0x03, 0xBD, 0x00, 0x00, 0xFF, 0xFF, 0x00, 0xA5, 0xFD, 0x97, 0x03, 0xF8, 0x03, 0xE8, 0x00, 0x22,
    0x00, 0xAE, 0x00, 0x00, 0x00, 0x03, 0x01, 0x45, 0x03, 0x15, 0x00, 0x00, 0x00, 0x01, 0x00, 0xA5,
    0xFE, 0x1E, 0x03, 0xF8, 0x03, 0xE8, 0x00, 0x1B, 0x00, 0x00, 0x00, 0x16, 0x16, 0x15, 0x11, 0x23,
    0x14, 0x06, 0x07, 0x27, 0x3E, 0x02, 0x35, 0x11, 0x34, 0x26, 0x27, 0x06, 0x06, 0x07, 0x03, 0x23,
    0x13, 0x33, 0x17, 0x36, 0x33, 0x02, 0xF3, 0xAE, 0x57, 0x01, 0xFB, 0xD6, 0x15, 0x80, 0x8B, 0x38,
    0x69, 0x79, 0x56, 0x97, 0x3A, 0x02, 0xA4, 0x02, 0x79, 0x1F, 0x74, 0xC0, 0x03, 0xE8, 0x64, 0xB0,
    0x72, 0xFD, 0x9E, 0xF3, 0xE4, 0x0B, 0xA0, 0x11, 0x56, 0x97, 0x7E, 0x01, 0xFA, 0x7B, 0x9C, 0x01,
    0x01, 0x3D, 0x37, 0xFD, 0x29, 0x03, 0xCE, 0x61, 0x7B, 0x00, 0x00, 0x00, 0xFF, 0xFF, 0x00, 0xA5,
    0x00, 0x00, 0x03, 0xF8, 0x05, 0x9E, 0x00, 0x22, 0x00, 0xAE, 0x00, 0x00, 0x00, 0x03, 0x01, 0x50,
    0x03, 0x92, 0x00, 0x00, 0x00, 0x02, 0x00, 0x5F, 0xFF, 0xE7, 0x04, 0x4E, 0x03, 0xE6, 0x00, 0x0F,
    0x00, 0x1F, 0x00, 0x00, 0x04, 0x26, 0x26, 0x35, 0x34, 0x36, 0x36, 0x33, 0x32, 0x16, 0x16, 0x07,
    0x14, 0x06, 0x06, 0x23, 0x3E, 0x02, 0x37, 0x2E, 0x02, 0x23, 0x22, 0x06, 0x06, 0x15, 0x14, 0x16,
    0x16, 0x33, 0x01, 0xC5, 0xE7, 0x7F, 0x7F, 0xE7, 0x98, 0x95, 0xE2, 0x7A, 0x01, 0x7B, 0xE1, 0x94,
    0x5E, 0x91, 0x51, 0x02, 0x02, 0x52, 0x90, 0x5E, 0x64, 0x99, 0x53, 0x53, 0x98, 0x65, 0x19, 0x7E,
    0xE7, 0x97, 0x99, 0xEA, 0x80, 0x80, 0xE9, 0x9A, 0x98, 0xE6, 0x7E, 0x9E, 0x57, 0x9F, 0x68, 0x6A,
    0xA2, 0x59, 0x5A, 0xA2, 0x6B, 0x68, 0x9E, 0x56, 0xFF, 0xFF, 0x00, 0x5F, 0xFF, 0xE7, 0x04, 0x4E,
    0x06, 0x0A, 0x00, 0x22, 0x00, 0xB4, 0x00, 0x00, 0x00, 0x03, 0x01, 0x40, 0x03, 0xB4, 0x00, 0x00,
    0xFF, 0xFF, 0x00, 0x5F, 0xFF, 0xE7, 0x04, 0x4E, 0x06, 0x0E, 0x00, 0x22, 0x00, 0xB4, 0x00, 0x00,
    0x00, 0x03, 0x01, 0x44, 0x03, 0xDA, 0x00, 0x00, 0xFF, 0xFF, 0x00, 0x5F, 0xFF, 0xE7, 0x04, 0x4E,
    0x05, 0x7E, 0x00, 0x22, 0x00, 0xB4, 0x00, 0x00, 0x00, 0x03, 0x01, 0x47, 0x04, 0x07, 0x00, 0x00,
    0xFF, 0xFF, 0x00, 0x5F, 0xFF, 0xE7, 0x04, 0x4E, 0x06, 0x00, 0x00, 0x22, 0x00, 0xB4, 0x00, 0x00,
    0x00, 0x03, 0x01, 0x49, 0x02, 0xE1, 0x00, 0x00, 0xFF, 0xFF, 0x00, 0x5F, 0xFF, 0xE7, 0x04, 0x4E,
    0x06, 0x00, 0x00, 0x22, 0x00, 0xB4, 0x00, 0x00, 0x00, 0x03, 0x01, 0x4A, 0x03, 0xFA, 0x00, 0x00,
    0xFF, 0xFF, 0x00, 0x5F, 0xFF, 0xE7, 0x04, 0x4E, 0x05, 0x31, 0x00, 0x22, 0x00, 0xB4, 0x00, 0x00,
    0x00, 0x03, 0x01, 0x4B, 0x04, 0x01, 0x00, 0x00, 0x00, 0x03, 0x00, 0x5F, 0xFF, 0xDA, 0x04, 0x5C,
    0x03, 0xF7, 0x00, 0x19, 0x00, 0x22, 0x00, 0x2B, 0x00, 0x00, 0x01, 0x16, 0x16, 0x07, 0x14, 0x06,
    0x06, 0x23, 0x22, 0x26, 0x27, 0x07, 0x27, 0x37, 0x26, 0x26, 0x35, 0x34, 0x36, 0x36, 0x33, 0x32,
    0x16, 0x17, 0x37, 0x17, 0x00, 0x17, 0x01, 0x26, 0x23, 0x22, 0x06, 0x06, 0x15, 0x24, 0x27, 0x01,
    0x16, 0x33, 0x32, 0x36, 0x36, 0x37, 0x03, 0xE8, 0x32, 0x34, 0x01, 0x7B, 0xE1, 0x94, 0x5E, 0xA1,
    0x40, 0x67, 0x4E, 0x67, 0x37, 0x3A, 0x7F, 0xE7, 0x98, 0x5F, 0xA1, 0x3F, 0x71, 0x4F, 0xFC, 0xB1,
    0x3B, 0x01, 0xDD, 0x53, 0x75, 0x64, 0x98, 0x54, 0x02, 0x8F, 0x31, 0xFE, 0x28, 0x54, 0x76, 0x5E,
    0x91, 0x51, 0x02, 0x03, 0x33, 0x42, 0xAA, 0x64, 0x98, 0xE6, 0x7E, 0x31, 0x2E, 0x6C, 0x49, 0x6C,
    0x42, 0xAD, 0x65, 0x99, 0xEA, 0x80, 0x34, 0x32, 0x77, 0x4B, 0xFD, 0xBA, 0x59, 0x01, 0xF6, 0x45,
    0x59, 0xA2, 0x6A, 0x76, 0x56, 0xFE, 0x11, 0x3B, 0x57, 0x9F, 0x68, 0x00, 0xFF, 0xFF, 0x00, 0x5F,
    0xFF, 0xE7, 0x04, 0x4E, 0x05, 0x9E, 0x00, 0x22, 0x00, 0xB4, 0x00, 0x00, 0x00, 0x03, 0x01, 0x50,
    0x03, 0xA6, 0x00, 0x00, 0x00, 0x03, 0x00, 0x60, 0xFF, 0xE7, 0x07, 0x20, 0x03, 0xEC, 0x00, 0x24,
    0x00, 0x2E, 0x00, 0x3E, 0x00, 0x00, 0x24, 0x36, 0x37, 0x17, 0x06, 0x06, 0x23, 0x22, 0x26, 0x27,
    0x06, 0x06, 0x23, 0x22, 0x26, 0x26, 0x35, 0x34, 0x36, 0x36, 0x33, 0x32, 0x16, 0x17, 0x36, 0x36,
    0x33, 0x32, 0x16, 0x16, 0x15, 0x14, 0x07, 0x05, 0x16, 0x16, 0x33, 0x02, 0x06, 0x07, 0x25, 0x36,
    0x35, 0x34, 0x26, 0x26, 0x23, 0x00, 0x36, 0x36, 0x37, 0x2E, 0x02, 0x23, 0x22, 0x06, 0x06, 0x15,
    0x14, 0x16, 0x16, 0x33, 0x05, 0xFB, 0x96, 0x4B, 0x33, 0x47, 0xDA, 0x59, 0x90, 0xD4, 0x3E, 0x41,
    0xD0, 0x84, 0x98, 0xE7, 0x7F, 0x7F, 0xE7, 0x98, 0x83, 0xD0, 0x41, 0x3C, 0xD0, 0x8D, 0x87, 0xB6,
    0x58, 0x16, 0xFD, 0x48, 0x16, 0xB4, 0x9C, 0xD1, 0x90, 0x0A, 0x02, 0x1D, 0x02, 0x32, 0x6F, 0x56,
    0xFD, 0x47, 0x91, 0x51, 0x02, 0x02, 0x52, 0x90, 0x5E, 0x64, 0x99, 0x53, 0x53, 0x98, 0x65, 0x80,
    0x1E, 0x1D, 0x8C, 0x1E, 0x28, 0x5F, 0x61, 0x5D, 0x65, 0x7E, 0xE7, 0x97, 0x99, 0xEA, 0x80, 0x64,
    0x5C, 0x61, 0x65, 0x7D, 0xC9, 0x73, 0x4F, 0x4F, 0x05, 0x87, 0x89, 0x02, 0xCF, 0xA4, 0x8B, 0x05,
    0x18, 0x0C, 0x44, 0x77, 0x4B, 0xFD, 0x36, 0x57, 0x9F, 0x68, 0x6A, 0xA2, 0x59, 0x5A, 0xA2, 0x6B,
    0x68, 0x9E, 0x56, 0x00, 0x00, 0x02, 0x00, 0xA7, 0xFE, 0x2A, 0x04, 0x55, 0x03, 0xE8, 0x00, 0x11,
    0x00, 0x20, 0x00, 0x00, 0x00, 0x16, 0x16, 0x15, 0x14, 0x06, 0x06, 0x23, 0x22, 0x27, 0x11, 0x23,
    0x11, 0x33, 0x17, 0x36, 0x36, 0x33, 0x12, 0x36, 0x36, 0x35, 0x34, 0x26, 0x23, 0x22, 0x06, 0x07,
    0x11, 0x14, 0x16, 0x16, 0x33, 0x03, 0x29, 0xC5, 0x67, 0x6C, 0xD5, 0x99, 0xED, 0x42, 0xA5, 0x7A,
    0x27, 0x43, 0xB1, 0x63, 0x3A, 0x81, 0x4B, 0x93, 0x87, 0x4D, 0xA5, 0x4D, 0x68, 0x8F, 0x44, 0x03,
    0xE8, 0x73, 0xDD, 0x9B, 0xA3, 0xEF, 0x82, 0xAE, 0xFD, 0x93, 0x05, 0xA4, 0x7C, 0x48, 0x4E, 0xFC,
    0x9A, 0x50, 0xAB, 0x82, 0x9B, 0xAA, 0x35, 0x30, 0xFE, 0xC3, 0x6E, 0x81, 0x31, 0x00, 0x00, 0x00,
    0x00, 0x02, 0x00, 0xA7, 0xFE, 0x2A, 0x04, 0x55, 0x05, 0x9A, 0x00, 0x13, 0x00, 0x22, 0x00, 0x00,
    0x00, 0x16, 0x16, 0x15, 0x14, 0x06, 0x06, 0x23, 0x22, 0x27, 0x11, 0x23, 0x11, 0x33, 0x11, 0x33,
    0x11, 0x36, 0x36, 0x33, 0x12, 0x36, 0x36, 0x35, 0x34, 0x26, 0x23, 0x22, 0x06, 0x07, 0x11, 0x14,
    0x16, 0x16, 0x33, 0x03, 0x29, 0xC5, 0x67, 0x6C, 0xD5, 0x99, 0xED, 0x42, 0xA5, 0x02, 0xA3, 0x42,
    0xB0, 0x61, 0x3A, 0x81, 0x4B, 0x93, 0x87, 0x4D, 0xA5, 0x4D, 0x68, 0x8F, 0x44, 0x03, 0xE8, 0x73,
    0xDD, 0x9B, 0xA3, 0xEF, 0x82, 0xAE, 0xFD, 0x93, 0x05, 0xA4, 0x01, 0xCC, 0xFD, 0xBD, 0x45, 0x4C,
    0xFC, 0x9A, 0x50, 0xAB, 0x82, 0x9B, 0xAA, 0x35, 0x30, 0xFE, 0xC3, 0x6E, 0x81, 0x31, 0x00, 0x00,
    0x00, 0x02, 0x00, 0x63, 0xFE, 0x28, 0x04, 0x10, 0x03, 0xE8, 0x00, 0x11, 0x00, 0x1F, 0x00, 0x00,
    0x01, 0x11, 0x23, 0x11, 0x06, 0x23, 0x22, 0x26, 0x26, 0x35, 0x34, 0x36, 0x36, 0x33, 0x32, 0x16,
    0x17, 0x37, 0x02, 0x36, 0x35, 0x11, 0x26, 0x26, 0x23, 0x22, 0x06, 0x15, 0x14, 0x16, 0x16, 0x33,
    0x04, 0x10, 0xA4, 0x5F, 0xF4, 0x83, 0xC6, 0x6D, 0x73, 0xDD, 0x9C, 0x4D, 0x9D, 0x45, 0x16, 0xC1,
    0x99, 0x37, 0x8C, 0x4D, 0x9D, 0xAC, 0x40, 0x88, 0x66, 0x03, 0xCE, 0xFA, 0x5A, 0x02, 0x72, 0xB1,
    0x7B, 0xE0, 0x94, 0xA7, 0xED, 0x7C, 0x3E, 0x39, 0x5D, 0xFC, 0xB8, 0xA7, 0x98, 0x01, 0x2C, 0x2F,
    0x33, 0xC1, 0xAF, 0x56, 0xA0, 0x67, 0x00, 0x00, 0x00, 0x01, 0x00, 0xA7, 0x00, 0x00, 0x02, 0x9F,
    0x03, 0xE7, 0x00, 0x0D, 0x00, 0x00, 0x00, 0x33, 0x32, 0x17, 0x07, 0x26, 0x23, 0x22, 0x07, 0x11,
    0x23, 0x11, 0x33, 0x17, 0x01, 0xA0, 0xA1, 0x2D, 0x31, 0x1C, 0x1C, 0x1B, 0x9B, 0x66, 0xA4, 0x7C,
    0x16, 0x03, 0xE7, 0x09, 0x9C, 0x03, 0x60, 0xFD, 0x1B, 0x03, 0xCE, 0x5E, 0xFF, 0xFF, 0x00, 0xA7,
    0x00, 0x00, 0x02, 0x9F, 0x06, 0x0A, 0x00, 0x22, 0x00, 0xC1, 0x00, 0x00, 0x00, 0x03, 0x01, 0x40,
    0x02, 0xC0, 0x00, 0x00, 0xFF, 0xFF, 0x00, 0x4B, 0x00, 0x00, 0x02, 0x9F, 0x06, 0x0C, 0x00, 0x22,
    0x00, 0xC1, 0x00, 0x00, 0x00, 0x03, 0x01, 0x42, 0x02, 0xDD, 0x00, 0x00, 0xFF, 0xFF, 0x00, 0x36,
    0xFD, 0x97, 0x02, 0x9F, 0x03, 0xE7, 0x00, 0x22, 0x00, 0xC1, 0x00, 0x00, 0x00, 0x03, 0x01, 0x45,
    0x01, 0xCB, 0x00, 0x00, 0x00, 0x01, 0x00, 0x56, 0xFF, 0xE7, 0x03, 0x0B, 0x03, 0xEA, 0x00, 0x21,
    0x00, 0x00, 0x04, 0x27, 0x37, 0x16, 0x17, 0x36, 0x37, 0x34, 0x26, 0x26, 0x27, 0x2E, 0x02, 0x35,
    0x12, 0x21, 0x32, 0x17, 0x07, 0x26, 0x23, 0x06, 0x07, 0x14, 0x16, 0x16, 0x17, 0x1E, 0x02, 0x15,
    0x10, 0x21, 0x01, 0x01, 0xAB, 0x36, 0xA1, 0x72, 0xD0, 0x01, 0x35, 0x4F, 0x45, 0x5B, 0x72, 0x51,
    0x03, 0x01, 0x52, 0x9B, 0x73, 0x39, 0x73, 0x62, 0xB3, 0x07, 0x30, 0x47, 0x40, 0x5F, 0x79, 0x58,
    0xFE, 0x94, 0x18, 0x4D, 0x93, 0x48, 0x02, 0x03, 0x86, 0x2F, 0x3C, 0x24, 0x16, 0x1D, 0x39, 0x72,
    0x5E, 0x01, 0x18, 0x35, 0x95, 0x33, 0x02, 0x7F, 0x26, 0x32, 0x1F, 0x15, 0x1E, 0x3D, 0x7D, 0x67,
    0xFE, 0xE0, 0x00, 0x00, 0xFF, 0xFF, 0x00, 0x56, 0xFF, 0xE7, 0x03, 0x0B, 0x06, 0x0A, 0x00, 0x22,
    0x00, 0xC5, 0x00, 0x00, 0x00, 0x03, 0x01, 0x40, 0x03, 0x0F, 0x00, 0x00, 0xFF, 0xFF, 0x00, 0x56,
    0xFF, 0xE7, 0x03, 0x0B, 0x06, 0x0C, 0x00, 0x22, 0x00, 0xC5, 0x00, 0x00, 0x00, 0x03, 0x01, 0x42,
    0x03, 0x2C, 0x00, 0x00, 0x00, 0x01, 0x00, 0x56, 0xFE, 0x50, 0x03, 0x0B, 0x03, 0xEA, 0x00, 0x33,
    0x00, 0x00, 0x04, 0x05, 0x15, 0x32, 0x16, 0x15, 0x14, 0x21, 0x22, 0x27, 0x35, 0x16, 0x33, 0x32,
    0x35, 0x34, 0x23, 0x22, 0x07, 0x35, 0x26, 0x27, 0x37, 0x16, 0x17, 0x36, 0x37, 0x34, 0x26, 0x26,
    0x27, 0x2E, 0x02, 0x35, 0x12, 0x21, 0x32, 0x17, 0x07, 0x26, 0x23, 0x06, 0x07, 0x14, 0x16, 0x16,
    0x17, 0x1E, 0x02, 0x15, 0x03, 0x0B, 0xFE, 0xCD, 0x5D, 0x6B, 0xFE, 0xED, 0x1D, 0x24, 0x2C, 0x1A,
    0x79, 0x6D, 0x0D, 0x1C, 0x88, 0x97, 0x36, 0xA1, 0x72, 0xD0, 0x01, 0x35, 0x4F, 0x45, 0x5B, 0x72,
    0x51, 0x03, 0x01, 0x52, 0x9B, 0x73, 0x39, 0x73, 0x62, 0xB3, 0x07, 0x30, 0x47, 0x40, 0x5F, 0x79,
    0x58, 0x02, 0x15, 0x51, 0x50, 0x48, 0xB0, 0x02, 0x6E, 0x06, 0x3C, 0x3E, 0x04, 0xB9, 0x09, 0x43,
    0x93, 0x48, 0x02, 0x03, 0x86, 0x2F, 0x3C, 0x24, 0x16, 0x1D, 0x39, 0x72, 0x5E, 0x01, 0x18, 0x35,
    0x95, 0x33, 0x02, 0x7F, 0x26, 0x32, 0x1F, 0x15, 0x1E, 0x3D, 0x7D, 0x67, 0xFF, 0xFF, 0x00, 0x56,
    0xFD, 0x97, 0x03, 0x0B, 0x03, 0xEA, 0x00, 0x22, 0x00, 0xC5, 0x00, 0x00, 0x00, 0x03, 0x01, 0x45,
    0x02, 0x7A, 0x00, 0x00, 0x00, 0x01, 0x00, 0xA6, 0xFF, 0xE7, 0x04, 0x14, 0x05, 0xFC, 0x00, 0x3D,
    0x00, 0x00, 0x00, 0x16, 0x16, 0x17, 0x1E, 0x02, 0x15, 0x14, 0x06, 0x23, 0x26, 0x26, 0x27, 0x37,
    0x16, 0x16, 0x17, 0x36, 0x27, 0x34, 0x26, 0x26, 0x27, 0x2E, 0x02, 0x35, 0x34, 0x36, 0x36, 0x37,
    0x3E, 0x02, 0x35, 0x34, 0x26, 0x23, 0x22, 0x06, 0x06, 0x15, 0x11, 0x23, 0x11, 0x34, 0x36, 0x36,
    0x33, 0x32, 0x16, 0x16, 0x15, 0x14, 0x06, 0x06, 0x07, 0x0E, 0x02, 0x15, 0x02, 0x73, 0x2D, 0x43,
    0x3B, 0x4D, 0x63, 0x46, 0x9F, 0x91, 0x57, 0x94, 0x5E, 0x1C, 0x62, 0x87, 0x44, 0x8A, 0x01, 0x2F,
    0x46, 0x3C, 0x4D, 0x5E, 0x43, 0x30, 0x45, 0x38, 0x32, 0x3B, 0x28, 0x65, 0x53, 0x51, 0x7A, 0x43,
    0xA4, 0x6E, 0xC9, 0x84, 0x63, 0x96, 0x52, 0x3A, 0x50, 0x3E, 0x28, 0x2B, 0x1E, 0x02, 0xD2, 0x3F,
    0x22, 0x15, 0x1A, 0x39, 0x7B, 0x69, 0x97, 0xA7, 0x01, 0x1B, 0x20, 0xAE, 0x2A, 0x22, 0x01, 0x03,
    0x9E, 0x34, 0x42, 0x25, 0x15, 0x1C, 0x36, 0x71, 0x5E, 0x46, 0x5D, 0x36, 0x20, 0x1D, 0x2D, 0x47,
    0x34, 0x4F, 0x5F, 0x45, 0x7D, 0x52, 0xFB, 0xB4, 0x04, 0x5A, 0x7C, 0xBD, 0x67, 0x4E, 0x8E, 0x5E,
    0x66, 0x7E, 0x3E, 0x1E, 0x13, 0x1D, 0x2C, 0x20, 0x00, 0x01, 0x00, 0x2B, 0xFF, 0xE8, 0x02, 0x81,
    0x05, 0x2B, 0x00, 0x17, 0x00, 0x00, 0x01, 0x11, 0x14, 0x16, 0x16, 0x33, 0x32, 0x37, 0x15, 0x06,
    0x23, 0x22, 0x26, 0x26, 0x35, 0x11, 0x23, 0x35, 0x33, 0x11, 0x33, 0x11, 0x21, 0x15, 0x01, 0x75,
    0x27, 0x50, 0x39, 0x28, 0x33, 0x41, 0x43, 0x5D, 0x82, 0x42, 0xB0, 0xB0, 0x9A, 0x01, 0x0C, 0x03,
    0x3C, 0xFD, 0xF2, 0x2C, 0x53, 0x35, 0x07, 0x93, 0x06, 0x50, 0x87, 0x52, 0x02, 0x2B, 0x91, 0x01,
    0x5E, 0xFE, 0xA2, 0x91, 0x00, 0x01, 0x00, 0x2B, 0xFF, 0xE8, 0x02, 0x81, 0x05, 0x2B, 0x00, 0x1F,
    0x00, 0x00, 0x01, 0x15, 0x21, 0x15, 0x21, 0x15, 0x14, 0x16, 0x16, 0x33, 0x32, 0x37, 0x15, 0x06,
    0x23, 0x22, 0x26, 0x26, 0x35, 0x11, 0x23, 0x35, 0x33, 0x35, 0x23, 0x35, 0x33, 0x11, 0x33, 0x11,
    0x21, 0x15, 0x01, 0x75, 0x01, 0x0C, 0xFE, 0xF4, 0x27, 0x50, 0x39, 0x28, 0x33, 0x41, 0x43, 0x5D,
    0x82, 0x42, 0xB0, 0xB0, 0xB0, 0xB0, 0x9A, 0x01, 0x0C, 0x03, 0x3C, 0x91, 0x91, 0xEC, 0x2C, 0x53,
    0x35, 0x07, 0x93, 0x06, 0x50, 0x87, 0x52, 0x01, 0x09, 0x91, 0x91, 0x91, 0x01, 0x5E, 0xFE, 0xA2,
    0x91, 0x00, 0x00, 0x00, 0xFF, 0xFF, 0x00, 0x2B, 0xFF, 0xE8, 0x03, 0x35, 0x05, 0x9C, 0x00, 0x22,
    0x00, 0xCB, 0x00, 0x00, 0x00, 0x03, 0x01, 0x51, 0x03, 0x60, 0xFF, 0xB0, 0x00, 0x01, 0x00, 0x2B,
    0xFE, 0x50, 0x02, 0x81, 0x05, 0x2B, 0x00, 0x2A, 0x00, 0x00, 0x01, 0x11, 0x14, 0x16, 0x16, 0x33,
    0x32, 0x37, 0x15, 0x06, 0x23, 0x22, 0x27, 0x15, 0x32, 0x16, 0x15, 0x14, 0x21, 0x22, 0x27, 0x35,
    0x16, 0x33, 0x32, 0x35, 0x34, 0x23, 0x22, 0x07, 0x11, 0x26, 0x26, 0x35, 0x11, 0x23, 0x35, 0x33,
    0x11, 0x33, 0x11, 0x21, 0x15, 0x01, 0x75, 0x27, 0x50, 0x39, 0x28, 0x33, 0x41, 0x43, 0x36, 0x32,
    0x5D, 0x6B, 0xFE, 0xED, 0x1D, 0x24, 0x2B, 0x1B, 0x79, 0x6D, 0x0D, 0x1C, 0x2A, 0x2C, 0xB0, 0xB0,
    0x9A, 0x01, 0x0C, 0x03, 0x3C, 0xFD, 0xF2, 0x2C, 0x53, 0x35, 0x07, 0x93, 0x06, 0x10, 0x60, 0x50,
    0x48, 0xB0, 0x02, 0x6E, 0x06, 0x3C, 0x3E, 0x04, 0x01, 0x02, 0x29, 0x74, 0x42, 0x02, 0x2B, 0x91,
    0x01, 0x5E, 0xFE, 0xA2, 0x91, 0x00, 0x00, 0x00, 0xFF, 0xFF, 0x00, 0x2B, 0xFD, 0x97, 0x02, 0x81,
    0x05, 0x2B, 0x00, 0x22, 0x00, 0xCB, 0x00, 0x00, 0x00, 0x03, 0x01, 0x45, 0x02, 0x36, 0x00, 0x00,
    0x00, 0x01, 0x00, 0x90, 0xFF, 0xD9, 0x04, 0x39, 0x03, 0xCE, 0x00, 0x18, 0x00, 0x00, 0x05, 0x26,
    0x27, 0x0E, 0x02, 0x23, 0x22, 0x26, 0x26, 0x35, 0x11, 0x33, 0x11, 0x14, 0x16, 0x33, 0x32, 0x36,
    0x35, 0x11, 0x33, 0x11, 0x16, 0x17, 0x03, 0xA8, 0x3A, 0x18, 0x0F, 0x55, 0x87, 0x56, 0x8D, 0xAE,
    0x4A, 0xA4, 0x6D, 0x98, 0x71, 0x94, 0xA4, 0x01, 0x56, 0x27, 0x68, 0x5C, 0x29, 0x52, 0x38, 0x6E,
    0xAF, 0x69, 0x02, 0x5D, 0xFD, 0xD6, 0x83, 0x9E, 0x6B, 0x7D, 0x02, 0x64, 0xFD, 0x7C, 0x93, 0x9B,
    0xFF, 0xFF, 0x00, 0x90, 0xFF, 0xD9, 0x04, 0x39, 0x06, 0x0A, 0x00, 0x22, 0x00, 0xD0, 0x00, 0x00,
    0x00, 0x03, 0x01, 0x40, 0x03, 0xA0, 0x00, 0x00, 0xFF, 0xFF, 0x00, 0x90, 0xFF, 0xD9, 0x04, 0x39,
    0x06, 0x0E, 0x00, 0x22, 0x00, 0xD0, 0x00, 0x00, 0x00, 0x03, 0x01, 0x44, 0x03, 0xC6, 0x00, 0x00,
    0xFF, 0xFF, 0x00, 0x90, 0xFF, 0xD9, 0x04, 0x39, 0x05, 0x7E, 0x00, 0x22, 0x00, 0xD0, 0x00, 0x00,
    0x00, 0x03, 0x01, 0x47, 0x03, 0xF3, 0x00, 0x00, 0xFF, 0xFF, 0x00, 0x90, 0xFF, 0xD9, 0x04, 0x39,
    0x06, 0x00, 0x00, 0x22, 0x00, 0xD0, 0x00, 0x00, 0x00, 0x03, 0x01, 0x49, 0x02, 0xCD, 0x00, 0x00,
    0xFF, 0xFF, 0x00, 0x90, 0xFF, 0xD9, 0x04, 0x39, 0x06, 0x00, 0x00, 0x22, 0x00, 0xD0, 0x00, 0x00,
    0x00, 0x03, 0x01, 0x4A, 0x03, 0xE6, 0x00, 0x00, 0xFF, 0xFF, 0x00, 0x90, 0xFF, 0xD9, 0x04, 0x39,
    0x05, 0x31, 0x00, 0x22, 0x00, 0xD0, 0x00, 0x00, 0x00, 0x03, 0x01, 0x4B, 0x03, 0xED, 0x00, 0x00,
    0x00, 0x01, 0x00, 0x90, 0xFE, 0x70, 0x04, 0x39, 0x03, 0xCE, 0x00, 0x28, 0x00, 0x00, 0x00, 0x37,
    0x17, 0x06, 0x23, 0x22, 0x26, 0x35, 0x34, 0x36, 0x37, 0x26, 0x27, 0x0E, 0x02, 0x23, 0x22, 0x26,
    0x26, 0x35, 0x11, 0x33, 0x11, 0x14, 0x16, 0x33, 0x32, 0x36, 0x35, 0x11, 0x33, 0x11, 0x16, 0x17,
    0x06, 0x06, 0x15, 0x14, 0x16, 0x33, 0x04, 0x02, 0x16, 0x1E, 0x23, 0x4D, 0x55, 0x67, 0x42, 0x48,
    0x29, 0x15, 0x0F, 0x55, 0x87, 0x56, 0x8D, 0xAE, 0x4A, 0xA4, 0x6D, 0x98, 0x71, 0x94, 0xA4, 0x01,
    0x56, 0x58, 0x4F, 0x25, 0x29, 0xFE, 0xEF, 0x0D, 0x7F, 0x0D, 0x52, 0x44, 0x40, 0x77, 0x41, 0x52,
    0x4D, 0x29, 0x52, 0x38, 0x6E, 0xAF, 0x69, 0x02, 0x5D, 0xFD, 0xD6, 0x83, 0x9E, 0x6B, 0x7D, 0x02,
    0x64, 0xFD, 0x7C, 0x93, 0x9B, 0x48, 0x64, 0x27, 0x2F, 0x2B, 0x00, 0x00, 0xFF, 0xFF, 0x00, 0x90,
    0xFF, 0xD9, 0x04, 0x39, 0x05, 0xFE, 0x00, 0x22, 0x00, 0xD0, 0x00, 0x00, 0x00, 0x03, 0x01, 0x4D,
    0x03, 0x62, 0x00, 0x00, 0x00, 0x01, 0x00, 0x10, 0xFF, 0xFB, 0x03, 0xCD, 0x03, 0xCE, 0x00, 0x0D,
    0x00, 0x00, 0x13, 0x33, 0x01, 0x16, 0x16, 0x17, 0x33, 0x36, 0x36, 0x37, 0x01, 0x33, 0x01, 0x23,
    0x10, 0xAF, 0x01, 0x04, 0x08, 0x1B, 0x01, 0x04, 0x02, 0x16, 0x06, 0x01, 0x10, 0xB4, 0xFE, 0x68,
    0xA1, 0x03, 0xCE, 0xFD, 0x63, 0x14, 0x6C, 0x10, 0x15, 0x68, 0x0F, 0x02, 0xA1, 0xFC, 0x2D, 0x00,
    0x00, 0x01, 0x00, 0x18, 0xFF, 0xFB, 0x05, 0xB1, 0x03, 0xCF, 0x00, 0x21, 0x00, 0x00, 0x13, 0x33,
    0x13, 0x16, 0x16, 0x17, 0x33, 0x36, 0x36, 0x37, 0x13, 0x33, 0x13, 0x16, 0x16, 0x17, 0x33, 0x36,
    0x36, 0x37, 0x13, 0x33, 0x01, 0x23, 0x03, 0x26, 0x26, 0x27, 0x23, 0x06, 0x06, 0x07, 0x03, 0x23,
    0x18, 0xA7, 0xD4, 0x04, 0x08, 0x01, 0x08, 0x01, 0x0D, 0x04, 0xE8, 0x96, 0xD8, 0x03, 0x0B, 0x01,
    0x08, 0x01, 0x0C, 0x05, 0xD0, 0xA8, 0xFE, 0xCD, 0xAA, 0xD4, 0x06, 0x0D, 0x01, 0x04, 0x01, 0x0F,
    0x06, 0xE0, 0xA4, 0x03, 0xCE, 0xFD, 0x48, 0x10, 0x3C, 0x0E, 0x0C, 0x47, 0x0C, 0x02, 0xB4, 0xFD,
    0x48, 0x09, 0x45, 0x0E, 0x0A, 0x3D, 0x13, 0x02, 0xB9, 0xFC, 0x2D, 0x02, 0x92, 0x15, 0x3F, 0x09,
    0x09, 0x3F, 0x14, 0xFD, 0x6D, 0x00, 0x00, 0x00, 0xFF, 0xFF, 0x00, 0x18, 0xFF, 0xFB, 0x05, 0xB1,
    0x06, 0x0A, 0x00, 0x22, 0x00, 0xDA, 0x00, 0x00, 0x00, 0x03, 0x01, 0x40, 0x04, 0x40, 0x00, 0x00,
    0xFF, 0xFF, 0x00, 0x18, 0xFF, 0xFB, 0x05, 0xB1, 0x06, 0x0E, 0x00, 0x22, 0x00, 0xDA, 0x00, 0x00,
    0x00, 0x03, 0x01, 0x44, 0x04, 0x66, 0x00, 0x00, 0xFF, 0xFF, 0x00, 0x18, 0xFF, 0xFB, 0x05, 0xB1,
    0x05, 0x7E, 0x00, 0x22, 0x00, 0xDA, 0x00, 0x00, 0x00, 0x03, 0x01, 0x47, 0x04, 0x93, 0x00, 0x00,
    0xFF, 0xFF, 0x00, 0x18, 0xFF, 0xFB, 0x05, 0xB1, 0x06, 0x00, 0x00, 0x22, 0x00, 0xDA, 0x00, 0x00,
    0x00, 0x03, 0x01, 0x49, 0x03, 0x6D, 0x00, 0x00, 0x00, 0x01, 0x00, 0x1B, 0x00, 0x00, 0x03, 0x94,
    0x03, 0xCE, 0x00, 0x0D, 0x00, 0x00, 0x01, 0x01, 0x33, 0x13, 0x33, 0x01, 0x33, 0x01, 0x01, 0x23,
    0x03, 0x23, 0x03, 0x23, 0x01, 0x6E, 0xFE, 0xBC, 0xBC, 0xF0, 0x04, 0x01, 0x00, 0xBA, 0xFE, 0xB2,
    0x01, 0x48, 0xBC, 0xF7, 0x04, 0xFC, 0xC0, 0x01, 0xD8, 0x01, 0xF6, 0xFE, 0x7A, 0x01, 0x86, 0xFE,
    0x18, 0xFE, 0x1A, 0x01, 0x7C, 0xFE, 0x84, 0x00, 0x00, 0x01, 0x00, 0x0F, 0xFE, 0x1E, 0x03, 0xD8,
    0x03, 0xD0, 0x00, 0x13, 0x00, 0x00, 0x13, 0x3E, 0x02, 0x37, 0x37, 0x01, 0x33, 0x01, 0x17, 0x33,
    0x37, 0x01, 0x37, 0x01, 0x0E, 0x02, 0x07, 0x07, 0x49, 0x55, 0x75, 0x52, 0x20, 0x12, 0xFE, 0x78,
    0xC0, 0x01, 0x08, 0x14, 0x06, 0x14, 0x01, 0x14, 0xBF, 0xFE, 0x39, 0x33, 0x7E, 0x7D, 0x60, 0x15,
    0xFE, 0xB7, 0x13, 0x45, 0x70, 0x57, 0x2F, 0x03, 0xC9, 0xFD, 0x46, 0x4E, 0x4C, 0x02, 0xBC, 0x02,
    0xFB, 0xA6, 0x83, 0x8A, 0x33, 0x14, 0x04, 0x00, 0xFF, 0xFF, 0x00, 0x0F, 0xFE, 0x1E, 0x03, 0xD8,
    0x06, 0x0A, 0x00, 0x22, 0x00, 0xE0, 0x00, 0x00, 0x00, 0x03, 0x01, 0x40, 0x03, 0x4B, 0x00, 0x00,
    0xFF, 0xFF, 0x00, 0x0E, 0xFE, 0x1E, 0x03, 0xD7, 0x06, 0x0E, 0x00, 0x22, 0x00, 0xE0, 0xFF, 0x00,
    0x00, 0x03, 0x01, 0x44, 0x03, 0x70, 0x00, 0x00, 0xFF, 0xFF, 0x00, 0x0F, 0xFE, 0x1E, 0x03, 0xD8,
    0x05, 0x7E, 0x00, 0x22, 0x00, 0xE0, 0x00, 0x00, 0x00, 0x03, 0x01, 0x47, 0x03, 0x9E, 0x00, 0x00,
    0xFF, 0xFF, 0x00, 0x0F, 0xFE, 0x1E, 0x03, 0xD8, 0x06, 0x00, 0x00, 0x22, 0x00, 0xE0, 0x00, 0x00,
    0x00, 0x03, 0x01, 0x49, 0x02, 0x78, 0x00, 0x00, 0x00, 0x01, 0x00, 0x35, 0x00, 0x00, 0x03, 0x6A,
    0x03, 0xCE, 0x00, 0x09, 0x00, 0x00, 0x37, 0x01, 0x21, 0x35, 0x21, 0x15, 0x01, 0x21, 0x15, 0x21,
    0x35, 0x02, 0x2E, 0xFD, 0xED, 0x03, 0x16, 0xFD, 0xC8, 0x02, 0x3C, 0xFC, 0xCB, 0x33, 0x03, 0x08,
    0x93, 0x2F, 0xFC, 0xF4, 0x93, 0x00, 0x00, 0x00, 0xFF, 0xFF, 0x00, 0x35, 0x00, 0x00, 0x03, 0x6A,
    0x06, 0x0A, 0x00, 0x22, 0x00, 0xE5, 0x00, 0x00, 0x00, 0x03, 0x01, 0x40, 0x03, 0x2B, 0x00, 0x00,
    0xFF, 0xFF, 0x00, 0x35, 0x00, 0x00, 0x03, 0x6A, 0x06, 0x0C, 0x00, 0x22, 0x00, 0xE5, 0x00, 0x00,
    0x00, 0x03, 0x01, 0x42, 0x03, 0x48, 0x00, 0x00, 0xFF, 0xFF, 0x00, 0x35, 0x00, 0x00, 0x03, 0x6A,
    0x05, 0x8B, 0x00, 0x22, 0x00, 0xE5, 0x00, 0x00, 0x00, 0x03, 0x01, 0x48, 0x02, 0x9C, 0x00, 0x00,
    0x00, 0x02, 0x00, 0x55, 0xFF, 0xE5, 0x03, 0xFD, 0x05, 0xB2, 0x00, 0x10, 0x00, 0x21, 0x00, 0x00,
    0x04, 0x26, 0x02, 0x35, 0x34, 0x12, 0x36, 0x33, 0x15, 0x32, 0x16, 0x12, 0x15, 0x14, 0x02, 0x06,
    0x23, 0x37, 0x32, 0x36, 0x12, 0x35, 0x34, 0x02, 0x26, 0x23, 0x22, 0x06, 0x02, 0x15, 0x14, 0x12,
    0x16, 0x33, 0x01, 0x8B, 0xCC, 0x6A, 0x72, 0xD9, 0x99, 0x8F, 0xCB, 0x6A, 0x71, 0xD9, 0x99, 0x12,
    0x5B, 0x80, 0x43, 0x42, 0x7D, 0x59, 0x5E, 0x85, 0x46, 0x44, 0x82, 0x5C, 0x1B, 0xA8, 0x01, 0x40,
    0xE2, 0xF4, 0x01, 0x5A, 0xB5, 0x02, 0xAC, 0xFE, 0xB6, 0xE8, 0xED, 0xFE, 0xB0, 0xB0, 0x97, 0x89,
    0x01, 0x05, 0xB8, 0xBF, 0x01, 0x0E, 0x8D, 0x90, 0xFE, 0xED, 0xC3, 0xB5, 0xFF, 0x00, 0x86, 0x00,
    0x00, 0x01, 0x00, 0xD5, 0xFF, 0xFF, 0x02, 0xD5, 0x05, 0xBA, 0x00, 0x06, 0x00, 0x00, 0x01, 0x05,
    0x27, 0x25, 0x33, 0x13, 0x23, 0x02, 0x27, 0xFE, 0xD2, 0x24, 0x01, 0x8C, 0x73, 0x01, 0xAE, 0x04,
    0xFD, 0x64, 0x8F, 0x92, 0xFA, 0x45, 0x00, 0x00, 0x00, 0x01, 0x00, 0x6C, 0x00, 0x00, 0x03, 0xE1,
    0x05, 0xB6, 0x00, 0x20, 0x00, 0x00, 0x37, 0x34, 0x36, 0x36, 0x37, 0x3E, 0x02, 0x35, 0x34, 0x21,
    0x22, 0x06, 0x07, 0x07, 0x27, 0x37, 0x36, 0x33, 0x32, 0x04, 0x15, 0x14, 0x06, 0x06, 0x07, 0x0E,
    0x02, 0x15, 0x21, 0x15, 0x21, 0x6C, 0x6B, 0x97, 0x79, 0x5F, 0x6A, 0x48, 0xFE, 0xDD, 0x42, 0x7B,
    0x59, 0x26, 0x1A, 0x28, 0xB9, 0x82, 0xC6, 0x01, 0x02, 0x5F, 0x86, 0x6F, 0x5D, 0x6C, 0x49, 0x02,
    0x9D, 0xFC, 0x8B, 0x3D, 0xA7, 0xE7, 0x8C, 0x53, 0x41, 0x5C, 0x83, 0x58, 0xF5, 0x13, 0x11, 0x08,
    0x9F, 0x07, 0x25, 0xAC, 0xD9, 0x8C, 0xC2, 0x78, 0x4B, 0x3E, 0x5B, 0x85, 0x5B, 0xA7, 0x00, 0x00,
    0x00, 0x01, 0x00, 0x8B, 0xFF, 0xEB, 0x03, 0xB7, 0x05, 0xB4, 0x00, 0x27, 0x00, 0x00, 0x37, 0x16,
    0x16, 0x33, 0x32, 0x36, 0x35, 0x10, 0x21, 0x27, 0x20, 0x11, 0x34, 0x26, 0x23, 0x22, 0x06, 0x06,
    0x07, 0x27, 0x37, 0x36, 0x36, 0x33, 0x32, 0x16, 0x15, 0x10, 0x07, 0x15, 0x1E, 0x02, 0x15, 0x14,
    0x04, 0x23, 0x22, 0x26, 0x27, 0xA7, 0x39, 0x9B, 0x4D, 0x8D, 0xB6, 0xFE, 0x43, 0x06, 0x01, 0x90,
    0x9C, 0x7B, 0x38, 0x6A, 0x46, 0x09, 0x12, 0x1A, 0x45, 0x78, 0x44, 0xB8, 0xF5, 0xE3, 0x58, 0x7D,
    0x3F, 0xFE, 0xD9, 0xD6, 0x5C, 0xAA, 0x29, 0xB7, 0x11, 0x1B, 0x72, 0x89, 0x01, 0x19, 0x8B, 0x01,
    0x08, 0x84, 0x6A, 0x0F, 0x0E, 0x02, 0x96, 0x04, 0x0B, 0x0E, 0x97, 0xC2, 0xFE, 0xE4, 0x50, 0x04,
    0x0B, 0x63, 0x94, 0x54, 0xED, 0xBD, 0x1B, 0x0D, 0x00, 0x02, 0x00, 0x0D, 0xFF, 0xFF, 0x04, 0x09,
    0x05, 0x9A, 0x00, 0x0A, 0x00, 0x0D, 0x00, 0x00, 0x01, 0x21, 0x35, 0x01, 0x17, 0x11, 0x33, 0x15,
    0x23, 0x11, 0x23, 0x11, 0x11, 0x01, 0x02, 0xAF, 0xFD, 0x5E, 0x02, 0x96, 0xAE, 0xB8, 0xB8, 0xA2,
    0xFE, 0x17, 0x01, 0x1E, 0x8E, 0x03, 0xEE, 0x01, 0xFC, 0x1B, 0x96, 0xFE, 0xE1, 0x01, 0xB5, 0x02,
    0xF0, 0xFD, 0x10, 0x00, 0x00, 0x01, 0x00, 0x82, 0xFF, 0xEB, 0x03, 0xC7, 0x05, 0x9A, 0x00, 0x1F,
    0x00, 0x00, 0x37, 0x16, 0x16, 0x33, 0x32, 0x36, 0x35, 0x34, 0x26, 0x23, 0x22, 0x06, 0x07, 0x13,
    0x21, 0x15, 0x21, 0x03, 0x37, 0x36, 0x33, 0x32, 0x16, 0x16, 0x15, 0x14, 0x04, 0x23, 0x22, 0x26,
    0x26, 0x27, 0xA1, 0x31, 0xAD, 0x57, 0x8B, 0xB4, 0xC2, 0xA3, 0x29, 0x9F, 0x29, 0x31, 0x02, 0x97,
    0xFE, 0x01, 0x1D, 0x31, 0x2D, 0x1C, 0xA1, 0xD8, 0x69, 0xFE, 0xD7, 0xD6, 0x48, 0x8A, 0x63, 0x11,
    0xC5, 0x13, 0x26, 0x82, 0x9E, 0x8F, 0x92, 0x08, 0x04, 0x02, 0xD9, 0xA8, 0xFE, 0x6F, 0x02, 0x03,
    0x6E, 0xC2, 0x7D, 0xFE, 0xD0, 0x13, 0x1B, 0x0B, 0x00, 0x02, 0x00, 0x6F, 0xFF, 0xE6, 0x03, 0xFE,
    0x05, 0xAF, 0x00, 0x1A, 0x00, 0x2A, 0x00, 0x00, 0x00, 0x16, 0x16, 0x15, 0x14, 0x06, 0x06, 0x23,
    0x20, 0x02, 0x11, 0x10, 0x12, 0x36, 0x33, 0x32, 0x17, 0x07, 0x26, 0x23, 0x22, 0x06, 0x06, 0x07,
    0x36, 0x36, 0x33, 0x12, 0x36, 0x35, 0x34, 0x26, 0x26, 0x23, 0x22, 0x06, 0x07, 0x15, 0x17, 0x1E,
    0x02, 0x33, 0x02, 0xE9, 0xBD, 0x58, 0x79, 0xCD, 0x7D, 0xFE, 0xF6, 0xC2, 0x7C, 0xFE, 0xC6, 0x66,
    0x7F, 0x1E, 0x60, 0x56, 0x9D, 0xB3, 0x49, 0x04, 0x29, 0x9A, 0x74, 0x76, 0x7D, 0x38, 0x7D, 0x62,
    0x6D, 0x8A, 0x1B, 0x01, 0x03, 0x20, 0x7C, 0x7F, 0x03, 0x84, 0x7F, 0xCB, 0x72, 0x99, 0xDA, 0x6F,
    0x01, 0x81, 0x01, 0x0F, 0x01, 0x22, 0x01, 0x6B, 0xAC, 0x17, 0xA4, 0x11, 0x7D, 0xDC, 0xA4, 0x34,
    0x48, 0xFD, 0x03, 0xA7, 0x82, 0x54, 0x8E, 0x59, 0x45, 0x2D, 0x0C, 0x29, 0x80, 0xB5, 0x88, 0x00,
    0x00, 0x01, 0x00, 0x62, 0x00, 0x00, 0x03, 0xF4, 0x05, 0x9A, 0x00, 0x06, 0x00, 0x00, 0x01, 0x21,
    0x35, 0x21, 0x17, 0x01, 0x23, 0x03, 0x27, 0xFD, 0x3B, 0x03, 0x90, 0x02, 0xFE, 0x15, 0xBA, 0x04,
    0xFC, 0x9E, 0x5D, 0xFA, 0xC3, 0x00, 0x00, 0x00, 0x00, 0x03, 0x00, 0x5C, 0xFF, 0xE9, 0x03, 0xFD,
    0x05, 0xB2, 0x00, 0x1D, 0x00, 0x2D, 0x00, 0x3D, 0x00, 0x00, 0x04, 0x26, 0x26, 0x35, 0x34, 0x36,
    0x36, 0x37, 0x26, 0x26, 0x35, 0x34, 0x36, 0x36, 0x33, 0x32, 0x16, 0x16, 0x15, 0x14, 0x06, 0x07,
    0x1E, 0x02, 0x15, 0x14, 0x06, 0x06, 0x23, 0x12, 0x36, 0x36, 0x35, 0x34, 0x26, 0x26, 0x23, 0x22,
    0x06, 0x06, 0x15, 0x14, 0x16, 0x16, 0x33, 0x12, 0x36, 0x36, 0x35, 0x34, 0x26, 0x26, 0x23, 0x22,
    0x06, 0x06, 0x15, 0x14, 0x16, 0x16, 0x33, 0x01, 0x98, 0xD2, 0x6A, 0x4D, 0x79, 0x44, 0x5E, 0x6D,
    0x5E, 0xB6, 0x7D, 0x62, 0xB9, 0x78, 0x6D, 0x5D, 0x43, 0x78, 0x4D, 0x6D, 0xD3, 0x92, 0x3C, 0x66,
    0x42, 0x33, 0x64, 0x45, 0x45, 0x6B, 0x3B, 0x36, 0x6A, 0x49, 0x5D, 0x80, 0x3D, 0x53, 0x82, 0x47,
    0x5D, 0x80, 0x3F, 0x4E, 0x82, 0x4D, 0x17, 0x75, 0xC1, 0x71, 0x5C, 0x9A, 0x68, 0x1A, 0x35, 0xA3,
    0x62, 0x60, 0xA9, 0x67, 0x51, 0xA6, 0x79, 0x62, 0xA2, 0x36, 0x1A, 0x6A, 0x99, 0x5B, 0x72, 0xC2,
    0x73, 0x03, 0x65, 0x37, 0x6B, 0x49, 0x3C, 0x6B, 0x43, 0x3E, 0x6B, 0x41, 0x39, 0x6C, 0x46, 0xFD,
    0x2F, 0x54, 0x83, 0x49, 0x5C, 0x82, 0x42, 0x54, 0x84, 0x47, 0x61, 0x82, 0x3E, 0x00, 0x00, 0x00,
    0x00, 0x02, 0x00, 0x56, 0xFF, 0xE9, 0x03, 0xE3, 0x05, 0xB3, 0x00, 0x18, 0x00, 0x26, 0x00, 0x00,
    0x00, 0x12, 0x11, 0x10, 0x02, 0x21, 0x22, 0x27, 0x37, 0x16, 0x33, 0x32, 0x36, 0x36, 0x37, 0x06,
    0x23, 0x22, 0x26, 0x26, 0x35, 0x34, 0x36, 0x36, 0x33, 0x12, 0x37, 0x35, 0x2E, 0x02, 0x23, 0x22,
    0x06, 0x15, 0x14, 0x16, 0x16, 0x33, 0x03, 0x11, 0xD2, 0xFE, 0xFE, 0xC6, 0x5A, 0x66, 0x14, 0x62,
    0x50, 0x85, 0xA0, 0x4C, 0x0A, 0x55, 0xE9, 0x6C, 0xBB, 0x71, 0x71, 0xD2, 0x8B, 0xC6, 0x47, 0x01,
    0x36, 0x79, 0x68, 0x91, 0x7B, 0x47, 0x7B, 0x4D, 0x05, 0xB3, 0xFE, 0xAD, 0xFE, 0xBF, 0xFE, 0x83,
    0xFE, 0x47, 0x13, 0xA9, 0x16, 0x75, 0xD7, 0xA0, 0x69, 0x69, 0xCF, 0x92, 0x88, 0xD6, 0x79, 0xFC,
    0xFD, 0x75, 0x0A, 0xB2, 0xD3, 0x61, 0xA4, 0x7E, 0x6A, 0x91, 0x48, 0x00, 0x00, 0x03, 0x00, 0x82,
    0xFF, 0xC4, 0x06, 0xD5, 0x05, 0xC0, 0x00, 0x03, 0x00, 0x0A, 0x00, 0x2C, 0x00, 0x00, 0x21, 0x01,
    0x17, 0x01, 0x03, 0x07, 0x27, 0x25, 0x33, 0x13, 0x23, 0x01, 0x34, 0x36, 0x36, 0x37, 0x3E, 0x02,
    0x35, 0x34, 0x23, 0x22, 0x06, 0x07, 0x07, 0x27, 0x36, 0x37, 0x36, 0x36, 0x33, 0x32, 0x16, 0x15,
    0x14, 0x06, 0x06, 0x07, 0x06, 0x06, 0x15, 0x21, 0x15, 0x21, 0x01, 0x83, 0x03, 0x6B, 0x8F, 0xFC,
    0x96, 0x89, 0xE4, 0x24, 0x01, 0x62, 0x37, 0x01, 0x92, 0x03, 0x16, 0x3B, 0x53, 0x45, 0x39, 0x44,
    0x2E, 0x98, 0x29, 0x54, 0x32, 0x14, 0x1A, 0x05, 0x1E, 0x3E, 0x61, 0x35, 0x7C, 0xA0, 0x41, 0x57,
    0x43, 0x38, 0x31, 0x01, 0x5D, 0xFD, 0xCB, 0x05, 0xC0, 0x3C, 0xFA, 0x40, 0x05, 0x2E, 0x4C, 0x85,
    0x7E, 0xFC, 0xA1, 0xFD, 0xF3, 0x40, 0x6A, 0x50, 0x38, 0x2E, 0x3F, 0x4C, 0x2A, 0x78, 0x0E, 0x0B,
    0x04, 0x95, 0x01, 0x06, 0x0C, 0x0F, 0x73, 0x90, 0x49, 0x79, 0x54, 0x37, 0x2C, 0x33, 0x18, 0x9D,
    0x00, 0x04, 0x00, 0x78, 0xFF, 0xC4, 0x06, 0xA7, 0x05, 0xC0, 0x00, 0x03, 0x00, 0x0A, 0x00, 0x15,
    0x00, 0x18, 0x00, 0x00, 0x21, 0x01, 0x17, 0x01, 0x03, 0x07, 0x27, 0x25, 0x33, 0x13, 0x23, 0x01,
    0x21, 0x35, 0x01, 0x17, 0x11, 0x33, 0x15, 0x23, 0x15, 0x23, 0x11, 0x11, 0x03, 0x01, 0x7D, 0x03,
    0x6B, 0x8F, 0xFC, 0x96, 0x8D, 0xE4, 0x24, 0x01, 0x62, 0x37, 0x01, 0x92, 0x04, 0x33, 0xFE, 0x74,
    0x01, 0x6A, 0xAE, 0x68, 0x68, 0x8C, 0xF2, 0x05, 0xC0, 0x3C, 0xFA, 0x40, 0x05, 0x2E, 0x4C, 0x85,
    0x7E, 0xFC, 0xA1, 0xFE, 0x66, 0x98, 0x02, 0x0E, 0x01, 0xFD, 0xDD, 0x82, 0xB1, 0x01, 0x33, 0x01,
    0x4C, 0xFE, 0xB4, 0x00, 0x00, 0x04, 0x00, 0x8D, 0xFF, 0xC4, 0x06, 0xE3, 0x05, 0xC0, 0x00, 0x03,
    0x00, 0x2D, 0x00, 0x38, 0x00, 0x3B, 0x00, 0x00, 0x21, 0x01, 0x17, 0x01, 0x00, 0x26, 0x27, 0x37,
    0x16, 0x16, 0x33, 0x32, 0x36, 0x35, 0x34, 0x26, 0x23, 0x27, 0x32, 0x36, 0x35, 0x34, 0x26, 0x23,
    0x22, 0x06, 0x07, 0x27, 0x36, 0x36, 0x33, 0x32, 0x16, 0x16, 0x15, 0x14, 0x06, 0x07, 0x15, 0x16,
    0x16, 0x15, 0x14, 0x06, 0x06, 0x23, 0x01, 0x21, 0x35, 0x01, 0x17, 0x11, 0x33, 0x15, 0x23, 0x15,
    0x23, 0x11, 0x11, 0x03, 0x01, 0xBF, 0x03, 0x6B, 0x8F, 0xFC, 0x96, 0xFE, 0xE7, 0x7E, 0x2B, 0x14,
    0x2E, 0x79, 0x36, 0x38, 0x44, 0x7C, 0x66, 0x04, 0x5C, 0x70, 0x2E, 0x26, 0x33, 0x73, 0x2A, 0x14,
    0x2B, 0x83, 0x41, 0x44, 0x68, 0x39, 0x4E, 0x41, 0x4E, 0x5E, 0x49, 0x86, 0x58, 0x04, 0x7D, 0xFE,
    0x74, 0x01, 0x6A, 0xAE, 0x68, 0x68, 0x8C, 0xF2, 0x05, 0xC0, 0x3C, 0xFA, 0x40, 0x02, 0x70, 0x12,
    0x0F, 0x92, 0x0D, 0x0F, 0x35, 0x2C, 0x38, 0x43, 0x9A, 0x4C, 0x3E, 0x29, 0x30, 0x13, 0x0F, 0x88,
    0x11, 0x14, 0x32, 0x5B, 0x3C, 0x4C, 0x7A, 0x18, 0x04, 0x16, 0x78, 0x4F, 0x48, 0x6E, 0x3D, 0xFE,
    0x7C, 0x98, 0x02, 0x0E, 0x01, 0xFD, 0xDD, 0x82, 0xB1, 0x01, 0x33, 0x01, 0x4C, 0xFE, 0xB4, 0x00,
    0x00, 0x01, 0x00, 0x69, 0x03, 0x73, 0x02, 0x03, 0x06, 0xD2, 0x00, 0x06, 0x00, 0x00, 0x01, 0x07,
    0x27, 0x25, 0x33, 0x13, 0x23, 0x01, 0x71, 0xE4, 0x24, 0x01, 0x62, 0x37, 0x01, 0x92, 0x06, 0x1B,
    0x4C, 0x85, 0x7E, 0xFC, 0xA1, 0x00, 0x00, 0x00, 0x00, 0x01, 0x00, 0x62, 0x03, 0x75, 0x02, 0x97,
    0x06, 0xD9, 0x00, 0x21, 0x00, 0x00, 0x13, 0x34, 0x36, 0x36, 0x37, 0x3E, 0x02, 0x35, 0x34, 0x23,
    0x22, 0x06, 0x07, 0x07, 0x27, 0x36, 0x37, 0x36, 0x36, 0x33, 0x32, 0x16, 0x15, 0x14, 0x06, 0x06,
    0x07, 0x06, 0x06, 0x15, 0x21, 0x15, 0x21, 0x62, 0x3B, 0x53, 0x45, 0x39, 0x44, 0x2E, 0x98, 0x29,
    0x54, 0x32, 0x14, 0x1A, 0x05, 0x1E, 0x3E, 0x61, 0x35, 0x7C, 0xA0, 0x41, 0x57, 0x43, 0x38, 0x31,
    0x01, 0x5D, 0xFD, 0xCB, 0x03, 0xB2, 0x40, 0x6A, 0x50, 0x38, 0x2E, 0x3F, 0x4C, 0x2A, 0x78, 0x0E,
    0x0B, 0x04, 0x95, 0x01, 0x06, 0x0C, 0x0F, 0x73, 0x90, 0x49, 0x79, 0x54, 0x37, 0x2C, 0x33, 0x18,
    0x9D, 0x00, 0x00, 0x00, 0x00, 0x01, 0x00, 0x83, 0x03, 0x5F, 0x02, 0x8F, 0x06, 0xDA, 0x00, 0x29,
    0x00, 0x00, 0x00, 0x26, 0x27, 0x37, 0x16, 0x16, 0x33, 0x32, 0x36, 0x35, 0x34, 0x26, 0x23, 0x27,
    0x32, 0x36, 0x35, 0x34, 0x26, 0x23, 0x22, 0x06, 0x07, 0x27, 0x36, 0x36, 0x33, 0x32, 0x16, 0x16,
    0x15, 0x14, 0x06, 0x07, 0x15, 0x16, 0x16, 0x15, 0x14, 0x06, 0x06, 0x23, 0x01, 0x2C, 0x7E, 0x2B,
    0x14, 0x2E, 0x79, 0x36, 0x38, 0x44, 0x7C, 0x66, 0x04, 0x5C, 0x70, 0x2E, 0x26, 0x33, 0x73, 0x2A,
    0x14, 0x2B, 0x83, 0x41, 0x44, 0x68, 0x39, 0x4E, 0x41, 0x4E, 0x5E, 0x49, 0x86, 0x58, 0x03, 0x5F,
    0x12, 0x0F, 0x92, 0x0D, 0x0F, 0x35, 0x2C, 0x38, 0x43, 0x9A, 0x4C, 0x3E, 0x29, 0x30, 0x13, 0x0F,
    0x88, 0x11, 0x14, 0x32, 0x5B, 0x3C, 0x4C, 0x7A, 0x18, 0x04, 0x16, 0x78, 0x4F, 0x48, 0x6E, 0x3D,
    0x00, 0x01, 0x00, 0x57, 0x02, 0xD2, 0x03, 0x03, 0x05, 0x9A, 0x00, 0x11, 0x00, 0x00, 0x01, 0x17,
    0x07, 0x27, 0x13, 0x23, 0x13, 0x07, 0x27, 0x37, 0x27, 0x37, 0x17, 0x03, 0x33, 0x03, 0x37, 0x17,
    0x02, 0x0F, 0xF4, 0x44, 0xE1, 0x13, 0x88, 0x13, 0xE1, 0x44, 0xF4, 0xF4, 0x44, 0xE1, 0x13, 0x88,
    0x13, 0xE1, 0x44, 0x04, 0x36, 0x77, 0x76, 0x99, 0xFE, 0xF0, 0x01, 0x0F, 0x98, 0x76, 0x77, 0x77,
    0x76, 0x98, 0x01, 0x0F, 0xFE, 0xF1, 0x98, 0x76, 0x00, 0x01, 0xFF, 0xE6, 0xFF, 0x10, 0x03, 0x08,
    0x05, 0xCC, 0x00, 0x03, 0x00, 0x00, 0x03, 0x37, 0x01, 0x07, 0x1A, 0x85, 0x02, 0x9D, 0x81, 0x05,
    0x9A, 0x32, 0xF9, 0x76, 0x32, 0x00, 0x00, 0x00, 0x00, 0x01, 0x00, 0x6F, 0x01, 0xF4, 0x01, 0x50,
    0x02, 0xD5, 0x00, 0x0B, 0x00, 0x00, 0x12, 0x26, 0x35, 0x34, 0x36, 0x33, 0x32, 0x16, 0x15, 0x14,
    0x06, 0x23, 0xAC, 0x3D, 0x3D, 0x33, 0x33, 0x3E, 0x3E, 0x33, 0x01, 0xF4, 0x3D, 0x33, 0x33, 0x3E,
    0x3E, 0x33, 0x33, 0x3D, 0x00, 0x01, 0x00, 0xA4, 0x01, 0x0C, 0x02, 0x9C, 0x03, 0x04, 0x00, 0x0F,
    0x00, 0x00, 0x00, 0x36, 0x36, 0x35, 0x34, 0x26, 0x26, 0x23, 0x22, 0x06, 0x06, 0x15, 0x14, 0x16,
    0x16, 0x33, 0x01, 0xE6, 0x73, 0x43, 0x43, 0x73, 0x44, 0x44, 0x75, 0x45, 0x45, 0x74, 0x45, 0x01,
    0x0C, 0x43, 0x73, 0x44, 0x45, 0x74, 0x45, 0x46, 0x75, 0x43, 0x44, 0x73, 0x43, 0x00, 0x00, 0x00,
    0x00, 0x02, 0x00, 0x5B, 0xFF, 0xEA, 0x01, 0x64, 0x03, 0xE4, 0x00, 0x0B, 0x00, 0x17, 0x00, 0x00,
    0x12, 0x26, 0x35, 0x34, 0x36, 0x33, 0x32, 0x16, 0x15, 0x14, 0x06, 0x23, 0x02, 0x26, 0x35, 0x34,
    0x36, 0x33, 0x32, 0x16, 0x15, 0x14, 0x06, 0x23, 0xA7, 0x4C, 0x4C, 0x38, 0x39, 0x4C, 0x4C, 0x39,
    0x38, 0x4C, 0x4C, 0x38, 0x39, 0x4C, 0x4C, 0x39, 0x02, 0xE5, 0x49, 0x36, 0x37, 0x49, 0x49, 0x37,
    0x36, 0x49, 0xFD, 0x05, 0x49, 0x36, 0x37, 0x49, 0x49, 0x37, 0x36, 0x49, 0x00, 0x01, 0x00, 0x27,
    0xFE, 0xF8, 0x01, 0x50, 0x00, 0xE4, 0x00, 0x07, 0x00, 0x00, 0x17, 0x36, 0x36, 0x35, 0x33, 0x14,
    0x02, 0x07, 0x27, 0x43, 0x32, 0xB4, 0x57, 0x49, 0xC2, 0x7D, 0xB0, 0x79, 0x7C, 0xFE, 0xF3, 0x63,
    0xFF, 0xFF, 0x00, 0x89, 0xFF, 0xEA, 0x01, 0x6A, 0x00, 0xCB, 0x00, 0x22, 0x01, 0x03, 0x1A, 0x00,
    0x00, 0x23, 0x01, 0x03, 0x02, 0x11, 0x00, 0x00, 0x00, 0x03, 0x01, 0x03, 0x04, 0x0B, 0x00, 0x00,
    0x00, 0x02, 0x00, 0xB3, 0xFF, 0xEA, 0x01, 0x94, 0x05, 0x9A, 0x00, 0x03, 0x00, 0x0F, 0x00, 0x00,
    0x13, 0x33, 0x03, 0x23, 0x12, 0x26, 0x35, 0x34, 0x36, 0x33, 0x32, 0x16, 0x15, 0x14, 0x06, 0x23,
    0xCB, 0xAC, 0x13, 0x87, 0x13, 0x3D, 0x3D, 0x33, 0x33, 0x3E, 0x3E, 0x33, 0x05, 0x9A, 0xFB, 0xBE,
    0xFE, 0x92, 0x3D, 0x33, 0x33, 0x3E, 0x3E, 0x33, 0x33, 0x3D, 0x00, 0x00, 0xFF, 0xFF, 0x00, 0xB2,
    0xFE, 0x51, 0x01, 0x93, 0x04, 0x01, 0x00, 0x0B, 0x01, 0x00, 0x02, 0x46, 0x03, 0xEB, 0xC0, 0x00,
    0x00, 0x02, 0x00, 0x18, 0x00, 0x77, 0x04, 0x92, 0x05, 0x9E, 0x00, 0x1B, 0x00, 0x1F, 0x00, 0x00,
    0x01, 0x03, 0x21, 0x07, 0x21, 0x03, 0x23, 0x13, 0x23, 0x03, 0x23, 0x13, 0x21, 0x37, 0x21, 0x13,
    0x21, 0x37, 0x21, 0x13, 0x33, 0x03, 0x33, 0x13, 0x33, 0x03, 0x21, 0x07, 0x21, 0x23, 0x03, 0x33,
    0x03, 0x71, 0x40, 0x01, 0x1B, 0x1D, 0xFE, 0xEB, 0x54, 0x7F, 0x54, 0xFB, 0x54, 0x78, 0x53, 0xFE,
    0xF1, 0x1D, 0x01, 0x09, 0x3F, 0xFE, 0xE1, 0x1D, 0x01, 0x18, 0x54, 0x7B, 0x55, 0xFC, 0x57, 0x7F,
    0x57, 0x01, 0x0A, 0x1D, 0xFE, 0x7D, 0xFC, 0x3F, 0xFB, 0x03, 0x9D, 0xFE, 0xD4, 0x6B, 0xFE, 0x75,
    0x01, 0x8B, 0xFE, 0x71, 0x01, 0x8F, 0x6B, 0x01, 0x2C, 0x6B, 0x01, 0x92, 0xFE, 0x6E, 0x01, 0x96,
    0xFE, 0x6A, 0x6B, 0xFE, 0xD4, 0x00, 0x00, 0x00, 0x00, 0x01, 0x00, 0x6F, 0xFF, 0xEA, 0x01, 0x50,
    0x00, 0xCB, 0x00, 0x0B, 0x00, 0x00, 0x16, 0x26, 0x35, 0x34, 0x36, 0x33, 0x32, 0x16, 0x15, 0x14,
    0x06, 0x23, 0xAC, 0x3D, 0x3D, 0x33, 0x33, 0x3E, 0x3E, 0x33, 0x16, 0x3D, 0x33, 0x33, 0x3E, 0x3E,
    0x33, 0x33, 0x3D, 0x00, 0x00, 0x02, 0x00, 0x7C, 0xFF, 0xEA, 0x03, 0x1F, 0x05, 0xB2, 0x00, 0x1E,
    0x00, 0x2A, 0x00, 0x00, 0x01, 0x34, 0x36, 0x36, 0x37, 0x3E, 0x02, 0x35, 0x34, 0x26, 0x27, 0x22,
    0x07, 0x27, 0x36, 0x36, 0x33, 0x32, 0x16, 0x15, 0x14, 0x06, 0x06, 0x07, 0x0E, 0x02, 0x15, 0x15,
    0x23, 0x12, 0x26, 0x35, 0x34, 0x36, 0x33, 0x32, 0x16, 0x15, 0x14, 0x06, 0x23, 0x01, 0x45, 0x34,
    0x4A, 0x3B, 0x2D, 0x34, 0x22, 0x7A, 0x70, 0x5D, 0x99, 0x25, 0x44, 0x9B, 0x49, 0xB5, 0xC6, 0x31,
    0x45, 0x39, 0x2F, 0x37, 0x24, 0xA1, 0x27, 0x3D, 0x3D, 0x33, 0x33, 0x3E, 0x3E, 0x33, 0x02, 0x0A,
    0x6C, 0x8C, 0x4F, 0x2C, 0x22, 0x32, 0x4C, 0x36, 0x5C, 0x67, 0x01, 0x23, 0x98, 0x12, 0x14, 0xAF,
    0xA0, 0x65, 0x85, 0x4B, 0x2C, 0x24, 0x38, 0x57, 0x3F, 0xA8, 0xFE, 0x82, 0x3D, 0x33, 0x33, 0x3E,
    0x3E, 0x33, 0x33, 0x3D, 0xFF, 0xFF, 0x00, 0x77, 0xFE, 0x28, 0x03, 0x1A, 0x03, 0xF0, 0x00, 0x0B,
    0x01, 0x04, 0x03, 0x96, 0x03, 0xDA, 0xC0, 0x00, 0x00, 0x02, 0x00, 0xA3, 0x03, 0xE8, 0x02, 0x80,
    0x05, 0xBD, 0x00, 0x03, 0x00, 0x07, 0x00, 0x00, 0x13, 0x33, 0x11, 0x23, 0x01, 0x33, 0x11, 0x23,
    0xA3, 0x91, 0x91, 0x01, 0x4C, 0x91, 0x91, 0x05, 0xBD, 0xFE, 0x2B, 0x01, 0xD5, 0xFE, 0x2B, 0x00,
    0x00, 0x01, 0x00, 0xA3, 0x03, 0xE8, 0x01, 0x34, 0x05, 0xBD, 0x00, 0x03, 0x00, 0x00, 0x13, 0x33,
    0x11, 0x23, 0xA3, 0x91, 0x91, 0x05, 0xBD, 0xFE, 0x2B, 0x00, 0x00, 0x00, 0x00, 0x02, 0x00, 0x27,
    0xFE, 0xF8, 0x01, 0x5C, 0x04, 0x16, 0x00, 0x0B, 0x00, 0x13, 0x00, 0x00, 0x12, 0x26, 0x35, 0x34,
    0x36, 0x33, 0x32, 0x16, 0x15, 0x14, 0x06, 0x23, 0x03, 0x36, 0x36, 0x35, 0x33, 0x14, 0x02, 0x07,
    0xAF, 0x48, 0x48, 0x33, 0x33, 0x47, 0x47, 0x33, 0xBB, 0x43, 0x32, 0xB4, 0x57, 0x49, 0x03, 0x24,
    0x47, 0x33, 0x33, 0x45, 0x45, 0x33, 0x33, 0x47, 0xFC, 0x1A, 0x7D, 0xB0, 0x79, 0x7C, 0xFE, 0xF3,
    0x63, 0x00, 0x00, 0x00, 0xFF, 0xFF, 0x00, 0x01, 0xFF, 0x10, 0x03, 0x23, 0x05, 0xCC, 0x00, 0x43,
    0x00, 0xFA, 0x03, 0x09, 0x00, 0x00, 0xC0, 0x00, 0x40, 0x00, 0x00, 0x00, 0xFF, 0xFF, 0x00, 0x32,
    0xFE, 0xD7, 0x03, 0x20, 0xFF, 0x63, 0x00, 0x03, 0x01, 0x5B, 0x00, 0x00, 0xFA, 0x32, 0x00, 0x00,
    0x00, 0x01, 0x00, 0x5C, 0xFE, 0xBA, 0x02, 0x2B, 0x05, 0x9A, 0x00, 0x19, 0x00, 0x00, 0x12, 0x11,
    0x11, 0x34, 0x27, 0x35, 0x36, 0x35, 0x11, 0x10, 0x25, 0x15, 0x06, 0x15, 0x11, 0x14, 0x07, 0x15,
    0x16, 0x15, 0x11, 0x14, 0x16, 0x16, 0x17, 0x15, 0xF8, 0x9C, 0x9C, 0x01, 0x33, 0x9F, 0x96, 0x96,
    0x1F, 0x45, 0x3B, 0xFE, 0xBE, 0x01, 0x32, 0x01, 0x2C, 0xCA, 0x0A, 0x74, 0x0B, 0xCD, 0x01, 0x24,
    0x01, 0x36, 0x04, 0x80, 0x04, 0xC2, 0xFE, 0xDB, 0xD2, 0x30, 0x04, 0x2D, 0xD3, 0xFE, 0xDF, 0x4B,
    0x59, 0x2A, 0x02, 0x7E, 0xFF, 0xFF, 0x00, 0x42, 0xFE, 0xBA, 0x02, 0x11, 0x05, 0x9A, 0x00, 0x43,
    0x01, 0x0B, 0x02, 0x6D, 0x00, 0x00, 0xC0, 0x00, 0x40, 0x00, 0x00, 0x00, 0x00, 0x01, 0x00, 0xC8,
    0xFE, 0xBA, 0x02, 0x38, 0x05, 0x9A, 0x00, 0x07, 0x00, 0x00, 0x13, 0x21, 0x15, 0x23, 0x11, 0x33,
    0x15, 0x21, 0xC8, 0x01, 0x70, 0xDE, 0xDE, 0xFE, 0x90, 0x05, 0x9A, 0x77, 0xFA, 0x0E, 0x77, 0x00,
    0xFF, 0xFF, 0x00, 0x35, 0xFE, 0xBA, 0x01, 0xA5, 0x05, 0x9A, 0x00, 0x43, 0x01, 0x0D, 0x02, 0x6D,
    0x00, 0x00, 0xC0, 0x00, 0x40, 0x00, 0x00, 0x00, 0x00, 0x01, 0x00, 0x94, 0xFE, 0xCE, 0x02, 0x25,
    0x05, 0x7C, 0x00, 0x0D, 0x00, 0x00, 0x04, 0x02, 0x11, 0x10, 0x12, 0x37, 0x17, 0x06, 0x02, 0x15,
    0x14, 0x12, 0x17, 0x07, 0x01, 0x23, 0x8F, 0x8B, 0x9A, 0x60, 0x7A, 0x6F, 0x74, 0x81, 0x62, 0x83,
    0x01, 0x95, 0x01, 0x13, 0x01, 0x0B, 0x01, 0x95, 0xB7, 0x50, 0xAF, 0xFE, 0x91, 0xE9, 0xE3, 0xFE,
    0x91, 0xB5, 0x50, 0x00, 0xFF, 0xFF, 0x00, 0x52, 0xFE, 0xCE, 0x01, 0xE3, 0x05, 0x7C, 0x00, 0x43,
    0x01, 0x0F, 0x02, 0x77, 0x00, 0x00, 0xC0, 0x00, 0x40, 0x00, 0x00, 0x00, 0x00, 0x01, 0x00, 0x00,
    0x01, 0xC8, 0x07, 0xE8, 0x02, 0x49, 0x00, 0x03, 0x00, 0x00, 0x01, 0x21, 0x35, 0x21, 0x07, 0xE8,
    0xF8, 0x18, 0x07, 0xE8, 0x01, 0xC8, 0x81, 0x00, 0x00, 0x01, 0x00, 0x00, 0x01, 0xC8, 0x04, 0x00,
    0x02, 0x49, 0x00, 0x03, 0x00, 0x00, 0x01, 0x21, 0x35, 0x21, 0x04, 0x00, 0xFC, 0x00, 0x04, 0x00,
    0x01, 0xC8, 0x81, 0x00, 0x00, 0x01, 0x00, 0x90, 0x01, 0xC8, 0x02, 0xB2, 0x02, 0x49, 0x00, 0x03,
    0x00, 0x00, 0x13, 0x21, 0x15, 0x21, 0x90, 0x02, 0x22, 0xFD, 0xDE, 0x02, 0x49, 0x81, 0x00, 0x00,
    0xFF, 0xFF, 0x00, 0x90, 0x01, 0xC8, 0x02, 0xB2, 0x02, 0x49, 0x00, 0x02, 0x01, 0x13, 0x00, 0x00,
    0x00, 0x02, 0x00, 0x5C, 0x00, 0x97, 0x03, 0xE5, 0x03, 0x3F, 0x00, 0x05, 0x00, 0x0B, 0x00, 0x00,
    0x13, 0x01, 0x33, 0x01, 0x01, 0x23, 0x13, 0x01, 0x33, 0x01, 0x01, 0x23, 0x5C, 0x01, 0x2B, 0xDA,
    0xFE, 0xCF, 0x01, 0x2F, 0xD8, 0x59, 0x01, 0x2B, 0xDA, 0xFE, 0xCF, 0x01, 0x2F, 0xD8, 0x01, 0xE7,
    0x01, 0x58, 0xFE, 0xA8, 0xFE, 0xB0, 0x01, 0x50, 0x01, 0x58, 0xFE, 0xA8, 0xFE, 0xB0, 0x00, 0x00,
    0x00, 0x02, 0x00, 0x48, 0x00, 0x97, 0x03, 0xD1, 0x03, 0x3F, 0x00, 0x05, 0x00, 0x0B, 0x00, 0x00,
    0x37, 0x01, 0x01, 0x33, 0x01, 0x01, 0x33, 0x01, 0x01, 0x33, 0x01, 0x01, 0x4A, 0x01, 0x2F, 0xFE,
    0xCF, 0xDA, 0x01, 0x2B, 0xFE, 0xD5, 0xAC, 0x01, 0x2F, 0xFE, 0xCF, 0xDA, 0x01, 0x2B, 0xFE, 0xD5,
    0x97, 0x01, 0x50, 0x01, 0x58, 0xFE, 0xA8, 0xFE, 0xB0, 0x01, 0x50, 0x01, 0x58, 0xFE, 0xA8, 0xFE,
    0xB0, 0x00, 0x00, 0x00, 0x00, 0x01, 0x00, 0x5C, 0x00, 0x97, 0x02, 0x61, 0x03, 0x3F, 0x00, 0x05,
    0x00, 0x00, 0x13, 0x01, 0x33, 0x01, 0x01, 0x23, 0x5C, 0x01, 0x2B, 0xDA, 0xFE, 0xCF, 0x01, 0x2F,
    0xD8, 0x01, 0xE7, 0x01, 0x58, 0xFE, 0xA8, 0xFE, 0xB0, 0x00, 0x00, 0x00, 0xFF, 0xFF, 0x00, 0x2A,
    0x00, 0x97, 0x02, 0x2F, 0x03, 0x3F, 0x00, 0x43, 0x01, 0x17, 0x02, 0x8B, 0x00, 0x00, 0xC0, 0x00,
    0x40, 0x00, 0x00, 0x00, 0xFF, 0xFF, 0x01, 0x68, 0xFE, 0xF8, 0x02, 0x91, 0x00, 0xE4, 0x00, 0x23,
    0x00, 0xFE, 0x01, 0x41, 0x00, 0x00, 0x00, 0x02, 0x00, 0xFE, 0x00, 0x00, 0x00, 0x02, 0x00, 0x55,
    0x03, 0xDB, 0x02, 0xAF, 0x05, 0xC7, 0x00, 0x07, 0x00, 0x0F, 0x00, 0x00, 0x01, 0x06, 0x06, 0x15,
    0x23, 0x34, 0x12, 0x37, 0x05, 0x06, 0x06, 0x15, 0x23, 0x34, 0x12, 0x37, 0x01, 0x7E, 0x43, 0x32,
    0xB4, 0x57, 0x49, 0x01, 0xBA, 0x43, 0x32, 0xB4, 0x57, 0x49, 0x05, 0x81, 0x7D, 0xB0, 0x79, 0x7C,
    0x01, 0x0D, 0x63, 0x46, 0x7D, 0xB0, 0x79, 0x7C, 0x01, 0x0D, 0x63, 0x00, 0x00, 0x02, 0x00, 0x5D,
    0x03, 0xC5, 0x02, 0xB7, 0x05, 0xB1, 0x00, 0x07, 0x00, 0x0F, 0x00, 0x00, 0x13, 0x36, 0x36, 0x35,
    0x33, 0x14, 0x02, 0x07, 0x37, 0x36, 0x36, 0x35, 0x33, 0x14, 0x02, 0x07, 0x5D, 0x43, 0x32, 0xB4,
    0x57, 0x49, 0xA8, 0x43, 0x32, 0xB4, 0x57, 0x49, 0x04, 0x0B, 0x7D, 0xB0, 0x79, 0x7C, 0xFE, 0xF3,
    0x63, 0x46, 0x7D, 0xB0, 0x79, 0x7C, 0xFE, 0xF3, 0x63, 0x00, 0x00, 0x00, 0x00, 0x01, 0x00, 0x55,
    0x03, 0xDB, 0x01, 0x7E, 0x05, 0xC7, 0x00, 0x07, 0x00, 0x00, 0x01, 0x06, 0x06, 0x15, 0x23, 0x34,
    0x12, 0x37, 0x01, 0x7E, 0x43, 0x32, 0xB4, 0x57, 0x49, 0x05, 0x81, 0x7D, 0xB0, 0x79, 0x7C, 0x01,
    0x0D, 0x63, 0x00, 0x00, 0xFF, 0xFF, 0x00, 0x59, 0x03, 0xC5, 0x01, 0x82, 0x05, 0xB1, 0x00, 0x03,
    0x00, 0xFE, 0x00, 0x32, 0x04, 0xCD, 0x00, 0x00, 0xFF, 0xFF, 0x00, 0x27, 0xFE, 0xF8, 0x01, 0x50,
    0x00, 0xE4, 0x00, 0x02, 0x00, 0xFE, 0x00, 0x00, 0x00, 0x02, 0x00, 0xB8, 0xFF, 0x2F, 0x03, 0xF1,
    0x04, 0xBD, 0x00, 0x1A, 0x00, 0x21, 0x00, 0x00, 0x04, 0x07, 0x15, 0x23, 0x35, 0x2E, 0x02, 0x35,
    0x34, 0x36, 0x36, 0x37, 0x35, 0x33, 0x15, 0x16, 0x16, 0x17, 0x07, 0x26, 0x27, 0x11, 0x36, 0x36,
    0x37, 0x17, 0x00, 0x16, 0x17, 0x11, 0x06, 0x06, 0x15, 0x03, 0x5B, 0x89, 0x73, 0x85, 0xBE, 0x64,
    0x63, 0xBE, 0x86, 0x73, 0x48, 0x87, 0x2F, 0x28, 0x64, 0x72, 0x3B, 0x60, 0x51, 0x33, 0xFD, 0x7C,
    0x7B, 0x77, 0x7E, 0x74, 0x0B, 0x0A, 0xBC, 0xBD, 0x0C, 0x80, 0xDB, 0x92, 0x8F, 0xDB, 0x86, 0x0E,
    0xDA, 0xD7, 0x03, 0x1E, 0x17, 0xA6, 0x2E, 0x08, 0xFD, 0x4C, 0x03, 0x1A, 0x1E, 0x98, 0x01, 0x26,
    0xAB, 0x16, 0x02, 0xA8, 0x12, 0xA9, 0x95, 0x00, 0x00, 0x02, 0x00, 0x64, 0x00, 0x7B, 0x04, 0x0E,
    0x04, 0x23, 0x00, 0x1B, 0x00, 0x2B, 0x00, 0x00, 0x37, 0x37, 0x26, 0x35, 0x34, 0x37, 0x27, 0x37,
    0x17, 0x36, 0x33, 0x32, 0x17, 0x37, 0x17, 0x07, 0x16, 0x15, 0x14, 0x07, 0x17, 0x07, 0x27, 0x06,
    0x23, 0x22, 0x27, 0x07, 0x24, 0x36, 0x36, 0x35, 0x34, 0x26, 0x26, 0x23, 0x22, 0x06, 0x06, 0x15,
    0x14, 0x16, 0x16, 0x33, 0x64, 0x8A, 0x4C, 0x4C, 0x8A, 0x5C, 0x8A, 0x6E, 0x82, 0x80, 0x6D, 0x8B,
    0x5C, 0x89, 0x4E, 0x4E, 0x89, 0x5C, 0x89, 0x68, 0x87, 0x89, 0x67, 0x8A, 0x01, 0xBF, 0x76, 0x45,
    0x47, 0x76, 0x43, 0x47, 0x75, 0x43, 0x45, 0x75, 0x45, 0xDB, 0x86, 0x70, 0x7D, 0x82, 0x6B, 0x88,
    0x60, 0x89, 0x4D, 0x4D, 0x89, 0x60, 0x88, 0x71, 0x7C, 0x79, 0x74, 0x86, 0x60, 0x8A, 0x4C, 0x4C,
    0x8A, 0xD6, 0x45, 0x75, 0x45, 0x44, 0x76, 0x45, 0x45, 0x75, 0x45, 0x45, 0x75, 0x45, 0x00, 0x00,
    0x00, 0x03, 0x00, 0x64, 0xFF, 0x2F, 0x03, 0xE8, 0x06, 0x54, 0x00, 0x25, 0x00, 0x2C, 0x00, 0x33,
    0x00, 0x00, 0x00, 0x16, 0x16, 0x15, 0x14, 0x06, 0x07, 0x15, 0x23, 0x35, 0x23, 0x06, 0x26, 0x27,
    0x37, 0x16, 0x16, 0x33, 0x33, 0x11, 0x2E, 0x02, 0x35, 0x34, 0x36, 0x37, 0x35, 0x33, 0x15, 0x16,
    0x17, 0x07, 0x27, 0x26, 0x26, 0x27, 0x11, 0x24, 0x16, 0x17, 0x11, 0x06, 0x06, 0x15, 0x00, 0x36,
    0x35, 0x34, 0x26, 0x27, 0x11, 0x02, 0xE9, 0x98, 0x67, 0xC0, 0xB1, 0x6A, 0x04, 0x6B, 0xBF, 0x7B,
    0x41, 0x71, 0xA3, 0x50, 0x04, 0x79, 0x92, 0x66, 0xC6, 0xAB, 0x6A, 0xA6, 0xA1, 0x41, 0x19, 0x3E,
    0x67, 0x48, 0xFE, 0xCF, 0x66, 0x61, 0x5B, 0x6C, 0x01, 0x93, 0x5C, 0x62, 0x5C, 0x03, 0x02, 0x63,
    0xA4, 0x79, 0xA0, 0xCC, 0x19, 0xCE, 0xC6, 0x01, 0x33, 0x3B, 0x95, 0x3A, 0x2D, 0x02, 0x13, 0x31,
    0x53, 0x98, 0x77, 0xA4, 0xB5, 0x13, 0xB2, 0xAD, 0x03, 0x40, 0x9D, 0x09, 0x17, 0x1A, 0x01, 0xFE,
    0x32, 0xC0, 0x63, 0x2E, 0x01, 0x98, 0x0F, 0x5B, 0x51, 0xFC, 0x70, 0x7B, 0x57, 0x59, 0x6E, 0x2C,
    0xFE, 0x26, 0x00, 0x00, 0x00, 0x01, 0x00, 0x66, 0xFF, 0xEC, 0x04, 0x24, 0x05, 0xB4, 0x00, 0x2C,
    0x00, 0x00, 0x25, 0x06, 0x06, 0x23, 0x22, 0x00, 0x27, 0x23, 0x35, 0x33, 0x26, 0x35, 0x34, 0x37,
    0x23, 0x35, 0x33, 0x36, 0x00, 0x33, 0x32, 0x17, 0x07, 0x26, 0x26, 0x23, 0x22, 0x06, 0x07, 0x21,
    0x15, 0x21, 0x06, 0x15, 0x14, 0x17, 0x21, 0x15, 0x21, 0x16, 0x16, 0x33, 0x32, 0x36, 0x37, 0x04,
    0x24, 0x45, 0xB4, 0x52, 0xCE, 0xFE, 0xFB, 0x29, 0x77, 0x67, 0x02, 0x03, 0x68, 0x79, 0x2C, 0x01,
    0x1D, 0xDF, 0x78, 0x86, 0x31, 0x1E, 0x8C, 0x25, 0x90, 0xBF, 0x25, 0x01, 0xEF, 0xFD, 0xFE, 0x03,
    0x03, 0x02, 0x02, 0xFE, 0x11, 0x24, 0xB4, 0x87, 0x3C, 0x7D, 0x43, 0x41, 0x24, 0x31, 0x01, 0x05,
    0xF4, 0x8C, 0x38, 0x20, 0x31, 0x2D, 0x8C, 0xF7, 0x01, 0x0A, 0x2C, 0x96, 0x0D, 0x17, 0xB7, 0xAC,
    0x8C, 0x2A, 0x2C, 0x31, 0x2F, 0x8C, 0xAA, 0xB7, 0x2A, 0x22, 0x00, 0x00, 0x00, 0x01, 0x00, 0x54,
    0xFE, 0xEA, 0x03, 0xB8, 0x05, 0x9A, 0x00, 0x1D, 0x00, 0x00, 0x12, 0x27, 0x37, 0x16, 0x33, 0x32,
    0x13, 0x13, 0x23, 0x35, 0x33, 0x37, 0x3E, 0x02, 0x33, 0x32, 0x17, 0x07, 0x26, 0x23, 0x22, 0x07,
    0x07, 0x33, 0x15, 0x23, 0x03, 0x02, 0x21, 0x93, 0x3F, 0x24, 0x1B, 0x21, 0x96, 0x28, 0x5B, 0x67,
    0x7C, 0x1C, 0x0B, 0x57, 0x8C, 0x58, 0x41, 0x33, 0x1E, 0x20, 0x2E, 0x92, 0x18, 0x1F, 0xA6, 0xBB,
    0x5A, 0x3A, 0xFE, 0xDE, 0xFE, 0xEA, 0x10, 0x82, 0x08, 0x01, 0x24, 0x02, 0x7C, 0x8A, 0xDB, 0x57,
    0x83, 0x47, 0x13, 0x87, 0x0E, 0xA0, 0xD0, 0x8A, 0xFD, 0x78, 0xFE, 0x5E, 0x00, 0x01, 0x00, 0x50,
    0x00, 0x00, 0x03, 0x78, 0x05, 0xAE, 0x00, 0x22, 0x00, 0x00, 0x25, 0x15, 0x21, 0x35, 0x36, 0x35,
    0x35, 0x23, 0x35, 0x37, 0x35, 0x34, 0x36, 0x33, 0x32, 0x16, 0x17, 0x17, 0x07, 0x26, 0x26, 0x27,
    0x26, 0x23, 0x22, 0x06, 0x06, 0x15, 0x15, 0x25, 0x15, 0x21, 0x15, 0x06, 0x07, 0x03, 0x78, 0xFC,
    0xD8, 0xFC, 0xD9, 0xD9, 0xAF, 0xDE, 0x18, 0x34, 0x27, 0x23, 0x10, 0x0F, 0x18, 0x09, 0x30, 0x19,
    0x67, 0x70, 0x29, 0x01, 0x09, 0xFE, 0xF7, 0x0E, 0xC9, 0x88, 0x88, 0x88, 0x92, 0xBB, 0xAC, 0x7B,
    0x01, 0xEC, 0xD3, 0xF2, 0x09, 0x09, 0x07, 0x7D, 0x03, 0x05, 0x02, 0x0C, 0x46, 0x86, 0x6F, 0xF6,
    0x01, 0x7D, 0xAC, 0xC2, 0x8B, 0x00, 0x00, 0x00, 0x00, 0x01, 0x00, 0x45, 0x00, 0x00, 0x04, 0x11,
    0x05, 0x9A, 0x00, 0x1D, 0x00, 0x00, 0x01, 0x21, 0x15, 0x21, 0x15, 0x21, 0x15, 0x21, 0x15, 0x23,
    0x35, 0x21, 0x35, 0x21, 0x35, 0x21, 0x35, 0x21, 0x01, 0x33, 0x01, 0x16, 0x16, 0x17, 0x33, 0x36,
    0x36, 0x37, 0x01, 0x33, 0x02, 0xB6, 0x01, 0x15, 0xFE, 0xB8, 0x01, 0x48, 0xFE, 0xB8, 0x9E, 0xFE,
    0x9C, 0x01, 0x64, 0xFE, 0x9C, 0x01, 0x2D, 0xFE, 0x97, 0xB2, 0x01, 0x1C, 0x06, 0x14, 0x09, 0x03,
    0x05, 0x1C, 0x04, 0x01, 0x0D, 0xA6, 0x02, 0xBA, 0x8C, 0xB9, 0x8C, 0xE9, 0xE9, 0x8C, 0xB9, 0x8C,
    0x02, 0xE0, 0xFD, 0xA5, 0x0D, 0x33, 0x18, 0x11, 0x3E, 0x09, 0x02, 0x5B, 0x00, 0x01, 0x00, 0xD1,
    0x01, 0x86, 0x04, 0xAA, 0x02, 0xBC, 0x00, 0x19, 0x00, 0x00, 0x12, 0x36, 0x36, 0x33, 0x32, 0x16,
    0x17, 0x16, 0x16, 0x33, 0x32, 0x36, 0x37, 0x33, 0x06, 0x06, 0x23, 0x22, 0x26, 0x27, 0x26, 0x26,
    0x23, 0x22, 0x07, 0x23, 0xD4, 0x46, 0x7C, 0x54, 0x37, 0x6C, 0x4D, 0x48, 0x51, 0x27, 0x3C, 0x4B,
    0x02, 0x87, 0x07, 0x93, 0x7E, 0x3E, 0x70, 0x4E, 0x3C, 0x4C, 0x24, 0x8C, 0x06, 0x87, 0x01, 0xE5,
    0x8C, 0x4B, 0x31, 0x30, 0x2B, 0x26, 0x61, 0x51, 0x94, 0xA2, 0x33, 0x31, 0x26, 0x26, 0xB0, 0x00,
    0x00, 0x03, 0x00, 0xE8, 0x00, 0x70, 0x04, 0x94, 0x04, 0x3A, 0x00, 0x0A, 0x00, 0x0E, 0x00, 0x19,
    0x00, 0x00, 0x00, 0x26, 0x35, 0x34, 0x36, 0x33, 0x32, 0x15, 0x14, 0x06, 0x23, 0x05, 0x21, 0x15,
    0x21, 0x00, 0x26, 0x35, 0x34, 0x36, 0x33, 0x32, 0x15, 0x14, 0x06, 0x23, 0x02, 0x98, 0x3C, 0x3B,
    0x2D, 0x67, 0x3C, 0x2B, 0xFE, 0x24, 0x03, 0xAC, 0xFC, 0x54, 0x01, 0xAC, 0x3E, 0x3D, 0x2D, 0x65,
    0x3A, 0x2B, 0x03, 0x64, 0x3D, 0x2C, 0x2E, 0x3F, 0x6B, 0x2E, 0x3D, 0xCC, 0x86, 0xFE, 0x5E, 0x3C,
    0x2B, 0x2E, 0x41, 0x6D, 0x2D, 0x3C, 0x00, 0x00, 0x00, 0x02, 0x00, 0xE8, 0x01, 0x3E, 0x04, 0x94,
    0x03, 0x6C, 0x00, 0x03, 0x00, 0x07, 0x00, 0x00, 0x13, 0x21, 0x15, 0x21, 0x11, 0x21, 0x15, 0x21,
    0xE8, 0x03, 0xAC, 0xFC, 0x54, 0x03, 0xAC, 0xFC, 0x54, 0x03, 0x6C, 0x84, 0xFE, 0xDA, 0x84, 0x00,
    0x00, 0x01, 0x01, 0x10, 0x00, 0x7F, 0x04, 0x6C, 0x04, 0x4C, 0x00, 0x07, 0x00, 0x00, 0x01, 0x01,
    0x35, 0x01, 0x35, 0x01, 0x15, 0x01, 0x01, 0x10, 0x02, 0x84, 0xFD, 0x7C, 0x03, 0x5C, 0xFC, 0xA4,
    0x01, 0x14, 0x01, 0x38, 0x06, 0x01, 0x64, 0x96, 0xFE, 0x1E, 0x3B, 0xFE, 0x50, 0x00, 0x00, 0x00,
    0xFF, 0xFF, 0x01, 0x10, 0x00, 0x7F, 0x04, 0x6C, 0x04, 0x4C, 0x00, 0x43, 0x01, 0x2A, 0x05, 0x7C,
    0x00, 0x00, 0xC0, 0x00, 0x40, 0x00, 0x00, 0x00, 0x00, 0x01, 0x00, 0xE8, 0x00, 0xFE, 0x04, 0x94,
    0x03, 0x31, 0x00, 0x05, 0x00, 0x00, 0x01, 0x21, 0x35, 0x21, 0x11, 0x23, 0x04, 0x10, 0xFC, 0xD8,
    0x03, 0xAC, 0x84, 0x02, 0xAC, 0x85, 0xFD, 0xCD, 0x00, 0x01, 0x00, 0xA4, 0xFE, 0x74, 0x04, 0x4D,
    0x03, 0xCE, 0x00, 0x1B, 0x00, 0x00, 0x05, 0x26, 0x27, 0x0E, 0x02, 0x23, 0x22, 0x27, 0x11, 0x23,
    0x11, 0x26, 0x35, 0x11, 0x33, 0x11, 0x14, 0x16, 0x33, 0x32, 0x36, 0x35, 0x11, 0x33, 0x11, 0x16,
    0x17, 0x03, 0xBC, 0x3A, 0x18, 0x0F, 0x55, 0x87, 0x56, 0x87, 0x5B, 0xA2, 0x01, 0xA4, 0x6D, 0x98,
    0x71, 0x94, 0xA4, 0x01, 0x56, 0x27, 0x68, 0x5C, 0x29, 0x52, 0x38, 0x36, 0xFE, 0x54, 0x02, 0xD9,
    0x0C, 0x17, 0x02, 0x5D, 0xFD, 0xD6, 0x83, 0x9E, 0x6B, 0x7D, 0x02, 0x64, 0xFD, 0x7C, 0x93, 0x9B,
    0x00, 0x01, 0x01, 0x0C, 0x00, 0xA4, 0x04, 0x6E, 0x04, 0x06, 0x00, 0x0B, 0x00, 0x00, 0x09, 0x02,
    0x37, 0x01, 0x01, 0x17, 0x01, 0x01, 0x07, 0x01, 0x01, 0x01, 0x0C, 0x01, 0x54, 0xFE, 0xAC, 0x5E,
    0x01, 0x52, 0x01, 0x54, 0x5E, 0xFE, 0xAC, 0x01, 0x54, 0x5E, 0xFE, 0xAC, 0xFE, 0xAE, 0x01, 0x02,
    0x01, 0x52, 0x01, 0x54, 0x5E, 0xFE, 0xAC, 0x01, 0x54, 0x5E, 0xFE, 0xAC, 0xFE, 0xAE, 0x5E, 0x01,
    0x54, 0xFE, 0xAC, 0x00, 0x00, 0x05, 0x00, 0x50, 0xFF, 0xC4, 0x06, 0x41, 0x05, 0xC0, 0x00, 0x03,
    0x00, 0x13, 0x00, 0x23, 0x00, 0x33, 0x00, 0x43, 0x00, 0x00, 0x21, 0x01, 0x17, 0x01, 0x02, 0x26,
    0x26, 0x35, 0x34, 0x36, 0x36, 0x33, 0x32, 0x16, 0x16, 0x15, 0x14, 0x06, 0x06, 0x23, 0x3E, 0x02,
    0x35, 0x34, 0x26, 0x26, 0x23, 0x22, 0x06, 0x06, 0x15, 0x14, 0x16, 0x16, 0x33, 0x00, 0x26, 0x26,
    0x35, 0x34, 0x36, 0x36, 0x33, 0x32, 0x16, 0x16, 0x15, 0x14, 0x06, 0x06, 0x23, 0x3E, 0x02, 0x35,
    0x34, 0x26, 0x26, 0x23, 0x22, 0x06, 0x06, 0x15, 0x14, 0x16, 0x16, 0x33, 0x01, 0x51, 0x03, 0x6B,
    0x8F, 0xFC, 0x96, 0xA8, 0x94, 0x55, 0x5A, 0x9D, 0x61, 0x5B, 0x93, 0x54, 0x5A, 0x9C, 0x60, 0x3A,
    0x4E, 0x2C, 0x2B, 0x4C, 0x2F, 0x31, 0x50, 0x2E, 0x2D, 0x4E, 0x30, 0x02, 0xF2, 0x94, 0x55, 0x5A,
    0x9D, 0x61, 0x5B, 0x93, 0x54, 0x5A, 0x9C, 0x60, 0x3A, 0x4E, 0x2C, 0x2B, 0x4C, 0x2F, 0x31, 0x50,
    0x2E, 0x2D, 0x4E, 0x30, 0x05, 0xC0, 0x3C, 0xFA, 0x40, 0x03, 0x2F, 0x59, 0x9A, 0x5F, 0x63, 0xA2,
    0x5C, 0x57, 0x98, 0x5D, 0x65, 0xA4, 0x5E, 0x8D, 0x38, 0x62, 0x3C, 0x37, 0x5A, 0x33, 0x35, 0x5E,
    0x39, 0x3A, 0x5E, 0x36, 0xFC, 0x76, 0x59, 0x9A, 0x5F, 0x63, 0xA2, 0x5C, 0x57, 0x98, 0x5D, 0x65,
    0xA4, 0x5E, 0x8D, 0x38, 0x62, 0x3C, 0x37, 0x5A, 0x33, 0x35, 0x5E, 0x39, 0x3A, 0x5E, 0x36, 0x00,
    0x00, 0x07, 0x00, 0x50, 0xFF, 0xC4, 0x09, 0x62, 0x05, 0xC0, 0x00, 0x03, 0x00, 0x13, 0x00, 0x23,
    0x00, 0x33, 0x00, 0x43, 0x00, 0x53, 0x00, 0x63, 0x00, 0x00, 0x21, 0x01, 0x17, 0x01, 0x02, 0x26,
    0x26, 0x35, 0x34, 0x36, 0x36, 0x33, 0x32, 0x16, 0x16, 0x15, 0x14, 0x06, 0x06, 0x23, 0x3E, 0x02,
    0x35, 0x34, 0x26, 0x26, 0x23, 0x22, 0x06, 0x06, 0x15, 0x14, 0x16, 0x16, 0x33, 0x00, 0x26, 0x26,
    0x35, 0x34, 0x36, 0x36, 0x33, 0x32, 0x16, 0x16, 0x15, 0x14, 0x06, 0x06, 0x23, 0x04, 0x26, 0x26,
    0x35, 0x34, 0x36, 0x36, 0x33, 0x32, 0x16, 0x16, 0x15, 0x14, 0x06, 0x06, 0x23, 0x24, 0x36, 0x36,
    0x35, 0x34, 0x26, 0x26, 0x23, 0x22, 0x06, 0x06, 0x15, 0x14, 0x16, 0x16, 0x33, 0x04, 0x36, 0x36,
    0x35, 0x34, 0x26, 0x26, 0x23, 0x22, 0x06, 0x06, 0x15, 0x14, 0x16, 0x16, 0x33, 0x01, 0x51, 0x03,
    0x6B, 0x8F, 0xFC, 0x96, 0xA8, 0x94, 0x55, 0x5A, 0x9D, 0x61, 0x5B, 0x93, 0x54, 0x5A, 0x9C, 0x60,
    0x3A, 0x4E, 0x2C, 0x2B, 0x4C, 0x2F, 0x31, 0x50, 0x2E, 0x2D, 0x4E, 0x30, 0x02, 0xF2, 0x94, 0x55,
    0x5A, 0x9D, 0x61, 0x5B, 0x93, 0x54, 0x5A, 0x9C, 0x60, 0x02, 0xC6, 0x94, 0x55, 0x5A, 0x9D, 0x61,
    0x5B, 0x93, 0x54, 0x5A, 0x9C, 0x60, 0xFD, 0x19, 0x4E, 0x2C, 0x2B, 0x4C, 0x2F, 0x31, 0x50, 0x2E,
    0x2D, 0x4E, 0x30, 0x03, 0x51, 0x4E, 0x2C, 0x2B, 0x4C, 0x2F, 0x31, 0x50, 0x2E, 0x2D, 0x4E, 0x30,
    0x05, 0xC0, 0x3C, 0xFA, 0x40, 0x03, 0x2F, 0x59, 0x9A, 0x5F, 0x63, 0xA2, 0x5C, 0x57, 0x98, 0x5D,
    0x65, 0xA4, 0x5E, 0x8D, 0x38, 0x62, 0x3C, 0x37, 0x5A, 0x33, 0x35, 0x5E, 0x39, 0x3A, 0x5E, 0x36,
    0xFC, 0x76, 0x59, 0x9A, 0x5F, 0x63, 0xA2, 0x5C, 0x57, 0x98, 0x5D, 0x65, 0xA4, 0x5E, 0x02, 0x59,
    0x9A, 0x5F, 0x63, 0xA2, 0x5C, 0x57, 0x98, 0x5D, 0x65, 0xA4, 0x5E, 0x8F, 0x38, 0x62, 0x3C, 0x37,
    0x5A, 0x33, 0x35, 0x5E, 0x39, 0x3A, 0x5E, 0x36, 0x02, 0x38, 0x62, 0x3C, 0x37, 0x5A, 0x33, 0x35,
    0x5E, 0x39, 0x3A, 0x5E, 0x36, 0x00, 0x00, 0x00, 0x00, 0x01, 0x00, 0xE8, 0x00, 0x7F, 0x04, 0x94,
    0x04, 0x2B, 0x00, 0x0B, 0x00, 0x00, 0x01, 0x21, 0x35, 0x21, 0x11, 0x33, 0x11, 0x21, 0x15, 0x21,
    0x11, 0x23, 0x02, 0x7B, 0xFE, 0x6D, 0x01, 0x93, 0x85, 0x01, 0x94, 0xFE, 0x6C, 0x85, 0x02, 0x12,
    0x86, 0x01, 0x93, 0xFE, 0x6D, 0x86, 0xFE, 0x6D, 0x00, 0x02, 0x00, 0xE8, 0x00, 0x00, 0x04, 0x94,
    0x04, 0xA8, 0x00, 0x0B, 0x00, 0x0F, 0x00, 0x00, 0x01, 0x21, 0x35, 0x21, 0x11, 0x33, 0x11, 0x21,
    0x15, 0x21, 0x11, 0x23, 0x05, 0x21, 0x15, 0x21, 0x02, 0x7B, 0xFE, 0x6D, 0x01, 0x93, 0x85, 0x01,
    0x94, 0xFE, 0x6C, 0x85, 0xFE, 0x6D, 0x03, 0xAC, 0xFC, 0x54, 0x02, 0x8F, 0x86, 0x01, 0x93, 0xFE,
    0x6D, 0x86, 0xFE, 0x6D, 0x77, 0x85, 0x00, 0x00, 0x00, 0x01, 0x00, 0xAC, 0xFE, 0x1E, 0x01, 0x40,
    0x06, 0x1E, 0x00, 0x03, 0x00, 0x00, 0x13, 0x33, 0x11, 0x23, 0xAC, 0x94, 0x94, 0x06, 0x1E, 0xF8,
    0x00, 0x00, 0x00, 0x00, 0x00, 0x02, 0x00, 0xAC, 0xFE, 0x1E, 0x01, 0x40, 0x06, 0x1E, 0x00, 0x03,
    0x00, 0x07, 0x00, 0x00, 0x13, 0x33, 0x11, 0x23, 0x11, 0x33, 0x11, 0x23, 0xAC, 0x94, 0x94, 0x94,
    0x94, 0x06, 0x1E, 0xFC, 0xAD, 0xFE, 0xA7, 0xFC, 0xAC, 0x00, 0x00, 0x00, 0x00, 0x02, 0x00, 0xAC,
    0xFE, 0x86, 0x06, 0xFC, 0x05, 0x34, 0x00, 0x48, 0x00, 0x57, 0x00, 0x00, 0x00, 0x06, 0x06, 0x23,
    0x35, 0x07, 0x26, 0x27, 0x0E, 0x02, 0x23, 0x22, 0x26, 0x26, 0x35, 0x34, 0x36, 0x36, 0x33, 0x32,
    0x17, 0x35, 0x34, 0x26, 0x23, 0x22, 0x06, 0x07, 0x27, 0x36, 0x36, 0x33, 0x32, 0x16, 0x17, 0x13,
    0x16, 0x17, 0x36, 0x36, 0x35, 0x34, 0x02, 0x24, 0x23, 0x22, 0x04, 0x02, 0x15, 0x14, 0x12, 0x04,
    0x33, 0x32, 0x36, 0x37, 0x17, 0x06, 0x04, 0x23, 0x20, 0x24, 0x02, 0x11, 0x10, 0x12, 0x24, 0x21,
    0x20, 0x04, 0x12, 0x11, 0x00, 0x36, 0x36, 0x35, 0x35, 0x26, 0x26, 0x23, 0x22, 0x06, 0x15, 0x14,
    0x16, 0x16, 0x33, 0x06, 0xFC, 0x63, 0xD1, 0xA8, 0x02, 0x37, 0x1C, 0x11, 0x62, 0x88, 0x46, 0x63,
    0x9D, 0x5B, 0x5E, 0xAD, 0x73, 0x8A, 0x7D, 0x70, 0x6E, 0x2A, 0x9D, 0x44, 0x1C, 0x7A, 0x8B, 0x2F,
    0xB6, 0xBC, 0x01, 0x02, 0x01, 0x35, 0x75, 0x6A, 0x84, 0xFE, 0xE9, 0xE0, 0xF1, 0xFE, 0xD3, 0x8F,
    0x92, 0x01, 0x33, 0xF7, 0x97, 0xFD, 0x80, 0x32, 0x76, 0xFE, 0xED, 0xBB, 0xFE, 0xD2, 0xFE, 0x89,
    0xB2, 0xAE, 0x01, 0x6F, 0x01, 0x27, 0x01, 0x13, 0x01, 0x57, 0xA2, 0xFD, 0x01, 0x76, 0x41, 0x32,
    0x7A, 0x42, 0x6B, 0x80, 0x35, 0x60, 0x3F, 0x01, 0x51, 0xFF, 0x79, 0x01, 0x01, 0x60, 0x66, 0x32,
    0x54, 0x30, 0x3E, 0x82, 0x61, 0x5E, 0x8B, 0x4A, 0x47, 0x66, 0x78, 0x6E, 0x0D, 0x0B, 0xA4, 0x0E,
    0x0C, 0xC0, 0xBE, 0xFE, 0xE0, 0x75, 0x78, 0x16, 0xD3, 0xCD, 0xEA, 0x01, 0x23, 0x8A, 0x95, 0xFE,
    0xC5, 0xFC, 0xFE, 0xFE, 0xC5, 0x95, 0x3C, 0x42, 0x79, 0x4B, 0x44, 0xB3, 0x01, 0x7A, 0x01, 0x2F,
    0x01, 0x2C, 0x01, 0x75, 0xB1, 0xA4, 0xFE, 0xA5, 0xFE, 0xE9, 0xFE, 0x64, 0x36, 0x64, 0x41, 0x09,
    0x1C, 0x1F, 0x4B, 0x42, 0x2B, 0x42, 0x25, 0x00, 0x00, 0x03, 0x00, 0x77, 0xFF, 0xD6, 0x06, 0x4D,
    0x05, 0xB3, 0x00, 0x26, 0x00, 0x34, 0x00, 0x40, 0x00, 0x00, 0x05, 0x24, 0x27, 0x06, 0x04, 0x23,
    0x22, 0x26, 0x26, 0x35, 0x34, 0x36, 0x36, 0x37, 0x26, 0x35, 0x34, 0x36, 0x36, 0x33, 0x32, 0x16,
    0x16, 0x15, 0x14, 0x06, 0x06, 0x07, 0x16, 0x17, 0x36, 0x36, 0x37, 0x17, 0x06, 0x06, 0x07, 0x16,
    0x17, 0x00, 0x17, 0x3E, 0x02, 0x35, 0x34, 0x26, 0x26, 0x23, 0x22, 0x06, 0x06, 0x15, 0x12, 0x36,
    0x37, 0x26, 0x27, 0x06, 0x06, 0x15, 0x14, 0x16, 0x16, 0x33, 0x06, 0x19, 0xFE, 0xED, 0xF0, 0x76,
    0xFF, 0x00, 0x7A, 0x79, 0xC5, 0x71, 0x5A, 0x8F, 0x67, 0x79, 0x63, 0xAD, 0x6B, 0x64, 0xA3, 0x5D,
    0x66, 0x9F, 0x73, 0x88, 0xD4, 0x52, 0x8B, 0x32, 0x75, 0x2F, 0x89, 0x55, 0xCF, 0xF6, 0xFB, 0xAB,
    0x62, 0x66, 0x84, 0x53, 0x36, 0x5E, 0x3A, 0x3B, 0x5F, 0x37, 0xA6, 0xAD, 0x56, 0xE3, 0x98, 0x81,
    0x87, 0x50, 0x8B, 0x55, 0x2A, 0x5F, 0x8E, 0x68, 0x72, 0x60, 0xA6, 0x67, 0x5E, 0x8C, 0x63, 0x30,
    0xBA, 0xA8, 0x6B, 0xAF, 0x64, 0x61, 0xAA, 0x69, 0x60, 0x96, 0x70, 0x3B, 0x97, 0x8A, 0x5F, 0xEB,
    0x83, 0x4C, 0x80, 0xE9, 0x60, 0x78, 0x5D, 0x03, 0x4B, 0x97, 0x2E, 0x51, 0x6E, 0x49, 0x3E, 0x65,
    0x3A, 0x3F, 0x6F, 0x44, 0xFC, 0x40, 0x4F, 0x49, 0x98, 0xB1, 0x43, 0x78, 0x4F, 0x3D, 0x62, 0x38,
    0x00, 0x01, 0x00, 0x54, 0x00, 0x00, 0x03, 0x42, 0x05, 0x9A, 0x00, 0x11, 0x00, 0x00, 0x01, 0x22,
    0x26, 0x26, 0x35, 0x34, 0x36, 0x36, 0x33, 0x21, 0x15, 0x23, 0x11, 0x23, 0x11, 0x23, 0x11, 0x23,
    0x01, 0x80, 0x55, 0x89, 0x4E, 0x44, 0x75, 0x47, 0x01, 0xEE, 0x80, 0x6A, 0x6C, 0x6C, 0x03, 0x87,
    0x46, 0x79, 0x4C, 0x4C, 0x79, 0x43, 0x67, 0xFA, 0xCD, 0x05, 0x33, 0xFA, 0xCD, 0x00, 0x00, 0x00,
    0x00, 0x03, 0x00, 0xA2, 0xFF, 0xDF, 0x06, 0x7D, 0x05, 0xBB, 0x00, 0x0F, 0x00, 0x1F, 0x00, 0x3A,
    0x00, 0x00, 0x04, 0x24, 0x02, 0x35, 0x34, 0x12, 0x24, 0x33, 0x32, 0x04, 0x12, 0x15, 0x14, 0x02,
    0x04, 0x23, 0x36, 0x24, 0x12, 0x35, 0x34, 0x02, 0x24, 0x23, 0x22, 0x04, 0x02, 0x15, 0x14, 0x12,
    0x04, 0x33, 0x2E, 0x02, 0x35, 0x34, 0x36, 0x36, 0x17, 0x36, 0x16, 0x17, 0x07, 0x26, 0x23, 0x22,
    0x06, 0x15, 0x14, 0x16, 0x33, 0x32, 0x36, 0x37, 0x17, 0x06, 0x06, 0x23, 0x02, 0xC4, 0xFE, 0xA7,
    0xC9, 0xC9, 0x01, 0x59, 0xCC, 0xCB, 0x01, 0x58, 0xCA, 0xCA, 0xFE, 0xA8, 0xCB, 0xA9, 0x01, 0x13,
    0x9D, 0x9D, 0xFE, 0xEE, 0xA9, 0xAA, 0xFE, 0xED, 0x9E, 0x9E, 0x01, 0x13, 0xA9, 0x68, 0xBD, 0x63,
    0x65, 0xC2, 0x88, 0x46, 0x89, 0x30, 0x22, 0x6D, 0x6F, 0x91, 0x82, 0x95, 0x8D, 0x3B, 0x5C, 0x49,
    0x2C, 0x49, 0x99, 0x46, 0x21, 0xC9, 0x01, 0x59, 0xCC, 0xCC, 0x01, 0x59, 0xC9, 0xCA, 0xFE, 0xA8,
    0xCC, 0xCC, 0xFE, 0xA8, 0xCA, 0x8B, 0xA0, 0x01, 0x17, 0xAC, 0xAC, 0x01, 0x18, 0xA0, 0xA0, 0xFE,
    0xE8, 0xAC, 0xAC, 0xFE, 0xE9, 0xA0, 0xA9, 0x6A, 0xC6, 0x88, 0x87, 0xC9, 0x6D, 0x01, 0x01, 0x1A,
    0x17, 0x90, 0x30, 0x95, 0x93, 0x9A, 0x96, 0x17, 0x1C, 0x84, 0x1C, 0x1F, 0x00, 0x04, 0x00, 0xA2,
    0xFF, 0xDF, 0x06, 0x7D, 0x05, 0xBB, 0x00, 0x0F, 0x00, 0x1F, 0x00, 0x2D, 0x00, 0x35, 0x00, 0x00,
    0x00, 0x04, 0x12, 0x15, 0x14, 0x02, 0x04, 0x23, 0x22, 0x24, 0x02, 0x35, 0x34, 0x12, 0x24, 0x33,
    0x12, 0x24, 0x12, 0x35, 0x34, 0x02, 0x24, 0x23, 0x22, 0x04, 0x02, 0x15, 0x14, 0x12, 0x04, 0x33,
    0x00, 0x06, 0x07, 0x13, 0x23, 0x03, 0x23, 0x11, 0x23, 0x11, 0x33, 0x32, 0x16, 0x15, 0x05, 0x33,
    0x32, 0x36, 0x35, 0x34, 0x23, 0x07, 0x04, 0x5B, 0x01, 0x58, 0xCA, 0xCA, 0xFE, 0xA8, 0xCB, 0xCC,
    0xFE, 0xA7, 0xC9, 0xC9, 0x01, 0x59, 0xCC, 0xA9, 0x01, 0x13, 0x9D, 0x9D, 0xFE, 0xED, 0xA9, 0xA9,
    0xFE, 0xED, 0x9E, 0x9E, 0x01, 0x13, 0xA9, 0x01, 0x0E, 0x53, 0x4A, 0xDE, 0xAF, 0xCC, 0x32, 0x89,
    0xE4, 0x80, 0x91, 0xFE, 0x94, 0x3D, 0x4C, 0x56, 0x95, 0x4A, 0x05, 0xBB, 0xCA, 0xFE, 0xA8, 0xCC,
    0xCC, 0xFE, 0xA8, 0xCA, 0xC9, 0x01, 0x59, 0xCC, 0xCC, 0x01, 0x59, 0xC9, 0xFA, 0xAF, 0xA0, 0x01,
    0x17, 0xAC, 0xAC, 0x01, 0x18, 0xA0, 0xA0, 0xFE, 0xE8, 0xAC, 0xAC, 0xFE, 0xE9, 0xA0, 0x02, 0xC8,
    0x79, 0x1E, 0xFE, 0xC0, 0x01, 0x26, 0xFE, 0xDA, 0x03, 0x16, 0x7A, 0x71, 0x85, 0x37, 0x36, 0x83,
    0x01, 0x00, 0x00, 0x00, 0x00, 0x02, 0x00, 0x56, 0xFF, 0xBF, 0x03, 0x01, 0x05, 0xDE, 0x00, 0x36,
    0x00, 0x43, 0x00, 0x00, 0x00, 0x16, 0x17, 0x14, 0x06, 0x23, 0x26, 0x26, 0x27, 0x37, 0x16, 0x16,
    0x17, 0x3E, 0x02, 0x37, 0x34, 0x26, 0x26, 0x27, 0x2E, 0x02, 0x35, 0x36, 0x36, 0x37, 0x26, 0x26,
    0x27, 0x36, 0x36, 0x33, 0x32, 0x16, 0x17, 0x07, 0x26, 0x26, 0x23, 0x06, 0x06, 0x07, 0x14, 0x16,
    0x16, 0x17, 0x1E, 0x02, 0x15, 0x14, 0x06, 0x07, 0x24, 0x16, 0x16, 0x17, 0x36, 0x36, 0x37, 0x26,
    0x26, 0x27, 0x06, 0x06, 0x07, 0x02, 0xC1, 0x3F, 0x01, 0xB9, 0xA9, 0x4B, 0xAD, 0x51, 0x36, 0x4D,
    0x90, 0x36, 0x3F, 0x5F, 0x32, 0x01, 0x36, 0x50, 0x46, 0x5A, 0x71, 0x50, 0x01, 0x4F, 0x4B, 0x48,
    0x52, 0x01, 0x02, 0xB2, 0xA1, 0x4A, 0x8D, 0x37, 0x39, 0x37, 0x70, 0x2E, 0x5C, 0x5A, 0x04, 0x33,
    0x4C, 0x43, 0x5A, 0x70, 0x51, 0x3D, 0x3B, 0xFE, 0xA1, 0x32, 0x4A, 0x42, 0x42, 0x45, 0x01, 0x01,
    0x4F, 0x4B, 0x4E, 0x59, 0x04, 0x01, 0xAB, 0x73, 0x59, 0x89, 0x97, 0x01, 0x28, 0x25, 0x89, 0x23,
    0x26, 0x01, 0x01, 0x2A, 0x43, 0x25, 0x30, 0x3F, 0x27, 0x1A, 0x20, 0x3D, 0x72, 0x5B, 0x59, 0x81,
    0x23, 0x29, 0x7F, 0x68, 0x86, 0x92, 0x1C, 0x19, 0x8B, 0x18, 0x1B, 0x01, 0x3B, 0x4F, 0x33, 0x42,
    0x26, 0x18, 0x21, 0x40, 0x82, 0x6C, 0x54, 0x7C, 0x23, 0xBB, 0x3B, 0x23, 0x17, 0x18, 0x58, 0x3D,
    0x3F, 0x49, 0x1E, 0x08, 0x5C, 0x4D, 0x00, 0x00, 0x00, 0x02, 0x00, 0x4C, 0x03, 0x04, 0x05, 0x74,
    0x05, 0x9A, 0x00, 0x07, 0x00, 0x17, 0x00, 0x00, 0x01, 0x23, 0x35, 0x21, 0x15, 0x23, 0x11, 0x23,
    0x01, 0x33, 0x13, 0x33, 0x13, 0x33, 0x11, 0x23, 0x11, 0x23, 0x03, 0x23, 0x03, 0x23, 0x11, 0x23,
    0x01, 0x06, 0xBA, 0x02, 0x0E, 0xBD, 0x97, 0x01, 0xA8, 0x9D, 0xC3, 0x04, 0xC6, 0x9C, 0x8A, 0x04,
    0xBD, 0x3B, 0xB8, 0x04, 0x84, 0x05, 0x06, 0x94, 0x94, 0xFD, 0xFE, 0x02, 0x96, 0xFE, 0x4C, 0x01,
    0xB4, 0xFD, 0x6A, 0x01, 0x98, 0xFE, 0x68, 0x01, 0x98, 0xFE, 0x68, 0x00, 0x00, 0x02, 0x00, 0x6C,
    0x03, 0x81, 0x02, 0x96, 0x05, 0xAA, 0x00, 0x0F, 0x00, 0x1F, 0x00, 0x00, 0x00, 0x26, 0x26, 0x35,
    0x34, 0x36, 0x36, 0x33, 0x32, 0x16, 0x16, 0x15, 0x14, 0x06, 0x06, 0x23, 0x3E, 0x02, 0x35, 0x34,
    0x26, 0x26, 0x23, 0x22, 0x06, 0x06, 0x15, 0x14, 0x16, 0x16, 0x33, 0x01, 0x33, 0x7F, 0x48, 0x48,
    0x7E, 0x4D, 0x4E, 0x80, 0x49, 0x48, 0x7F, 0x4E, 0x2B, 0x48, 0x2A, 0x29, 0x48, 0x2C, 0x2C, 0x48,
    0x29, 0x29, 0x47, 0x2B, 0x03, 0x81, 0x49, 0x80, 0x4E, 0x4D, 0x7D, 0x48, 0x48, 0x7D, 0x4D, 0x4E,
    0x80, 0x49, 0x75, 0x2B, 0x4A, 0x2D, 0x2C, 0x48, 0x29, 0x29, 0x48, 0x2C, 0x2D, 0x4A, 0x2B, 0x00,
    0x00, 0x01, 0x00, 0xE6, 0x02, 0x70, 0x04, 0x96, 0x05, 0xB2, 0x00, 0x07, 0x00, 0x00, 0x01, 0x33,
    0x01, 0x23, 0x01, 0x23, 0x01, 0x23, 0x02, 0x8C, 0x41, 0x01, 0xC9, 0x96, 0xFE, 0xB4, 0x06, 0xFE,
    0xCB, 0x93, 0x05, 0xB2, 0xFC, 0xBE, 0x02, 0x6B, 0xFD, 0x95, 0x00, 0x00, 0x00, 0x01, 0x00, 0x30,
    0x01, 0x56, 0x02, 0xD8, 0x05, 0x9A, 0x00, 0x0B, 0x00, 0x00, 0x01, 0x13, 0x23, 0x13, 0x25, 0x15,
    0x25, 0x13, 0x33, 0x13, 0x05, 0x35, 0x01, 0xBD, 0x1E, 0xB3, 0x1E, 0xFE, 0xEA, 0x01, 0x02, 0x1C,
    0x63, 0x20, 0x01, 0x07, 0x04, 0x3C, 0x01, 0x5E, 0xFE, 0xA2, 0x14, 0x9C, 0x14, 0xFD, 0x8E, 0x02,
    0x72, 0x14, 0x9C, 0x00, 0x00, 0x01, 0x00, 0x30, 0x00, 0x81, 0x02, 0xD8, 0x05, 0x9A, 0x00, 0x15,
    0x00, 0x00, 0x01, 0x07, 0x17, 0x25, 0x15, 0x25, 0x13, 0x23, 0x13, 0x05, 0x35, 0x05, 0x37, 0x27,
    0x05, 0x35, 0x05, 0x03, 0x33, 0x03, 0x25, 0x15, 0x01, 0xD1, 0x23, 0x23, 0x01, 0x07, 0xFE, 0xE5,
    0x1E, 0xB3, 0x1E, 0xFE, 0xEA, 0x01, 0x02, 0x23, 0x23, 0xFE, 0xFE, 0x01, 0x16, 0x1E, 0xB3, 0x1E,
    0x01, 0x1B, 0x03, 0xF0, 0xE2, 0xE3, 0x14, 0x9C, 0x14, 0xFE, 0xCA, 0x01, 0x36, 0x14, 0x9C, 0x14,
    0xE3, 0xE2, 0x14, 0x9C, 0x14, 0x01, 0x36, 0xFE, 0xCA, 0x14, 0x9C, 0x00, 0x00, 0x01, 0xFE, 0x3A,
    0x04, 0xC2, 0xFF, 0xDD, 0x06, 0x0A, 0x00, 0x03, 0x00, 0x00, 0x03, 0x33, 0x01, 0x23, 0xE7, 0xC4,
    0xFE, 0xFA, 0x9D, 0x06, 0x0A, 0xFE, 0xB8, 0x00, 0x00, 0x01, 0xFD, 0xB7, 0x04, 0xB8, 0xFF, 0xDC,
    0x05, 0xBE, 0x00, 0x0E, 0x00, 0x00, 0x00, 0x26, 0x26, 0x27, 0x33, 0x16, 0x33, 0x32, 0x36, 0x37,
    0x33, 0x0E, 0x02, 0x23, 0xFE, 0x78, 0x78, 0x46, 0x03, 0x8C, 0x09, 0x7B, 0x35, 0x4B, 0x07, 0x8E,
    0x06, 0x4C, 0x7B, 0x4A, 0x04, 0xB8, 0x41, 0x77, 0x4E, 0x87, 0x49, 0x3E, 0x4D, 0x77, 0x42, 0x00,
    0x00, 0x01, 0xFD, 0x6E, 0x04, 0xC2, 0xFF, 0xA0, 0x06, 0x0C, 0x00, 0x06, 0x00, 0x00, 0x01, 0x33,
    0x17, 0x37, 0x33, 0x03, 0x23, 0xFD, 0x6E, 0x73, 0xA4, 0xA4, 0x77, 0xD6, 0x84, 0x06, 0x0C, 0xE5,
    0xE5, 0xFE, 0xB6, 0x00, 0x00, 0x01, 0xFE, 0xDC, 0xFE, 0x50, 0x00, 0x30, 0x00, 0x46, 0x00, 0x12,
    0x00, 0x00, 0x00, 0x27, 0x35, 0x16, 0x33, 0x32, 0x35, 0x34, 0x23, 0x22, 0x07, 0x11, 0x33, 0x15,
    0x32, 0x16, 0x15, 0x14, 0x21, 0xFF, 0x00, 0x24, 0x2B, 0x1B, 0x79, 0x6D, 0x0D, 0x1C, 0x63, 0x5D,
    0x6B, 0xFE, 0xED, 0xFE, 0x50, 0x02, 0x6E, 0x06, 0x3C, 0x3E, 0x04, 0x01, 0x16, 0xAE, 0x50, 0x48,
    0xB0, 0x00, 0x00, 0x00, 0x00, 0x01, 0xFD, 0x64, 0x04, 0xC2, 0xFF, 0x98, 0x06, 0x0E, 0x00, 0x06,
    0x00, 0x00, 0x01, 0x33, 0x13, 0x23, 0x27, 0x07, 0x23, 0xFE, 0x3B, 0x85, 0xD8, 0x8E, 0x90, 0x91,
    0x85, 0x06, 0x0E, 0xFE, 0xB4, 0xD2, 0xD2, 0x00, 0x00, 0x01, 0xFE, 0x6B, 0xFD, 0x97, 0xFF, 0x94,
    0xFF, 0x83, 0x00, 0x07, 0x00, 0x00, 0x01, 0x36, 0x36, 0x35, 0x33, 0x14, 0x02, 0x07, 0xFE, 0x6B,
    0x43, 0x32, 0xB4, 0x57, 0x49, 0xFD, 0xDD, 0x7D, 0xB0, 0x79, 0x7C, 0xFE, 0xF3, 0x63, 0x00, 0x00,
    0x00, 0x01, 0xFE, 0xD2, 0x04, 0x9C, 0xFF, 0xDD, 0x06, 0x6A, 0x00, 0x07, 0x00, 0x00, 0x03, 0x06,
    0x06, 0x15, 0x23, 0x34, 0x36, 0x37, 0x23, 0x3D, 0x2E, 0xA0, 0x51, 0x45, 0x06, 0x24, 0x74, 0xA4,
    0x70, 0x74, 0xFD, 0x5D, 0x00, 0x02, 0xFD, 0x18, 0x04, 0x8F, 0xFF, 0x89, 0x05, 0x7E, 0x00, 0x0D,
    0x00, 0x19, 0x00, 0x00, 0x00, 0x26, 0x26, 0x35, 0x34, 0x36, 0x33, 0x32, 0x16, 0x15, 0x14, 0x06,
    0x06, 0x23, 0x20, 0x26, 0x35, 0x34, 0x36, 0x33, 0x32, 0x16, 0x15, 0x14, 0x06, 0x23, 0xFD, 0x71,
    0x38, 0x21, 0x45, 0x32, 0x32, 0x48, 0x21, 0x36, 0x20, 0x01, 0x4F, 0x46, 0x44, 0x31, 0x32, 0x47,
    0x44, 0x33, 0x04, 0x8F, 0x21, 0x37, 0x20, 0x33, 0x44, 0x45, 0x32, 0x20, 0x38, 0x20, 0x45, 0x33,
    0x33, 0x44, 0x45, 0x32, 0x32, 0x46, 0x00, 0x00, 0x00, 0x01, 0xFE, 0xBB, 0x04, 0x9E, 0xFF, 0xAA,
    0x05, 0x8B, 0x00, 0x0C, 0x00, 0x00, 0x02, 0x26, 0x26, 0x35, 0x34, 0x36, 0x33, 0x32, 0x16, 0x15,
    0x14, 0x06, 0x23, 0xED, 0x37, 0x21, 0x47, 0x31, 0x32, 0x45, 0x45, 0x32, 0x04, 0x9E, 0x20, 0x37,
    0x21, 0x30, 0x45, 0x43, 0x32, 0x32, 0x46, 0x00, 0x00, 0x01, 0xFE, 0x41, 0x04, 0xC2, 0xFF, 0xD0,
    0x06, 0x00, 0x00, 0x03, 0x00, 0x00, 0x01, 0x33, 0x13, 0x23, 0xFE, 0x41, 0xC6, 0xC9, 0x9D, 0x06,
    0x00, 0xFE, 0xC2, 0x00, 0x00, 0x02, 0xFD, 0xA8, 0x04, 0xC2, 0xFF, 0xEF, 0x06, 0x00, 0x00, 0x03,
    0x00, 0x07, 0x00, 0x00, 0x01, 0x33, 0x03, 0x23, 0x01, 0x33, 0x03, 0x23, 0xFE, 0x76, 0x82, 0xF0,
    0x60, 0x01, 0xC2, 0x85, 0xF5, 0x61, 0x06, 0x00, 0xFE, 0xC2, 0x01, 0x3E, 0xFE, 0xC2, 0x00, 0x00,
    0x00, 0x01, 0xFC, 0xE0, 0x04, 0xA5, 0xFF, 0xCE, 0x05, 0x31, 0x00, 0x03, 0x00, 0x00, 0x01, 0x21,
    0x15, 0x21, 0xFC, 0xE0, 0x02, 0xEE, 0xFD, 0x12, 0x05, 0x31, 0x8C, 0x00, 0x00, 0x01, 0xFE, 0xCD,
    0xFE, 0x70, 0x00, 0x0D, 0x00, 0x00, 0x00, 0x0F, 0x00, 0x00, 0x00, 0x35, 0x34, 0x36, 0x36, 0x37,
    0x33, 0x06, 0x15, 0x14, 0x33, 0x32, 0x37, 0x17, 0x06, 0x23, 0xFE, 0xCD, 0x2C, 0x32, 0x30, 0x7C,
    0x82, 0x62, 0x31, 0x15, 0x10, 0x13, 0x5D, 0xFE, 0x70, 0xA0, 0x30, 0x56, 0x39, 0x31, 0x7B, 0x46,
    0x54, 0x07, 0x75, 0x0D, 0x00, 0x02, 0xFE, 0x14, 0x04, 0x7A, 0xFF, 0xB0, 0x05, 0xFE, 0x00, 0x0F,
    0x00, 0x1B, 0x00, 0x00, 0x00, 0x26, 0x26, 0x35, 0x34, 0x36, 0x36, 0x33, 0x32, 0x16, 0x16, 0x15,
    0x14, 0x06, 0x06, 0x23, 0x36, 0x36, 0x35, 0x34, 0x26, 0x23, 0x22, 0x06, 0x15, 0x14, 0x16, 0x33,
    0xFE, 0xA5, 0x5C, 0x35, 0x37, 0x5F, 0x3B, 0x39, 0x5D, 0x35, 0x37, 0x60, 0x3B, 0x2D, 0x37, 0x37,
    0x29, 0x27, 0x35, 0x35, 0x27, 0x04, 0x7A, 0x32, 0x57, 0x35, 0x38, 0x5A, 0x34, 0x32, 0x58, 0x36,
    0x37, 0x5A, 0x33, 0x66, 0x35, 0x27, 0x28, 0x35, 0x35, 0x28, 0x27, 0x35, 0x00, 0x01, 0x00, 0x1C,
    0x03, 0xE6, 0x05, 0x92, 0x04, 0x7E, 0x00, 0x03, 0x00, 0x00, 0x13, 0x21, 0x15, 0x21, 0x1C, 0x05,
    0x76, 0xFA, 0x8A, 0x04, 0x7E, 0x98, 0x00, 0x00, 0x00, 0x01, 0x00, 0x5D, 0x02, 0x74, 0x02, 0xB3,
    0x03, 0x05, 0x00, 0x03, 0x00, 0x00, 0x13, 0x21, 0x15, 0x21, 0x5D, 0x02, 0x56, 0xFD, 0xAA, 0x03,
    0x05, 0x91, 0x00, 0x00, 0x00, 0x01, 0xFD, 0x71, 0x04, 0xAB, 0xFF, 0xF2, 0x05, 0x9E, 0x00, 0x18,
    0x00, 0x00, 0x02, 0x26, 0x27, 0x26, 0x26, 0x23, 0x22, 0x15, 0x23, 0x34, 0x36, 0x33, 0x32, 0x16,
    0x17, 0x16, 0x16, 0x33, 0x32, 0x35, 0x33, 0x14, 0x06, 0x06, 0x23, 0xE4, 0x44, 0x33, 0x2A, 0x39,
    0x1B, 0x44, 0x72, 0x61, 0x55, 0x24, 0x3C, 0x2C, 0x28, 0x38, 0x1F, 0x4A, 0x76, 0x2C, 0x50, 0x36,
    0x04, 0xAB, 0x1B, 0x1B, 0x17, 0x17, 0x5D, 0x6C, 0x80, 0x1A, 0x1A, 0x19, 0x18, 0x60, 0x46, 0x6C,
    0x3C, 0x00, 0x00, 0x00, 0x00, 0x01, 0xFF, 0x10, 0x04, 0xC8, 0xFF, 0xD5, 0x05, 0xEC, 0x00, 0x03,
    0x00, 0x00, 0x03, 0x33, 0x03, 0x23, 0xD4, 0xA9, 0x6D, 0x58, 0x05, 0xEC, 0xFE, 0xDC, 0x00, 0x00,
    0x00, 0x01, 0x00, 0x73, 0x04, 0xC2, 0x02, 0x16, 0x06, 0x0A, 0x00, 0x03, 0x00, 0x00, 0x01, 0x33,
    0x01, 0x23, 0x01, 0x52, 0xC4, 0xFE, 0xFA, 0x9D, 0x06, 0x0A, 0xFE, 0xB8, 0x00, 0x01, 0x00, 0x25,
    0x04, 0xB8, 0x02, 0x4A, 0x05, 0xBE, 0x00, 0x0E, 0x00, 0x00, 0x12, 0x26, 0x26, 0x27, 0x33, 0x16,
    0x33, 0x32, 0x36, 0x37, 0x33, 0x0E, 0x02, 0x23, 0xE6, 0x78, 0x46, 0x03, 0x8C, 0x09, 0x7B, 0x35,
    0x4B, 0x07, 0x8E, 0x06, 0x4C, 0x7B, 0x4A, 0x04, 0xB8, 0x41, 0x77, 0x4E, 0x87, 0x49, 0x3E, 0x4D,
    0x77, 0x42, 0x00, 0x00, 0x00, 0x01, 0x00, 0x66, 0x04, 0xC2, 0x02, 0x98, 0x06, 0x0C, 0x00, 0x06,
    0x00, 0x00, 0x13, 0x33, 0x17, 0x37, 0x33, 0x03, 0x23, 0x66, 0x73, 0xA4, 0xA4, 0x77, 0xD6, 0x84,
    0x06, 0x0C, 0xE5, 0xE5, 0xFE, 0xB6, 0x00, 0x00, 0x00, 0x01, 0x00, 0x33, 0xFE, 0x50, 0x01, 0x87,
    0x00, 0x46, 0x00, 0x12, 0x00, 0x00, 0x12, 0x27, 0x35, 0x16, 0x33, 0x32, 0x35, 0x34, 0x23, 0x22,
    0x07, 0x11, 0x33, 0x15, 0x32, 0x16, 0x15, 0x14, 0x21, 0x57, 0x24, 0x2C, 0x1A, 0x79, 0x6D, 0x0D,
    0x1C, 0x63, 0x5D, 0x6B, 0xFE, 0xED, 0xFE, 0x50, 0x02, 0x6E, 0x06, 0x3C, 0x3E, 0x04, 0x01, 0x16,
    0xAE, 0x50, 0x48, 0xB0, 0x00, 0x01, 0x00, 0x5C, 0x04, 0xC2, 0x02, 0x90, 0x06, 0x0E, 0x00, 0x06,
    0x00, 0x00, 0x01, 0x33, 0x13, 0x23, 0x27, 0x07, 0x23, 0x01, 0x33, 0x85, 0xD8, 0x8E, 0x90, 0x91,
    0x85, 0x06, 0x0E, 0xFE, 0xB4, 0xD2, 0xD2, 0x00, 0x00, 0x02, 0x00, 0x68, 0x04, 0x8F, 0x02, 0xD9,
    0x05, 0x7E, 0x00, 0x0D, 0x00, 0x19, 0x00, 0x00, 0x12, 0x26, 0x26, 0x35, 0x34, 0x36, 0x33, 0x32,
    0x16, 0x15, 0x14, 0x06, 0x06, 0x23, 0x20, 0x26, 0x35, 0x34, 0x36, 0x33, 0x32, 0x16, 0x15, 0x14,
    0x06, 0x23, 0xC1, 0x38, 0x21, 0x45, 0x32, 0x32, 0x48, 0x21, 0x36, 0x20, 0x01, 0x4F, 0x46, 0x44,
    0x31, 0x32, 0x47, 0x44, 0x33, 0x04, 0x8F, 0x21, 0x37, 0x20, 0x33, 0x44, 0x45, 0x32, 0x20, 0x38,
    0x20, 0x45, 0x33, 0x33, 0x44, 0x45, 0x32, 0x32, 0x46, 0x00, 0x00, 0x00, 0x00, 0x01, 0x00, 0x57,
    0x04, 0x9E, 0x01, 0x46, 0x05, 0x8B, 0x00, 0x0C, 0x00, 0x00, 0x12, 0x26, 0x26, 0x35, 0x34, 0x36,
    0x33, 0x32, 0x16, 0x15, 0x14, 0x06, 0x23, 0xAF, 0x37, 0x21, 0x47, 0x31, 0x32, 0x45, 0x45, 0x32,
    0x04, 0x9E, 0x20, 0x37, 0x21, 0x30, 0x45, 0x43, 0x32, 0x32, 0x46, 0x00, 0x00, 0x01, 0x00, 0x66,
    0x04, 0xC2, 0x01, 0xF5, 0x06, 0x00, 0x00, 0x03, 0x00, 0x00, 0x13, 0x33, 0x13, 0x23, 0x66, 0xC6,
    0xC9, 0x9D, 0x06, 0x00, 0xFE, 0xC2, 0x00, 0x00, 0x00, 0x02, 0x00, 0x40, 0x04, 0xC2, 0x02, 0x87,
    0x06, 0x00, 0x00, 0x03, 0x00, 0x07, 0x00, 0x00, 0x01, 0x33, 0x03, 0x23, 0x01, 0x33, 0x03, 0x23,
    0x01, 0x0E, 0x82, 0xF0, 0x60, 0x01, 0xC2, 0x85, 0xF5, 0x61, 0x06, 0x00, 0xFE, 0xC2, 0x01, 0x3E,
    0xFE, 0xC2, 0x00, 0x00, 0x00, 0x01, 0x00, 0x32, 0x04, 0xA5, 0x03, 0x20, 0x05, 0x31, 0x00, 0x03,
    0x00, 0x00, 0x13, 0x21, 0x15, 0x21, 0x32, 0x02, 0xEE, 0xFD, 0x12, 0x05, 0x31, 0x8C, 0x00, 0x00,
    0x00, 0x01, 0x00, 0x48, 0xFE, 0x70, 0x01, 0x88, 0x00, 0x00, 0x00, 0x0F, 0x00, 0x00, 0x12, 0x35,
    0x34, 0x36, 0x36, 0x37, 0x33, 0x06, 0x15, 0x14, 0x33, 0x32, 0x37, 0x17, 0x06, 0x23, 0x48, 0x2C,
    0x32, 0x30, 0x7C, 0x82, 0x62, 0x31, 0x15, 0x10, 0x13, 0x5D, 0xFE, 0x70, 0xA0, 0x30, 0x56, 0x39,
    0x31, 0x7B, 0x46, 0x54, 0x07, 0x75, 0x0D, 0x00, 0x00, 0x02, 0x00, 0x52, 0x04, 0x98, 0x01, 0xEE,
    0x06, 0x1C, 0x00, 0x0F, 0x00, 0x1B, 0x00, 0x00, 0x12, 0x26, 0x26, 0x35, 0x34, 0x36, 0x36, 0x33,
    0x32, 0x16, 0x16, 0x15, 0x14, 0x06, 0x06, 0x23, 0x36, 0x36, 0x35, 0x34, 0x26, 0x23, 0x22, 0x06,
    0x15, 0x14, 0x16, 0x33, 0xE3, 0x5C, 0x35, 0x37, 0x5F, 0x3B, 0x39, 0x5D, 0x35, 0x37, 0x60, 0x3B,
    0x2D, 0x37, 0x37, 0x29, 0x27, 0x35, 0x35, 0x27, 0x04, 0x98, 0x32, 0x57, 0x35, 0x38, 0x5A, 0x34,
    0x32, 0x58, 0x36, 0x37, 0x5A, 0x33, 0x66, 0x35, 0x27, 0x28, 0x35, 0x35, 0x28, 0x27, 0x35, 0x00,
    0x00, 0x01, 0x00, 0x23, 0x04, 0xAB, 0x02, 0xA4, 0x05, 0x9E, 0x00, 0x18, 0x00, 0x00, 0x00, 0x26,
    0x27, 0x26, 0x26, 0x23, 0x22, 0x15, 0x23, 0x34, 0x36, 0x33, 0x32, 0x16, 0x17, 0x16, 0x16, 0x33,
    0x32, 0x35, 0x33, 0x14, 0x06, 0x06, 0x23, 0x01, 0xCE, 0x44, 0x33, 0x2A, 0x39, 0x1B, 0x44, 0x72,
    0x61, 0x55, 0x24, 0x3C, 0x2C, 0x28, 0x38, 0x1F, 0x4A, 0x76, 0x2C, 0x50, 0x36, 0x04, 0xAB, 0x1B,
    0x1B, 0x17, 0x17, 0x5D, 0x6C, 0x80, 0x1A, 0x1A, 0x19, 0x18, 0x60, 0x46, 0x6C, 0x3C, 0x00, 0x00,
    0x00, 0x01, 0x00, 0x59, 0x03, 0xC5, 0x01, 0x46, 0x05, 0xB1, 0x00, 0x07, 0x00, 0x00, 0x13, 0x36,
    0x36, 0x35, 0x33, 0x14, 0x02, 0x07, 0x59, 0x2C, 0x21, 0xA0, 0x41, 0x37, 0x04, 0x0B, 0x7D, 0xB0,
    0x79, 0x7C, 0xFE, 0xF3, 0x63, 0x00, 0x00, 0x00, 0x00, 0x00, 0x00, 0x1C, 0x01, 0x56, 0x00, 0x01,
    0x00, 0x00, 0x00, 0x00, 0x00, 0x00, 0x00, 0xAF, 0x00, 0x00, 0x00, 0x01, 0x00, 0x00, 0x00, 0x00,
    0x00, 0x01, 0x00, 0x07, 0x00, 0x4A, 0x00, 0x01, 0x00, 0x00, 0x00, 0x00, 0x00, 0x02, 0x00, 0x07,
    0x00, 0xAF, 0x00, 0x01, 0x00, 0x00, 0x00, 0x00, 0x00, 0x03, 0x00, 0x0F, 0x00, 0xB6, 0x00, 0x01,
    0x00, 0x00, 0x00, 0x00, 0x00, 0x04, 0x00, 0x07, 0x00, 0x4A, 0x00, 0x01, 0x00, 0x00, 0x00, 0x00,
    0x00, 0x05, 0x00, 0x0C, 0x00, 0xC5, 0x00, 0x01, 0x00, 0x00, 0x00, 0x00, 0x00, 0x06, 0x00, 0x0F,
    0x00, 0xD1, 0x00, 0x01, 0x00, 0x00, 0x00, 0x00, 0x00, 0x07, 0x00, 0x3B, 0x00, 0xE0, 0x00, 0x01,
    0x00, 0x00, 0x00, 0x00, 0x00, 0x08, 0x00, 0x15, 0x00, 0x07, 0x00, 0x01, 0x00, 0x00, 0x00, 0x00,
    0x00, 0x09, 0x00, 0x0A, 0x01, 0x1B, 0x00, 0x01, 0x00, 0x00, 0x00, 0x00, 0x00, 0x0B, 0x00, 0x23,
    0x01, 0x25, 0x00, 0x01, 0x00, 0x00, 0x00, 0x00, 0x00, 0x0C, 0x00, 0x23, 0x01, 0x25, 0x00, 0x01,
    0x00, 0x00, 0x00, 0x00, 0x00, 0x0D, 0x00, 0x4C, 0x01, 0x48, 0x00, 0x01, 0x00, 0x00, 0x00, 0x00,
    0x00, 0x0E, 0x00, 0x26, 0x01, 0x94, 0x00, 0x03, 0x00, 0x01, 0x04, 0x09, 0x00, 0x00, 0x01, 0x5E,
    0x01, 0xBA, 0x00, 0x03, 0x00, 0x01, 0x04, 0x09, 0x00, 0x01, 0x00, 0x0E, 0x02, 0x4E, 0x00, 0x03,
    0x00, 0x01, 0x04, 0x09, 0x00, 0x02, 0x00, 0x0E, 0x03, 0x18, 0x00, 0x03, 0x00, 0x01, 0x04, 0x09,
    0x00, 0x03, 0x00, 0x1E, 0x03, 0x26, 0x00, 0x03, 0x00, 0x01, 0x04, 0x09, 0x00, 0x04, 0x00, 0x0E,
    0x02, 0x4E, 0x00, 0x03, 0x00, 0x01, 0x04, 0x09, 0x00, 0x05, 0x00, 0x18, 0x03, 0x44, 0x00, 0x03,
    0x00, 0x01, 0x04, 0x09, 0x00, 0x06, 0x00, 0x1E, 0x03, 0x5C, 0x00, 0x03, 0x00, 0x01, 0x04, 0x09,
    0x00, 0x07, 0x00, 0x76, 0x03, 0x7A, 0x00, 0x03, 0x00, 0x01, 0x04, 0x09, 0x00, 0x08, 0x00, 0x2A,
    0x01, 0xC8, 0x00, 0x03, 0x00, 0x01, 0x04, 0x09, 0x00, 0x09, 0x00, 0x14, 0x03, 0xF0, 0x00, 0x03,
    0x00, 0x01, 0x04, 0x09, 0x00, 0x0B, 0x00, 0x46, 0x04, 0x04, 0x00, 0x03, 0x00, 0x01, 0x04, 0x09,
    0x00, 0x0C, 0x00, 0x46, 0x04, 0x04, 0x00, 0x03, 0x00, 0x01, 0x04, 0x09, 0x00, 0x0D, 0x00, 0x98,
    0x04, 0x4A, 0x00, 0x03, 0x00, 0x01, 0x04, 0x09, 0x00, 0x0E, 0x00, 0x4C, 0x04, 0xE2, 0xA9, 0x20,
    0x32, 0x30, 0x31, 0x35, 0x20, 0x4D, 0x69, 0x63, 0x72, 0x6F, 0x73, 0x6F, 0x66, 0x74, 0x20, 0x43,
    0x6F, 0x72, 0x70, 0x6F, 0x72, 0x61, 0x74, 0x69, 0x6F, 0x6E, 0x20, 0x28, 0x77, 0x77, 0x77, 0x2E,
    0x6D, 0x69, 0x63, 0x72, 0x6F, 0x73, 0x6F, 0x66, 0x74, 0x2E, 0x63, 0x6F, 0x6D, 0x29, 0x2C, 0x20,
    0x77, 0x69, 0x74, 0x68, 0x20, 0x52, 0x65, 0x73, 0x65, 0x72, 0x76, 0x65, 0x64, 0x20, 0x46, 0x6F,
    0x6E, 0x74, 0x20, 0x4E, 0x61, 0x6D, 0x65, 0x20, 0x53, 0x65, 0x6C, 0x61, 0x77, 0x69, 0x6B, 0x2E,
    0x20, 0x53, 0x65, 0x6C, 0x61, 0x77, 0x69, 0x6B, 0x20, 0x69, 0x73, 0x20, 0x61, 0x20, 0x74, 0x72,
    0x61, 0x64, 0x65, 0x6D, 0x61, 0x72, 0x6B, 0x20, 0x6F, 0x66, 0x20, 0x4D, 0x69, 0x63, 0x72, 0x6F,
    0x73, 0x6F, 0x66, 0x74, 0x20, 0x43, 0x6F, 0x72, 0x70, 0x6F, 0x72, 0x61, 0x74, 0x69, 0x6F, 0x6E,
    0x20, 0x69, 0x6E, 0x20, 0x74, 0x68, 0x65, 0x20, 0x55, 0x6E, 0x69, 0x74, 0x65, 0x64, 0x20, 0x53,
    0x74, 0x61, 0x74, 0x65, 0x73, 0x20, 0x61, 0x6E, 0x64, 0x2F, 0x6F, 0x72, 0x20, 0x6F, 0x74, 0x68,
    0x65, 0x72, 0x20, 0x63, 0x6F, 0x75, 0x6E, 0x74, 0x72, 0x69, 0x65, 0x73, 0x2E, 0x52, 0x65, 0x67,
    0x75, 0x6C, 0x61, 0x72, 0x53, 0x65, 0x6C, 0x61, 0x77, 0x69, 0x6B, 0x20, 0x52, 0x65, 0x67, 0x75,
    0x6C, 0x61, 0x72, 0x56, 0x65, 0x72, 0x73, 0x69, 0x6F, 0x6E, 0x20, 0x31, 0x2E, 0x30, 0x31, 0x53,
    0x65, 0x6C, 0x61, 0x77, 0x69, 0x6B, 0x2D, 0x52, 0x65, 0x67, 0x75, 0x6C, 0x61, 0x72, 0x53, 0x65,
    0x6C, 0x61, 0x77, 0x69, 0x6B, 0x20, 0x69, 0x73, 0x20, 0x61, 0x20, 0x74, 0x72, 0x61, 0x64, 0x65,
    0x6D, 0x61, 0x72, 0x6B, 0x20, 0x6F, 0x66, 0x20, 0x74, 0x68, 0x65, 0x20, 0x4D, 0x69, 0x63, 0x72,
    0x6F, 0x73, 0x6F, 0x66, 0x74, 0x20, 0x67, 0x72, 0x6F, 0x75, 0x70, 0x20, 0x6F, 0x66, 0x20, 0x63,
    0x6F, 0x6D, 0x70, 0x61, 0x6E, 0x69, 0x65, 0x73, 0x2E, 0x41, 0x61, 0x72, 0x6F, 0x6E, 0x20, 0x42,
    0x65, 0x6C, 0x6C, 0x68, 0x74, 0x74, 0x70, 0x3A, 0x2F, 0x2F, 0x77, 0x77, 0x77, 0x2E, 0x6D, 0x69,
    0x63, 0x72, 0x6F, 0x73, 0x6F, 0x66, 0x74, 0x2E, 0x63, 0x6F, 0x6D, 0x2F, 0x74, 0x79, 0x70, 0x6F,
    0x67, 0x72, 0x61, 0x70, 0x68, 0x79, 0x54, 0x68, 0x69, 0x73, 0x20, 0x46, 0x6F, 0x6E, 0x74, 0x20,
    0x53, 0x6F, 0x66, 0x74, 0x77, 0x61, 0x72, 0x65, 0x20, 0x69, 0x73, 0x20, 0x6C, 0x69, 0x63, 0x65,
    0x6E, 0x73, 0x65, 0x64, 0x20, 0x75, 0x6E, 0x64, 0x65, 0x72, 0x20, 0x74, 0x68, 0x65, 0x20, 0x53,
    0x49, 0x4C, 0x20, 0x4F, 0x70, 0x65, 0x6E, 0x20, 0x46, 0x6F, 0x6E, 0x74, 0x20, 0x4C, 0x69, 0x63,
    0x65, 0x6E, 0x73, 0x65, 0x2C, 0x20, 0x56, 0x65, 0x72, 0x73, 0x69, 0x6F, 0x6E, 0x20, 0x31, 0x2E,
    0x31, 0x2E, 0x68, 0x74, 0x74, 0x70, 0x3A, 0x2F, 0x2F, 0x6F, 0x70, 0x65, 0x6E, 0x73, 0x6F, 0x75,
    0x72, 0x63, 0x65, 0x2E, 0x6F, 0x72, 0x67, 0x2F, 0x6C, 0x69, 0x63, 0x65, 0x6E, 0x73, 0x65, 0x73,
    0x2F, 0x4F, 0x46, 0x4C, 0x2D, 0x31, 0x2E, 0x31, 0x00, 0xA9, 0x00, 0x20, 0x00, 0x32, 0x00, 0x30,
    0x00, 0x31, 0x00, 0x35, 0x00, 0x20, 0x00, 0x4D, 0x00, 0x69, 0x00, 0x63, 0x00, 0x72, 0x00, 0x6F,
    0x00, 0x73, 0x00, 0x6F, 0x00, 0x66, 0x00, 0x74, 0x00, 0x20, 0x00, 0x43, 0x00, 0x6F, 0x00, 0x72,
    0x00, 0x70, 0x00, 0x6F, 0x00, 0x72, 0x00, 0x61, 0x00, 0x74, 0x00, 0x69, 0x00, 0x6F, 0x00, 0x6E,
    0x00, 0x20, 0x00, 0x28, 0x00, 0x77, 0x00, 0x77, 0x00, 0x77, 0x00, 0x2E, 0x00, 0x6D, 0x00, 0x69,
    0x00, 0x63, 0x00, 0x72, 0x00, 0x6F, 0x00, 0x73, 0x00, 0x6F, 0x00, 0x66, 0x00, 0x74, 0x00, 0x2E,
    0x00, 0x63, 0x00, 0x6F, 0x00, 0x6D, 0x00, 0x29, 0x00, 0x2C, 0x00, 0x20, 0x00, 0x77, 0x00, 0x69,
    0x00, 0x74, 0x00, 0x68, 0x00, 0x20, 0x00, 0x52, 0x00, 0x65, 0x00, 0x73, 0x00, 0x65, 0x00, 0x72,
    0x00, 0x76, 0x00, 0x65, 0x00, 0x64, 0x00, 0x20, 0x00, 0x46, 0x00, 0x6F, 0x00, 0x6E, 0x00, 0x74,
    0x00, 0x20, 0x00, 0x4E, 0x00, 0x61, 0x00, 0x6D, 0x00, 0x65, 0x00, 0x20, 0x00, 0x53, 0x00, 0x65,
    0x00, 0x6C, 0x00, 0x61, 0x00, 0x77, 0x00, 0x69, 0x00, 0x6B, 0x00, 0x2E, 0x00, 0x20, 0x00, 0x53,
    0x00, 0x65, 0x00, 0x6C, 0x00, 0x61, 0x00, 0x77, 0x00, 0x69, 0x00, 0x6B, 0x00, 0x20, 0x00, 0x69,
    0x00, 0x73, 0x00, 0x20, 0x00, 0x61, 0x00, 0x20, 0x00, 0x74, 0x00, 0x72, 0x00, 0x61, 0x00, 0x64,
    0x00, 0x65, 0x00, 0x6D, 0x00, 0x61, 0x00, 0x72, 0x00, 0x6B, 0x00, 0x20, 0x00, 0x6F, 0x00, 0x66,
    0x00, 0x20, 0x00, 0x4D, 0x00, 0x69, 0x00, 0x63, 0x00, 0x72, 0x00, 0x6F, 0x00, 0x73, 0x00, 0x6F,
    0x00, 0x66, 0x00, 0x74, 0x00, 0x20, 0x00, 0x43, 0x00, 0x6F, 0x00, 0x72, 0x00, 0x70, 0x00, 0x6F,
    0x00, 0x72, 0x00, 0x61, 0x00, 0x74, 0x00, 0x69, 0x00, 0x6F, 0x00, 0x6E, 0x00, 0x20, 0x00, 0x69,
    0x00, 0x6E, 0x00, 0x20, 0x00, 0x74, 0x00, 0x68, 0x00, 0x65, 0x00, 0x20, 0x00, 0x55, 0x00, 0x6E,
    0x00, 0x69, 0x00, 0x74, 0x00, 0x65, 0x00, 0x64, 0x00, 0x20, 0x00, 0x53, 0x00, 0x74, 0x00, 0x61,
    0x00, 0x74, 0x00, 0x65, 0x00, 0x73, 0x00, 0x20, 0x00, 0x61, 0x00, 0x6E, 0x00, 0x64, 0x00, 0x2F,
    0x00, 0x6F, 0x00, 0x72, 0x00, 0x20, 0x00, 0x6F, 0x00, 0x74, 0x00, 0x68, 0x00, 0x65, 0x00, 0x72,
    0x00, 0x20, 0x00, 0x63, 0x00, 0x6F, 0x00, 0x75, 0x00, 0x6E, 0x00, 0x74, 0x00, 0x72, 0x00, 0x69,
    0x00, 0x65, 0x00, 0x73, 0x00, 0x2E, 0x00, 0x52, 0x00, 0x65, 0x00, 0x67, 0x00, 0x75, 0x00, 0x6C,
    0x00, 0x61, 0x00, 0x72, 0x00, 0x53, 0x00, 0x65, 0x00, 0x6C, 0x00, 0x61, 0x00, 0x77, 0x00, 0x69,
    0x00, 0x6B, 0x00, 0x20, 0x00, 0x52, 0x00, 0x65, 0x00, 0x67, 0x00, 0x75, 0x00, 0x6C, 0x00, 0x61,
    0x00, 0x72, 0x00, 0x56, 0x00, 0x65, 0x00, 0x72, 0x00, 0x73, 0x00, 0x69, 0x00, 0x6F, 0x00, 0x6E,
    0x00, 0x20, 0x00, 0x31, 0x00, 0x2E, 0x00, 0x30, 0x00, 0x31, 0x00, 0x53, 0x00, 0x65, 0x00, 0x6C,
    0x00, 0x61, 0x00, 0x77, 0x00, 0x69, 0x00, 0x6B, 0x00, 0x2D, 0x00, 0x52, 0x00, 0x65, 0x00, 0x67,
    0x00, 0x75, 0x00, 0x6C, 0x00, 0x61, 0x00, 0x72, 0x00, 0x53, 0x00, 0x65, 0x00, 0x6C, 0x00, 0x61,
    0x00, 0x77, 0x00, 0x69, 0x00, 0x6B, 0x00, 0x20, 0x00, 0x69, 0x00, 0x73, 0x00, 0x20, 0x00, 0x61,
    0x00, 0x20, 0x00, 0x74, 0x00, 0x72, 0x00, 0x61, 0x00, 0x64, 0x00, 0x65, 0x00, 0x6D, 0x00, 0x61,
    0x00, 0x72, 0x00, 0x6B, 0x00, 0x20, 0x00, 0x6F, 0x00, 0x66, 0x00, 0x20, 0x00, 0x74, 0x00, 0x68,
    0x00, 0x65, 0x00, 0x20, 0x00, 0x4D, 0x00, 0x69, 0x00, 0x63, 0x00, 0x72, 0x00, 0x6F, 0x00, 0x73,
    0x00, 0x6F, 0x00, 0x66, 0x00, 0x74, 0x00, 0x20, 0x00, 0x67, 0x00, 0x72, 0x00, 0x6F, 0x00, 0x75,
    0x00, 0x70, 0x00, 0x20, 0x00, 0x6F, 0x00, 0x66, 0x00, 0x20, 0x00, 0x63, 0x00, 0x6F, 0x00, 0x6D,
    0x00, 0x70, 0x00, 0x61, 0x00, 0x6E, 0x00, 0x69, 0x00, 0x65, 0x00, 0x73, 0x00, 0x2E, 0x00, 0x41,
    0x00, 0x61, 0x00, 0x72, 0x00, 0x6F, 0x00, 0x6E, 0x00, 0x20, 0x00, 0x42, 0x00, 0x65, 0x00, 0x6C,
    0x00, 0x6C, 0x00, 0x68, 0x00, 0x74, 0x00, 0x74, 0x00, 0x70, 0x00, 0x3A, 0x00, 0x2F, 0x00, 0x2F,
    0x00, 0x77, 0x00, 0x77, 0x00, 0x77, 0x00, 0x2E, 0x00, 0x6D, 0x00, 0x69, 0x00, 0x63, 0x00, 0x72,
    0x00, 0x6F, 0x00, 0x73, 0x00, 0x6F, 0x00, 0x66, 0x00, 0x74, 0x00, 0x2E, 0x00, 0x63, 0x00, 0x6F,
    0x00, 0x6D, 0x00, 0x2F, 0x00, 0x74, 0x00, 0x79, 0x00, 0x70, 0x00, 0x6F, 0x00, 0x67, 0x00, 0x72,
    0x00, 0x61, 0x00, 0x70, 0x00, 0x68, 0x00, 0x79, 0x00, 0x54, 0x00, 0x68, 0x00, 0x69, 0x00, 0x73,
    0x00, 0x20, 0x00, 0x46, 0x00, 0x6F, 0x00, 0x6E, 0x00, 0x74, 0x00, 0x20, 0x00, 0x53, 0x00, 0x6F,
    0x00, 0x66, 0x00, 0x74, 0x00, 0x77, 0x00, 0x61, 0x00, 0x72, 0x00, 0x65, 0x00, 0x20, 0x00, 0x69,
    0x00, 0x73, 0x00, 0x20, 0x00, 0x6C, 0x00, 0x69, 0x00, 0x63, 0x00, 0x65, 0x00, 0x6E, 0x00, 0x73,
    0x00, 0x65, 0x00, 0x64, 0x00, 0x20, 0x00, 0x75, 0x00, 0x6E, 0x00, 0x64, 0x00, 0x65, 0x00, 0x72,
    0x00, 0x20, 0x00, 0x74, 0x00, 0x68, 0x00, 0x65, 0x00, 0x20, 0x00, 0x53, 0x00, 0x49, 0x00, 0x4C,
    0x00, 0x20, 0x00, 0x4F, 0x00, 0x70, 0x00, 0x65, 0x00, 0x6E, 0x00, 0x20, 0x00, 0x46, 0x00, 0x6F,
    0x00, 0x6E, 0x00, 0x74, 0x00, 0x20, 0x00, 0x4C, 0x00, 0x69, 0x00, 0x63, 0x00, 0x65, 0x00, 0x6E,
    0x00, 0x73, 0x00, 0x65, 0x00, 0x2C, 0x00, 0x20, 0x00, 0x56, 0x00, 0x65, 0x00, 0x72, 0x00, 0x73,
    0x00, 0x69, 0x00, 0x6F, 0x00, 0x6E, 0x00, 0x20, 0x00, 0x31, 0x00, 0x2E, 0x00, 0x31, 0x00, 0x2E,
    0x00, 0x68, 0x00, 0x74, 0x00, 0x74, 0x00, 0x70, 0x00, 0x3A, 0x00, 0x2F, 0x00, 0x2F, 0x00, 0x6F,
    0x00, 0x70, 0x00, 0x65, 0x00, 0x6E, 0x00, 0x73, 0x00, 0x6F, 0x00, 0x75, 0x00, 0x72, 0x00, 0x63,
    0x00, 0x65, 0x00, 0x2E, 0x00, 0x6F, 0x00, 0x72, 0x00, 0x67, 0x00, 0x2F, 0x00, 0x6C, 0x00, 0x69,
    0x00, 0x63, 0x00, 0x65, 0x00, 0x6E, 0x00, 0x73, 0x00, 0x65, 0x00, 0x73, 0x00, 0x2F, 0x00, 0x4F,
    0x00, 0x46, 0x00, 0x4C, 0x00, 0x2D, 0x00, 0x31, 0x00, 0x2E, 0x00, 0x31, 0x00, 0x03, 0x00, 0x00,
    0x00, 0x00, 0x00, 0x00, 0xFF, 0xB5, 0x00, 0x32, 0x00, 0x00, 0x00, 0x00, 0x00, 0x00, 0x00, 0x00,
    0x00, 0x00, 0x00, 0x00, 0x00, 0x00, 0x00, 0x00, 0x00, 0x00, 0x00, 0x00, 0x00, 0x01, 0x00, 0x02,
    0x00, 0x01, 0x00, 0x00, 0xFF, 0xFF, 0x00, 0x0A, 0x00, 0x01, 0x00, 0x00, 0x00, 0x0C, 0x00, 0x00,
    0x00, 0x00, 0x00, 0x22, 0x00, 0x02, 0x00, 0x03, 0x00, 0x02, 0x00, 0xE8, 0x00, 0x01, 0x01, 0x40,
    0x01, 0x4D, 0x00, 0x03, 0x01, 0x50, 0x01, 0x51, 0x00, 0x03, 0x00, 0x01, 0x01, 0x40, 0x00, 0x11,
    0x00, 0x02, 0x00, 0x02, 0x00, 0x02, 0x00, 0x01, 0x00, 0x02, 0x00, 0x01, 0x00, 0x02, 0x00, 0x02,
    0x00, 0x02, 0x00, 0x02, 0x00, 0x02, 0x00, 0x02, 0x00, 0x00, 0x00, 0x02, 0x00, 0x00, 0x00, 0x00,
    0x00, 0x02, 0x00, 0x00, 0x00, 0x01, 0x00, 0x00, 0x00, 0x0A, 0x00, 0xB4, 0x01, 0xBA, 0x00, 0x02,
    0x44, 0x46, 0x4C, 0x54, 0x00, 0x0E, 0x6C, 0x61, 0x74, 0x6E, 0x00, 0x1C, 0x00, 0x04, 0x00, 0x00,
    0x00, 0x00, 0xFF, 0xFF, 0x00, 0x02, 0x00, 0x00, 0x00, 0x0A, 0x00, 0x34, 0x00, 0x08, 0x41, 0x5A,
    0x45, 0x20, 0x00, 0x3E, 0x43, 0x41, 0x54, 0x20, 0x00, 0x48, 0x43, 0x52, 0x54, 0x20, 0x00, 0x52,
    0x4B, 0x41, 0x5A, 0x20, 0x00, 0x5C, 0x4D, 0x4F, 0x4C, 0x20, 0x00, 0x66, 0x52, 0x4F, 0x4D, 0x20,
    0x00, 0x70, 0x54, 0x41, 0x54, 0x20, 0x00, 0x7A, 0x54, 0x52, 0x4B, 0x20, 0x00, 0x84, 0x00, 0x00,
    0xFF, 0xFF, 0x00, 0x02, 0x00, 0x01, 0x00, 0x0B, 0x00, 0x00, 0xFF, 0xFF, 0x00, 0x02, 0x00, 0x02,
    0x00, 0x0C, 0x00, 0x00, 0xFF, 0xFF, 0x00, 0x02, 0x00, 0x03, 0x00, 0x0D, 0x00, 0x00, 0xFF, 0xFF,
    0x00, 0x02, 0x00, 0x04, 0x00, 0x0E, 0x00, 0x00, 0xFF, 0xFF, 0x00, 0x02, 0x00, 0x05, 0x00, 0x0F,
    0x00, 0x00, 0xFF, 0xFF, 0x00, 0x02, 0x00, 0x06, 0x00, 0x10, 0x00, 0x00, 0xFF, 0xFF, 0x00, 0x02,
    0x00, 0x07, 0x00, 0x11, 0x00, 0x00, 0xFF, 0xFF, 0x00, 0x02, 0x00, 0x08, 0x00, 0x12, 0x00, 0x00,
    0xFF, 0xFF, 0x00, 0x02, 0x00, 0x09, 0x00, 0x13, 0x00, 0x14, 0x6D, 0x61, 0x72, 0x6B, 0x00, 0x7A,
    0x6D, 0x61, 0x72, 0x6B, 0x00, 0x80, 0x6D, 0x61, 0x72, 0x6B, 0x00, 0x86, 0x6D, 0x61, 0x72, 0x6B,
    0x00, 0x8C, 0x6D, 0x61, 0x72, 0x6B, 0x00, 0x92, 0x6D, 0x61, 0x72, 0x6B, 0x00, 0x98, 0x6D, 0x61,
    0x72, 0x6B, 0x00, 0x9E, 0x6D, 0x61, 0x72, 0x6B, 0x00, 0xA4, 0x6D, 0x61, 0x72, 0x6B, 0x00, 0xAA,
    0x6D, 0x61, 0x72, 0x6B, 0x00, 0xB0, 0x6D, 0x6B, 0x6D, 0x6B, 0x00, 0xB6, 0x6D, 0x6B, 0x6D, 0x6B,
    0x00, 0xBE, 0x6D, 0x6B, 0x6D, 0x6B, 0x00, 0xC6, 0x6D, 0x6B, 0x6D, 0x6B, 0x00, 0xCE, 0x6D, 0x6B,
    0x6D, 0x6B, 0x00, 0xD6, 0x6D, 0x6B, 0x6D, 0x6B, 0x00, 0xDE, 0x6D, 0x6B, 0x6D, 0x6B, 0x00, 0xE6,
    0x6D, 0x6B, 0x6D, 0x6B, 0x00, 0xEE, 0x6D, 0x6B, 0x6D, 0x6B, 0x00, 0xF6, 0x6D, 0x6B, 0x6D, 0x6B,
    0x00, 0xFE, 0x00, 0x00, 0x00, 0x01, 0x00, 0x00, 0x00, 0x00, 0x00, 0x01, 0x00, 0x00, 0x00, 0x00,
    0x00, 0x01, 0x00, 0x00, 0x00, 0x00, 0x00, 0x01, 0x00, 0x00, 0x00, 0x00, 0x00, 0x01, 0x00, 0x00,
    0x00, 0x00, 0x00, 0x01, 0x00, 0x00, 0x00, 0x00, 0x00, 0x01, 0x00, 0x00, 0x00, 0x00, 0x00, 0x01,
    0x00, 0x00, 0x00, 0x00, 0x00, 0x01, 0x00, 0x00, 0x00, 0x00, 0x00, 0x01, 0x00, 0x00, 0x00, 0x00,
    0x00, 0x02, 0x00, 0x01, 0x00, 0x02, 0x00, 0x00, 0x00, 0x02, 0x00, 0x01, 0x00, 0x02, 0x00, 0x00,
    0x00, 0x02, 0x00, 0x01, 0x00, 0x02, 0x00, 0x00, 0x00, 0x02, 0x00, 0x01, 0x00, 0x02, 0x00, 0x00,
    0x00, 0x02, 0x00, 0x01, 0x00, 0x02, 0x00, 0x00, 0x00, 0x02, 0x00, 0x01, 0x00, 0x02, 0x00, 0x00,
    0x00, 0x02, 0x00, 0x01, 0x00, 0x02, 0x00, 0x00, 0x00, 0x02, 0x00, 0x01, 0x00, 0x02, 0x00, 0x00,
    0x00, 0x02, 0x00, 0x01, 0x00, 0x02, 0x00, 0x00, 0x00, 0x02, 0x00, 0x01, 0x00, 0x02, 0x00, 0x03,
    0x00, 0x08, 0x00, 0x10, 0x00, 0x18, 0x00, 0x04, 0x00, 0x00, 0x00, 0x01, 0x00, 0x18, 0x00, 0x06,
    0x01, 0x00, 0x00, 0x01, 0x0E, 0x04, 0x00, 0x06, 0x02, 0x00, 0x00, 0x01, 0x0E, 0x30, 0x00, 0x01,
    0x0F, 0x08, 0x0F, 0x18, 0x00, 0x04, 0x00, 0x0C, 0x00, 0x4E, 0x00, 0x10, 0x00, 0x02, 0x07, 0x76,
    0x00, 0x02, 0x07, 0x7C, 0x00, 0x02, 0x07, 0x82, 0x00, 0x01, 0x07, 0x6A, 0x00, 0x02, 0x07, 0x88,
    0x00, 0x01, 0x07, 0x70, 0x00, 0x02, 0x07, 0x8E, 0x00, 0x02, 0x07, 0x94, 0x00, 0x02, 0x07, 0x9A,
    0x00, 0x02, 0x07, 0xA0, 0x00, 0x02, 0x07, 0xA6, 0x00, 0x02, 0x07, 0xAC, 0x00, 0x00, 0x07, 0x64,
    0x00, 0x02, 0x07, 0xB2, 0x00, 0x02, 0x07, 0xB8, 0x00, 0x03, 0x07, 0xBE, 0x00, 0xE4, 0x07, 0x82,
    0x07, 0x88, 0x07, 0x8E, 0x0D, 0xA0, 0x07, 0x82, 0x07, 0x88, 0x07, 0x94, 0x0D, 0xA0, 0x07, 0x82,
    0x07, 0x88, 0x07, 0x9A, 0x0D, 0xA0, 0x07, 0x82, 0x07, 0x88, 0x07, 0xA0, 0x0D, 0xA0, 0x07, 0x82,
    0x07, 0x88, 0x07, 0xA6, 0x0D, 0xA0, 0x07, 0x82, 0x07, 0x88, 0x07, 0xAC, 0x0D, 0xA0, 0x07, 0x82,
    0x07, 0x88, 0x07, 0xB2, 0x0D, 0xA0, 0x07, 0x82, 0x07, 0x88, 0x07, 0x8E, 0x0D, 0xA0, 0x07, 0x82,
    0x07, 0x88, 0x07, 0xB8, 0x0D, 0xA0, 0x07, 0x82, 0x07, 0x88, 0x07, 0xBE, 0x0D, 0xA0, 0x07, 0xC4,
    0x07, 0xCA, 0x07, 0xD0, 0x0D, 0xA0, 0x0D, 0xA0, 0x07, 0xDC, 0x07, 0xD6, 0x0D, 0xA0, 0x0D, 0xA0,
    0x07, 0xE8, 0x07, 0xE2, 0x0D, 0xA0, 0x0D, 0xA0, 0x07, 0xE8, 0x07, 0xEE, 0x0D, 0xA0, 0x0D, 0xA0,
    0x07, 0xE8, 0x07, 0xF4, 0x0D, 0xA0, 0x0D, 0xA0, 0x07, 0xFA, 0x07, 0xE2, 0x0D, 0xA0, 0x0D, 0xA0,
    0x07, 0xE8, 0x08, 0x00, 0x0D, 0xA0, 0x0D, 0xA0, 0x08, 0x06, 0x08, 0x0C, 0x0D, 0xA0, 0x0D, 0xA0,
    0x08, 0x06, 0x08, 0x0C, 0x0D, 0xA0, 0x0D, 0xA0, 0x08, 0x06, 0x08, 0x12, 0x0D, 0xA0, 0x0D, 0xA0,
    0x08, 0x06, 0x08, 0x0C, 0x0D, 0xA0, 0x08, 0x18, 0x08, 0x1E, 0x08, 0x24, 0x0D, 0xA0, 0x08, 0x18,
    0x08, 0x1E, 0x08, 0x2A, 0x0D, 0xA0, 0x08, 0x18, 0x08, 0x1E, 0x08, 0x30, 0x0D, 0xA0, 0x08, 0x18,
    0x08, 0x1E, 0x08, 0x36, 0x0D, 0xA0, 0x08, 0x18, 0x08, 0x1E, 0x08, 0x3C, 0x0D, 0xA0, 0x08, 0x18,
    0x08, 0x1E, 0x08, 0x42, 0x0D, 0xA0, 0x08, 0x18, 0x08, 0x1E, 0x08, 0x48, 0x0D, 0xA0, 0x08, 0x18,
    0x08, 0x1E, 0x08, 0x4E, 0x0D, 0xA0, 0x08, 0x18, 0x08, 0x1E, 0x08, 0x24, 0x0D, 0xA0, 0x0D, 0xA0,
    0x08, 0x5A, 0x08, 0x54, 0x0D, 0xA0, 0x0D, 0xA0, 0x08, 0x66, 0x08, 0x60, 0x0D, 0xA0, 0x0D, 0xA0,
    0x08, 0x66, 0x08, 0x6C, 0x0D, 0xA0, 0x0D, 0xA0, 0x08, 0x72, 0x08, 0x60, 0x0D, 0xA0, 0x0D, 0xA0,
    0x08, 0x66, 0x08, 0x78, 0x0D, 0xA0, 0x0D, 0xA0, 0x08, 0x7E, 0x08, 0x84, 0x0D, 0xA0, 0x0D, 0xA0,
    0x08, 0x7E, 0x08, 0x84, 0x0D, 0xA0, 0x08, 0x8A, 0x08, 0x90, 0x08, 0x96, 0x0D, 0xA0, 0x08, 0x8A,
    0x08, 0x9C, 0x08, 0xA2, 0x0D, 0xA0, 0x08, 0x8A, 0x08, 0x90, 0x08, 0xA8, 0x0D, 0xA0, 0x08, 0x8A,
    0x08, 0x90, 0x08, 0xAE, 0x0D, 0xA0, 0x08, 0x8A, 0x08, 0x90, 0x08, 0xB4, 0x0D, 0xA0, 0x08, 0x8A,
    0x08, 0x90, 0x08, 0xBA, 0x0D, 0xA0, 0x08, 0x8A, 0x08, 0x90, 0x08, 0xC0, 0x0D, 0xA0, 0x08, 0x8A,
    0x08, 0x90, 0x08, 0xC6, 0x0D, 0xA0, 0x08, 0x8A, 0x08, 0x90, 0x08, 0x96, 0x0D, 0xA0, 0x0D, 0xA0,
    0x08, 0xD2, 0x08, 0xCC, 0x0D, 0xA0, 0x0D, 0xA0, 0x08, 0xDE, 0x08, 0xD8, 0x0D, 0xA0, 0x0D, 0xA0,
    0x08, 0xE4, 0x08, 0xD8, 0x0D, 0xA0, 0x0D, 0xA0, 0x08, 0xF6, 0x08, 0xEA, 0x08, 0xF0, 0x0D, 0xA0,
    0x08, 0xF6, 0x08, 0xFC, 0x08, 0xF0, 0x0D, 0xA0, 0x08, 0xF6, 0x08, 0xEA, 0x08, 0xF0, 0x0D, 0xA0,
    0x09, 0x02, 0x08, 0xEA, 0x08, 0xF0, 0x0D, 0xA0, 0x08, 0xF6, 0x08, 0xEA, 0x08, 0xF0, 0x0D, 0xA0,
    0x08, 0xF6, 0x08, 0xEA, 0x08, 0xF0, 0x0D, 0xA0, 0x09, 0x0E, 0x09, 0x08, 0x0D, 0xA0, 0x0D, 0xA0,
    0x09, 0x1A, 0x09, 0x14, 0x0D, 0xA0, 0x0D, 0xA0, 0x09, 0x1A, 0x09, 0x20, 0x0D, 0xA0, 0x0D, 0xA0,
    0x09, 0x1A, 0x09, 0x26, 0x0D, 0xA0, 0x0D, 0xA0, 0x09, 0x2C, 0x09, 0x14, 0x0D, 0xA0, 0x0D, 0xA0,
    0x09, 0x1A, 0x09, 0x32, 0x0D, 0xA0, 0x0D, 0xA0, 0x09, 0x44, 0x09, 0x38, 0x09, 0x3E, 0x0D, 0xA0,
    0x09, 0x44, 0x09, 0x4A, 0x09, 0x3E, 0x0D, 0xA0, 0x09, 0x44, 0x09, 0x50, 0x09, 0x3E, 0x0D, 0xA0,
    0x09, 0x44, 0x09, 0x56, 0x09, 0x3E, 0x0D, 0xA0, 0x09, 0x44, 0x09, 0x5C, 0x09, 0x3E, 0x0D, 0xA0,
    0x09, 0x44, 0x09, 0x38, 0x09, 0x3E, 0x0D, 0xA0, 0x09, 0x44, 0x09, 0x62, 0x09, 0x3E, 0x0D, 0xA0,
    0x09, 0x44, 0x09, 0x38, 0x09, 0x3E, 0x0D, 0xA0, 0x09, 0x44, 0x09, 0x68, 0x09, 0x3E, 0x09, 0x6E,
    0x09, 0x74, 0x09, 0x7A, 0x0D, 0xA0, 0x0D, 0xA0, 0x09, 0x86, 0x09, 0x80, 0x0D, 0xA0, 0x0D, 0xA0,
    0x09, 0x86, 0x09, 0x80, 0x0D, 0xA0, 0x0D, 0xA0, 0x09, 0x44, 0x09, 0x8C, 0x09, 0x3E, 0x0D, 0xA0,
    0x09, 0x98, 0x09, 0x92, 0x0D, 0xA0, 0x0D, 0xA0, 0x09, 0x98, 0x09, 0x9E, 0x0D, 0xA0, 0x0D, 0xA0,
    0x09, 0x98, 0x09, 0xA4, 0x0D, 0xA0, 0x0D, 0xA0, 0x09, 0xAA, 0x09, 0x92, 0x0D, 0xA0, 0x0D, 0xA0,
    0x09, 0xB6, 0x09, 0xB0, 0x0D, 0xA0, 0x0D, 0xA0, 0x09, 0xB6, 0x09, 0xBC, 0x0D, 0xA0, 0x0D, 0xA0,
    0x09, 0xB6, 0x09, 0xC2, 0x0D, 0xA0, 0x0D, 0xA0, 0x09, 0xC8, 0x09, 0xB0, 0x0D, 0xA0, 0x0D, 0xA0,
    0x09, 0xCE, 0x09, 0xB0, 0x0D, 0xA0, 0x0D, 0xA0, 0x09, 0xD4, 0x09, 0xDA, 0x0D, 0xA0, 0x0D, 0xA0,
    0x09, 0xD4, 0x09, 0xDA, 0x0D, 0xA0, 0x0D, 0xA0, 0x09, 0xD4, 0x09, 0xE0, 0x0D, 0xA0, 0x0D, 0xA0,
    0x09, 0xE6, 0x09, 0xDA, 0x0D, 0xA0, 0x0D, 0xA0, 0x09, 0xEC, 0x09, 0xDA, 0x0D, 0xA0, 0x09, 0xF2,
    0x0A, 0x04, 0x09, 0xF8, 0x09, 0xFE, 0x09, 0xF2, 0x0A, 0x04, 0x0A, 0x0A, 0x09, 0xFE, 0x09, 0xF2,
    0x0A, 0x04, 0x0A, 0x10, 0x09, 0xFE, 0x09, 0xF2, 0x0A, 0x04, 0x0A, 0x16, 0x09, 0xFE, 0x09, 0xF2,
    0x0A, 0x04, 0x0A, 0x1C, 0x09, 0xFE, 0x09, 0xF2, 0x0A, 0x04, 0x09, 0xF8, 0x09, 0xFE, 0x09, 0xF2,
    0x0A, 0x04, 0x0A, 0x22, 0x09, 0xFE, 0x09, 0xF2, 0x0A, 0x04, 0x09, 0xF8, 0x09, 0xFE, 0x09, 0xF2,
    0x0A, 0x04, 0x0A, 0x28, 0x09, 0xFE, 0x0D, 0xA0, 0x0A, 0x34, 0x0A, 0x2E, 0x0D, 0xA0, 0x0D, 0xA0,
    0x0A, 0x40, 0x0A, 0x3A, 0x0D, 0xA0, 0x0D, 0xA0, 0x0A, 0x40, 0x0A, 0x46, 0x0D, 0xA0, 0x0D, 0xA0,
    0x0A, 0x40, 0x0A, 0x4C, 0x0D, 0xA0, 0x0D, 0xA0, 0x0A, 0x40, 0x0A, 0x52, 0x0D, 0xA0, 0x0D, 0xA0,
    0x0A, 0x40, 0x0A, 0x58, 0x0D, 0xA0, 0x0D, 0xA0, 0x0A, 0x64, 0x0A, 0x5E, 0x0D, 0xA0, 0x0D, 0xA0,
    0x0A, 0x70, 0x0A, 0x6A, 0x0D, 0xA0, 0x0D, 0xA0, 0x0A, 0x70, 0x0A, 0x76, 0x0D, 0xA0, 0x0D, 0xA0,
    0x0A, 0x70, 0x0A, 0x7C, 0x0D, 0xA0, 0x0D, 0xA0, 0x0A, 0x70, 0x0A, 0x82, 0x0D, 0xA0, 0x0D, 0xA0,
    0x0A, 0x70, 0x0A, 0x88, 0x0D, 0xA0, 0x0D, 0xA0, 0x0A, 0x94, 0x0A, 0x8E, 0x0D, 0xA0, 0x0D, 0xA0,
    0x0A, 0x94, 0x0A, 0x9A, 0x0D, 0xA0, 0x0D, 0xA0, 0x0A, 0x94, 0x0A, 0xA0, 0x0D, 0xA0, 0x0D, 0xA0,
    0x0A, 0x94, 0x0A, 0xA6, 0x0D, 0xA0, 0x0A, 0xAC, 0x0A, 0xB2, 0x0A, 0xB8, 0x0D, 0xA0, 0x0A, 0xAC,
    0x0A, 0xB2, 0x0A, 0xBE, 0x0D, 0xA0, 0x0A, 0xAC, 0x0A, 0xB2, 0x0A, 0xC4, 0x0D, 0xA0, 0x0A, 0xAC,
    0x0A, 0xB2, 0x0A, 0xCA, 0x0D, 0xA0, 0x0A, 0xAC, 0x0A, 0xB2, 0x0A, 0xD0, 0x0D, 0xA0, 0x0A, 0xAC,
    0x0A, 0xB2, 0x0A, 0xD6, 0x0D, 0xA0, 0x0A, 0xAC, 0x0A, 0xB2, 0x0A, 0xDC, 0x0D, 0xA0, 0x0A, 0xAC,
    0x0A, 0xB2, 0x0A, 0xB8, 0x0D, 0xA0, 0x0A, 0xAC, 0x0A, 0xB2, 0x0A, 0xE2, 0x0D, 0xA0, 0x0A, 0xAC,
    0x0A, 0xB2, 0x0A, 0xE8, 0x0D, 0xA0, 0x0A, 0xAC, 0x0A, 0xEE, 0x0A, 0xF4, 0x0D, 0xA0, 0x0D, 0xA0,
    0x0B, 0x00, 0x0A, 0xFA, 0x0D, 0xA0, 0x0D, 0xA0, 0x0B, 0x0C, 0x0B, 0x06, 0x0D, 0xA0, 0x0D, 0xA0,
    0x0B, 0x0C, 0x0B, 0x12, 0x0D, 0xA0, 0x0D, 0xA0, 0x0B, 0x0C, 0x0B, 0x18, 0x0D, 0xA0, 0x0D, 0xA0,
    0x0B, 0x1E, 0x0B, 0x06, 0x0D, 0xA0, 0x0D, 0xA0, 0x0B, 0x0C, 0x0B, 0x24, 0x0D, 0xA0, 0x0D, 0xA0,
    0x0B, 0x36, 0x0B, 0x2A, 0x0B, 0x30, 0x0D, 0xA0, 0x0B, 0x36, 0x0B, 0x2A, 0x0B, 0x30, 0x0D, 0xA0,
    0x0B, 0x36, 0x0B, 0x2A, 0x0B, 0x30, 0x0B, 0x3C, 0x0B, 0x42, 0x0B, 0x48, 0x0D, 0xA0, 0x0B, 0x3C,
    0x0B, 0x42, 0x0B, 0x4E, 0x0D, 0xA0, 0x0B, 0x3C, 0x0B, 0x42, 0x0B, 0x54, 0x0D, 0xA0, 0x0B, 0x3C,
    0x0B, 0x42, 0x0B, 0x5A, 0x0D, 0xA0, 0x0B, 0x3C, 0x0B, 0x42, 0x0B, 0x60, 0x0D, 0xA0, 0x0B, 0x3C,
    0x0B, 0x42, 0x0B, 0x66, 0x0D, 0xA0, 0x0B, 0x3C, 0x0B, 0x42, 0x0B, 0x6C, 0x0D, 0xA0, 0x0B, 0x3C,
    0x0B, 0x42, 0x0B, 0x72, 0x0D, 0xA0, 0x0B, 0x3C, 0x0B, 0x42, 0x0B, 0x48, 0x0D, 0xA0, 0x0D, 0xA0,
    0x0B, 0x7E, 0x0B, 0x78, 0x0D, 0xA0, 0x0D, 0xA0, 0x0B, 0x36, 0x0B, 0x2A, 0x0D, 0xA0, 0x0D, 0xA0,
    0x0B, 0x36, 0x0B, 0x84, 0x0D, 0xA0, 0x0D, 0xA0, 0x0B, 0x36, 0x0B, 0x8A, 0x0D, 0xA0, 0x0D, 0xA0,
    0x0B, 0x36, 0x0B, 0x90, 0x0D, 0xA0, 0x0D, 0xA0, 0x0B, 0x96, 0x0B, 0x9C, 0x0D, 0xA0, 0x0D, 0xA0,
    0x0B, 0x96, 0x0B, 0x9C, 0x0D, 0xA0, 0x0B, 0xA2, 0x0B, 0xA8, 0x0B, 0xAE, 0x0D, 0xA0, 0x0B, 0xA2,
    0x0B, 0xA8, 0x0B, 0xAE, 0x0D, 0xA0, 0x0B, 0xA2, 0x0B, 0xA8, 0x0B, 0xB4, 0x0D, 0xA0, 0x0B, 0xA2,
    0x0B, 0xA8, 0x0B, 0xBA, 0x0D, 0xA0, 0x0B, 0xA2, 0x0B, 0xA8, 0x0B, 0xC0, 0x0D, 0xA0, 0x0B, 0xA2,
    0x0B, 0xA8, 0x0B, 0xC6, 0x0D, 0xA0, 0x0B, 0xA2, 0x0B, 0xA8, 0x0B, 0xCC, 0x0D, 0xA0, 0x0B, 0xA2,
    0x0B, 0xD2, 0x0B, 0xD8, 0x0D, 0xA0, 0x0B, 0xA2, 0x0B, 0xA8, 0x0B, 0xDE, 0x0D, 0xA0, 0x0B, 0xA2,
    0x0B, 0xA8, 0x0B, 0xC6, 0x0D, 0xA0, 0x0D, 0xA0, 0x0B, 0xA8, 0x0B, 0xAE, 0x0D, 0xA0, 0x0D, 0xA0,
    0x0B, 0xA8, 0x0B, 0xAE, 0x0D, 0xA0, 0x0D, 0xA0, 0x0B, 0xEA, 0x0B, 0xE4, 0x0D, 0xA0, 0x0D, 0xA0,
    0x0B, 0xF0, 0x0B, 0xE4, 0x0D, 0xA0, 0x0D, 0xA0, 0x0B, 0xA8, 0x0B, 0xF6, 0x0B, 0xFC, 0x0D, 0xA0,
    0x0B, 0xA8, 0x0C, 0x02, 0x0B, 0xFC, 0x0D, 0xA0, 0x0B, 0xA8, 0x0B, 0xF6, 0x0B, 0xFC, 0x0D, 0xA0,
    0x0C, 0x08, 0x0B, 0xF6, 0x0B, 0xFC, 0x0D, 0xA0, 0x0B, 0xA8, 0x0B, 0xF6, 0x0B, 0xFC, 0x0D, 0xA0,
    0x0C, 0x0E, 0x0C, 0x14, 0x0C, 0x1A, 0x0D, 0xA0, 0x0C, 0x26, 0x0C, 0x20, 0x0D, 0xA0, 0x0D, 0xA0,
    0x0B, 0x96, 0x0B, 0x9C, 0x0D, 0xA0, 0x0D, 0xA0, 0x0B, 0x96, 0x0C, 0x2C, 0x0D, 0xA0, 0x0D, 0xA0,
    0x0B, 0x96, 0x0C, 0x32, 0x0D, 0xA0, 0x0D, 0xA0, 0x0C, 0x38, 0x0B, 0x9C, 0x0D, 0xA0, 0x0D, 0xA0,
    0x0B, 0x96, 0x0B, 0x9C, 0x0D, 0xA0, 0x0D, 0xA0, 0x0B, 0x96, 0x0C, 0x3E, 0x0D, 0xA0, 0x0D, 0xA0,
    0x0C, 0x50, 0x0C, 0x44, 0x0C, 0x4A, 0x0D, 0xA0, 0x0C, 0x50, 0x0C, 0x56, 0x0C, 0x4A, 0x0D, 0xA0,
    0x0C, 0x50, 0x0C, 0x5C, 0x0C, 0x4A, 0x0D, 0xA0, 0x0C, 0x50, 0x0C, 0x62, 0x0C, 0x4A, 0x0D, 0xA0,
    0x0C, 0x50, 0x0C, 0x68, 0x0C, 0x4A, 0x0D, 0xA0, 0x0C, 0x50, 0x0C, 0x44, 0x0C, 0x4A, 0x0D, 0xA0,
    0x0C, 0x50, 0x0C, 0x6E, 0x0C, 0x4A, 0x0D, 0xA0, 0x0C, 0x50, 0x0C, 0x44, 0x0C, 0x4A, 0x0D, 0xA0,
    0x0C, 0x50, 0x0C, 0x74, 0x0C, 0x4A, 0x0C, 0x80, 0x0C, 0x7A, 0x0C, 0x86, 0x0C, 0x8C, 0x0D, 0xA0,
    0x0B, 0x00, 0x0A, 0xFA, 0x0D, 0xA0, 0x0D, 0xA0, 0x0B, 0x00, 0x0A, 0xFA, 0x0D, 0xA0, 0x0D, 0xA0,
    0x0B, 0x36, 0x0B, 0x2A, 0x0D, 0xA0, 0x0D, 0xA0, 0x0C, 0x98, 0x0C, 0x92, 0x0D, 0xA0, 0x0D, 0xA0,
    0x0C, 0x98, 0x0C, 0x9E, 0x0D, 0xA0, 0x0D, 0xA0, 0x0C, 0x98, 0x0C, 0xA4, 0x0D, 0xA0, 0x0D, 0xA0,
    0x0C, 0xAA, 0x0C, 0x92, 0x0D, 0xA0, 0x0D, 0xA0, 0x0C, 0xB6, 0x0C, 0xB0, 0x0D, 0xA0, 0x0D, 0xA0,
    0x0C, 0xB6, 0x0C, 0xBC, 0x0D, 0xA0, 0x0D, 0xA0, 0x0C, 0xB6, 0x0C, 0xC2, 0x0D, 0xA0, 0x0D, 0xA0,
    0x0C, 0xC8, 0x0C, 0xB0, 0x0D, 0xA0, 0x0D, 0xA0, 0x0C, 0xCE, 0x0C, 0xB0, 0x0D, 0xA0, 0x0D, 0xA0,
    0x0C, 0xE0, 0x0C, 0xD4, 0x0C, 0xDA, 0x0D, 0xA0, 0x0C, 0xE0, 0x0C, 0xD4, 0x0C, 0xDA, 0x0D, 0xA0,
    0x0C, 0xE0, 0x0C, 0xD4, 0x0C, 0xDA, 0x0D, 0xA0, 0x0C, 0xE6, 0x0C, 0xD4, 0x0C, 0xDA, 0x0D, 0xA0,
    0x0C, 0xEC, 0x0C, 0xD4, 0x0C, 0xDA, 0x0C, 0xF2, 0x0B, 0x96, 0x0B, 0x9C, 0x0C, 0xF8, 0x0C, 0xF2,
    0x0B, 0x96, 0x0C, 0x2C, 0x0C, 0xF8, 0x0C, 0xF2, 0x0B, 0x96, 0x0C, 0xFE, 0x0C, 0xF8, 0x0C, 0xF2,
    0x0B, 0x96, 0x0D, 0x04, 0x0C, 0xF8, 0x0C, 0xF2, 0x0B, 0x96, 0x0D, 0x0A, 0x0C, 0xF8, 0x0C, 0xF2,
    0x0B, 0x96, 0x0B, 0x9C, 0x0C, 0xF8, 0x0C, 0xF2, 0x0B, 0x96, 0x0D, 0x10, 0x0C, 0xF8, 0x0C, 0xF2,
    0x0B, 0x96, 0x0B, 0x9C, 0x0C, 0xF8, 0x0C, 0xF2, 0x0B, 0x96, 0x0D, 0x16, 0x0C, 0xF8, 0x0D, 0xA0,
    0x0D, 0x22, 0x0D, 0x1C, 0x0D, 0xA0, 0x0D, 0xA0, 0x0D, 0x2E, 0x0D, 0x28, 0x0D, 0xA0, 0x0D, 0xA0,
    0x0D, 0x2E, 0x0D, 0x34, 0x0D, 0xA0, 0x0D, 0xA0, 0x0D, 0x2E, 0x0D, 0x3A, 0x0D, 0xA0, 0x0D, 0xA0,
    0x0D, 0x2E, 0x0D, 0x40, 0x0D, 0xA0, 0x0D, 0xA0, 0x0D, 0x2E, 0x0D, 0x46, 0x0D, 0xA0, 0x0D, 0xA0,
    0x0D, 0x52, 0x0D, 0x4C, 0x0D, 0xA0, 0x0D, 0xA0, 0x0D, 0x5E, 0x0D, 0x58, 0x0D, 0xA0, 0x0D, 0xA0,
    0x0D, 0x5E, 0x0D, 0x64, 0x0D, 0xA0, 0x0D, 0xA0, 0x0D, 0x70, 0x0D, 0x6A, 0x0D, 0xA0, 0x0D, 0xA0,
    0x0D, 0x5E, 0x0D, 0x76, 0x0D, 0xA0, 0x0D, 0xA0, 0x0D, 0x5E, 0x0D, 0x7C, 0x0D, 0xA0, 0x0D, 0xA0,
    0x0D, 0x88, 0x0D, 0x82, 0x0D, 0xA0, 0x0D, 0xA0, 0x0D, 0x88, 0x0D, 0x8E, 0x0D, 0xA0, 0x0D, 0xA0,
    0x0D, 0x88, 0x0D, 0x94, 0x0D, 0xA0, 0x0D, 0xA0, 0x0D, 0x88, 0x0D, 0x9A, 0x0D, 0xA0, 0x00, 0x01,
    0xFF, 0x91, 0x00, 0x0A, 0x00, 0x01, 0xFF, 0x39, 0x00, 0x00, 0x00, 0x01, 0xFF, 0x2F, 0x00, 0x00,
    0x00, 0x01, 0xFE, 0xA4, 0x03, 0xCE, 0x00, 0x01, 0xFE, 0xCA, 0x03, 0xCE, 0x00, 0x01, 0xFE, 0x87,
    0x03, 0xCE, 0x00, 0x01, 0xFE, 0x7E, 0x03, 0xCE, 0x00, 0x01, 0xFF, 0x2B, 0x03, 0xCE, 0x00, 0x01,
    0xFE, 0x51, 0x03, 0xCE, 0x00, 0x01, 0xFF, 0x33, 0x03, 0xCE, 0x00, 0x01, 0xFF, 0x77, 0x03, 0xCE,
    0x00, 0x01, 0xFE, 0x5E, 0x03, 0xCE, 0x00, 0x01, 0xFE, 0x57, 0x03, 0xCE, 0x00, 0x01, 0xFE, 0xE2,
    0x03, 0xCE, 0x00, 0x01, 0xFE, 0xB2, 0x03, 0xCE, 0x00, 0x01, 0xFF, 0x6A, 0x03, 0xCE, 0x00, 0x01,
    0x04, 0xA5, 0x00, 0x0A, 0x00, 0x01, 0x02, 0x95, 0x00, 0x00, 0x00, 0x01, 0x02, 0x95, 0x05, 0x68,
    0x00, 0x01, 0x02, 0xA0, 0x07, 0xA4, 0x00, 0x01, 0x02, 0x97, 0x07, 0x58, 0x00, 0x01, 0x02, 0x97,
    0x07, 0xA8, 0x00, 0x01, 0x02, 0x97, 0x07, 0x21, 0x00, 0x01, 0x02, 0x10, 0x07, 0xA4, 0x00, 0x01,
    0x02, 0x97, 0x07, 0x86, 0x00, 0x01, 0x02, 0x97, 0x05, 0xCC, 0x00, 0x01, 0x02, 0x97, 0x07, 0x4C,
    0x00, 0x01, 0x06, 0x02, 0x00, 0x0A, 0x00, 0x01, 0x04, 0xCB, 0x00, 0x00, 0x00, 0x01, 0x04, 0xF3,
    0x05, 0x4A, 0x00, 0x01, 0x02, 0x4B, 0x05, 0x9A, 0x00, 0x01, 0x02, 0x4B, 0x00, 0x00, 0x00, 0x01,
    0x02, 0xCA, 0x05, 0x4A, 0x00, 0x01, 0x02, 0x7A, 0x00, 0x00, 0x00, 0x01, 0x02, 0xD5, 0x07, 0x86,
    0x00, 0x01, 0x02, 0xCC, 0x07, 0x88, 0x00, 0x01, 0x02, 0x7C, 0xFE, 0x50, 0x00, 0x01, 0x02, 0xCC,
    0x07, 0x01, 0x00, 0x01, 0x02, 0xCE, 0x00, 0x00, 0x00, 0x01, 0x02, 0x9C, 0x05, 0x4A, 0x00, 0x01,
    0x02, 0x9E, 0x07, 0x88, 0x00, 0x01, 0x03, 0x33, 0x00, 0x0A, 0x00, 0x01, 0x01, 0xFC, 0x00, 0x00,
    0x00, 0x01, 0x02, 0x24, 0x05, 0x4A, 0x00, 0x01, 0x02, 0x2F, 0x07, 0x86, 0x00, 0x01, 0x02, 0x26,
    0x07, 0x88, 0x00, 0x01, 0x02, 0x26, 0x07, 0x8A, 0x00, 0x01, 0x02, 0x26, 0x07, 0x03, 0x00, 0x01,
    0x02, 0x26, 0x07, 0x01, 0x00, 0x01, 0x01, 0x9F, 0x07, 0x86, 0x00, 0x01, 0x02, 0x26, 0x07, 0x68,
    0x00, 0x01, 0x01, 0xF4, 0x05, 0x9A, 0x00, 0x01, 0x01, 0xF4, 0x00, 0x00, 0x00, 0x01, 0x03, 0x0F,
    0x05, 0x4A, 0x00, 0x01, 0x02, 0xBF, 0x00, 0x00, 0x00, 0x01, 0x03, 0x11, 0x07, 0x3A, 0x00, 0x01,
    0x02, 0x88, 0xFD, 0x97, 0x00, 0x01, 0x03, 0x11, 0x07, 0x01, 0x00, 0x01, 0x02, 0xD7, 0x00, 0x00,
    0x00, 0x01, 0x02, 0xD7, 0x05, 0x4A, 0x00, 0x01, 0x01, 0x1E, 0x00, 0x0A, 0x00, 0x01, 0x01, 0x11,
    0x00, 0x00, 0x00, 0x01, 0x01, 0x11, 0x05, 0x4A, 0x00, 0x01, 0x03, 0x8F, 0x00, 0x00, 0x00, 0x01,
    0x03, 0x8F, 0x05, 0x9A, 0x00, 0x01, 0x01, 0x1C, 0x07, 0x86, 0x00, 0x01, 0x01, 0x13, 0x07, 0x8A,
    0x00, 0x01, 0x01, 0x13, 0x07, 0x03, 0x00, 0x01, 0x01, 0x13, 0x07, 0x01, 0x00, 0x01, 0x00, 0x8C,
    0x07, 0x86, 0x00, 0x01, 0x01, 0x13, 0x07, 0x68, 0x00, 0x01, 0x01, 0x6E, 0x05, 0x9A, 0x00, 0x01,
    0x01, 0x6E, 0x00, 0x00, 0x00, 0x01, 0x02, 0x52, 0x05, 0x9A, 0x00, 0x01, 0x02, 0x52, 0x00, 0x00,
    0x00, 0x01, 0x02, 0x1B, 0xFD, 0x97, 0x00, 0x01, 0x01, 0x10, 0x05, 0x40, 0x00, 0x01, 0x03, 0xB0,
    0x05, 0x9A, 0x00, 0x01, 0x01, 0xE2, 0x00, 0x00, 0x00, 0x01, 0x01, 0x1B, 0x07, 0x7C, 0x00, 0x01,
    0x01, 0xAB, 0xFD, 0x97, 0x00, 0x01, 0x03, 0x98, 0x05, 0x9A, 0x00, 0x01, 0x03, 0x98, 0x00, 0x00,
    0x00, 0x01, 0x02, 0xFE, 0x05, 0x4A, 0x00, 0x01, 0x02, 0xFE, 0x00, 0x00, 0x00, 0x01, 0x03, 0x09,
    0x07, 0x86, 0x00, 0x01, 0x03, 0x00, 0x07, 0x88, 0x00, 0x01, 0x02, 0xC7, 0xFD, 0x97, 0x00, 0x01,
    0x03, 0x00, 0x07, 0x2E, 0x00, 0x01, 0x03, 0x04, 0x05, 0x4A, 0x00, 0x01, 0x05, 0xF4, 0x05, 0x9A,
    0x00, 0x01, 0x03, 0x04, 0x00, 0x00, 0x00, 0x01, 0x03, 0x0F, 0x07, 0x86, 0x00, 0x01, 0x03, 0x06,
    0x07, 0x8A, 0x00, 0x01, 0x03, 0x06, 0x07, 0x03, 0x00, 0x01, 0x02, 0x7F, 0x07, 0x86, 0x00, 0x01,
    0x03, 0x06, 0x07, 0x68, 0x00, 0x01, 0x03, 0x06, 0x07, 0x2E, 0x00, 0x01, 0x06, 0x91, 0x00, 0x0A,
    0x00, 0x01, 0x05, 0x5A, 0x00, 0x00, 0x00, 0x01, 0x05, 0x82, 0x05, 0x4A, 0x00, 0x01, 0x02, 0x3E,
    0x05, 0x9A, 0x00, 0x01, 0x02, 0x3E, 0x00, 0x00, 0x00, 0x01, 0x03, 0x04, 0x05, 0x9A, 0x00, 0x01,
    0x02, 0x3D, 0x05, 0x40, 0x00, 0x01, 0x02, 0x65, 0x00, 0x00, 0x00, 0x01, 0x02, 0x48, 0x07, 0x7C,
    0x00, 0x01, 0x02, 0x3F, 0x07, 0x7E, 0x00, 0x01, 0x02, 0x2E, 0xFD, 0x97, 0x00, 0x01, 0x02, 0x20,
    0x05, 0x4A, 0x00, 0x01, 0x02, 0x20, 0x00, 0x00, 0x00, 0x01, 0x02, 0x2B, 0x07, 0x86, 0x00, 0x01,
    0x02, 0x22, 0x07, 0x88, 0x00, 0x01, 0x02, 0x22, 0xFE, 0x50, 0x00, 0x01, 0x01, 0xE9, 0xFD, 0x97,
    0x00, 0x01, 0x02, 0x19, 0x00, 0x00, 0x00, 0x01, 0x02, 0x19, 0x05, 0x4A, 0x00, 0x01, 0x02, 0x1B,
    0x07, 0x88, 0x00, 0x01, 0x02, 0x1B, 0xFE, 0x50, 0x00, 0x01, 0x01, 0xE2, 0xFD, 0x97, 0x00, 0x01,
    0x02, 0xBE, 0x00, 0x0A, 0x00, 0x01, 0x02, 0xC0, 0x05, 0x4A, 0x00, 0x01, 0x05, 0x6B, 0x05, 0x9A,
    0x00, 0x01, 0x02, 0xC0, 0x00, 0x00, 0x00, 0x01, 0x02, 0xCB, 0x07, 0x86, 0x00, 0x01, 0x02, 0xC2,
    0x07, 0x8A, 0x00, 0x01, 0x02, 0xC2, 0x07, 0x03, 0x00, 0x01, 0x02, 0x3B, 0x07, 0x86, 0x00, 0x01,
    0x02, 0xC2, 0x07, 0x68, 0x00, 0x01, 0x02, 0xC2, 0x05, 0xAE, 0x00, 0x01, 0x02, 0x7C, 0x05, 0x68,
    0x00, 0x01, 0x02, 0x7C, 0x00, 0x00, 0x00, 0x01, 0x03, 0xC7, 0x05, 0x4A, 0x00, 0x01, 0x03, 0xBD,
    0x00, 0x00, 0x00, 0x01, 0x03, 0xD2, 0x07, 0x86, 0x00, 0x01, 0x03, 0xC9, 0x07, 0x8A, 0x00, 0x01,
    0x03, 0xC9, 0x07, 0x03, 0x00, 0x01, 0x03, 0x42, 0x07, 0x86, 0x00, 0x01, 0x02, 0x5C, 0x05, 0x9A,
    0x00, 0x01, 0x02, 0x5C, 0x00, 0x00, 0x00, 0x01, 0x02, 0x36, 0x05, 0x4A, 0x00, 0x01, 0x02, 0x36,
    0x00, 0x00, 0x00, 0x01, 0x02, 0x41, 0x07, 0x86, 0x00, 0x01, 0x02, 0x38, 0x07, 0x8A, 0x00, 0x01,
    0x02, 0x38, 0x07, 0x03, 0x00, 0x01, 0x01, 0xB1, 0x07, 0x86, 0x00, 0x01, 0x02, 0x48, 0x05, 0x4A,
    0x00, 0x01, 0x02, 0x48, 0x00, 0x00, 0x00, 0x01, 0x02, 0x53, 0x07, 0x86, 0x00, 0x01, 0x02, 0x4A,
    0x07, 0x88, 0x00, 0x01, 0x02, 0x4A, 0x07, 0x01, 0x00, 0x01, 0x03, 0xAA, 0x00, 0x0A, 0x00, 0x01,
    0x02, 0x09, 0x00, 0x00, 0x00, 0x01, 0x02, 0x09, 0x03, 0xCE, 0x00, 0x01, 0x02, 0x14, 0x06, 0x0A,
    0x00, 0x01, 0x02, 0x0B, 0x05, 0xBE, 0x00, 0x01, 0x02, 0x0B, 0x06, 0x0E, 0x00, 0x01, 0x02, 0x0B,
    0x05, 0x87, 0x00, 0x01, 0x01, 0x84, 0x06, 0x0A, 0x00, 0x01, 0x02, 0x0B, 0x05, 0xEC, 0x00, 0x01,
    0x02, 0x0B, 0x06, 0x1C, 0x00, 0x01, 0x02, 0x0B, 0x05, 0xB2, 0x00, 0x01, 0x03, 0x49, 0x00, 0x00,
    0x00, 0x01, 0x03, 0x49, 0x03, 0xCE, 0x00, 0x01, 0x02, 0x5A, 0x03, 0xCE, 0x00, 0x01, 0x02, 0x5A,
    0x00, 0x00, 0x00, 0x01, 0x01, 0xD9, 0x03, 0xCE, 0x00, 0x01, 0x02, 0x3D, 0x00, 0x00, 0x00, 0x01,
    0x01, 0xE4, 0x06, 0x0A, 0x00, 0x01, 0x01, 0xDB, 0x06, 0x0C, 0x00, 0x01, 0x02, 0x3F, 0xFE, 0x50,
    0x00, 0x01, 0x01, 0xDB, 0x05, 0x85, 0x00, 0x01, 0x02, 0x5B, 0x03, 0xCE, 0x00, 0x01, 0x04, 0xA2,
    0x03, 0xCE, 0x00, 0x01, 0x02, 0x5B, 0x00, 0x00, 0x00, 0x01, 0x03, 0xC4, 0x00, 0x0A, 0x00, 0x01,
    0x02, 0x18, 0x00, 0x00, 0x00, 0x01, 0x02, 0x18, 0x03, 0xCE, 0x00, 0x01, 0x02, 0x23, 0x06, 0x0A,
    0x00, 0x01, 0x02, 0x1A, 0x06, 0x0C, 0x00, 0x01, 0x02, 0x1A, 0x06, 0x0E, 0x00, 0x01, 0x02, 0x1A,
    0x05, 0x87, 0x00, 0x01, 0x02, 0x1A, 0x05, 0x85, 0x00, 0x01, 0x01, 0x93, 0x06, 0x0A, 0x00, 0x01,
    0x02, 0x1A, 0x05, 0xEC, 0x00, 0x01, 0x01, 0x41, 0x03, 0xCE, 0x00, 0x01, 0x01, 0x41, 0x00, 0x00,
    0x00, 0x01, 0x02, 0x5D, 0x05, 0xBE, 0x00, 0x01, 0x02, 0x8F, 0x06, 0x88, 0x00, 0x01, 0x02, 0x5D,
    0x05, 0x85, 0x00, 0x01, 0x02, 0x44, 0x00, 0x00, 0x00, 0x01, 0x02, 0x44, 0x03, 0xCE, 0x00, 0x01,
    0x01, 0x04, 0x00, 0x0A, 0x00, 0x01, 0x00, 0xF8, 0x00, 0x00, 0x00, 0x01, 0x00, 0xF8, 0x03, 0xCE,
    0x00, 0x01, 0x01, 0x03, 0x06, 0x0A, 0x00, 0x01, 0x00, 0xFA, 0x06, 0x0E, 0x00, 0x01, 0x00, 0xFA,
    0x05, 0x87, 0x00, 0x01, 0x00, 0xFA, 0x05, 0x85, 0x00, 0x01, 0x00, 0x73, 0x06, 0x0A, 0x00, 0x01,
    0x03, 0x06, 0x00, 0x00, 0x00, 0x01, 0x03, 0x06, 0x03, 0xCE, 0x00, 0x01, 0x00, 0xFA, 0x05, 0xEC,
    0x00, 0x01, 0x01, 0xFD, 0x03, 0xCE, 0x00, 0x01, 0x01, 0xFD, 0x00, 0x00, 0x00, 0x01, 0x01, 0xC6,
    0xFD, 0x97, 0x00, 0x01, 0x00, 0xFA, 0x05, 0x54, 0x00, 0x01, 0x01, 0xDC, 0x04, 0x07, 0x00, 0x01,
    0x01, 0x05, 0x07, 0x90, 0x00, 0x01, 0x00, 0xC1, 0xFD, 0x97, 0x00, 0x01, 0x01, 0x16, 0x00, 0x00,
    0x00, 0x01, 0x01, 0x18, 0x05, 0x54, 0x00, 0x01, 0x01, 0xFA, 0x04, 0x07, 0x00, 0x01, 0x03, 0x72,
    0x03, 0xCE, 0x00, 0x01, 0x03, 0x72, 0x00, 0x00, 0x00, 0x01, 0x02, 0x4F, 0x06, 0x0A, 0x00, 0x01,
    0x02, 0x46, 0x06, 0x0C, 0x00, 0x01, 0x02, 0x0D, 0xFD, 0x97, 0x00, 0x01, 0x02, 0x46, 0x05, 0xB2,
    0x00, 0x01, 0x02, 0x58, 0x03, 0xCE, 0x00, 0x01, 0x04, 0x9C, 0x03, 0xCE, 0x00, 0x01, 0x02, 0x58,
    0x00, 0x00, 0x00, 0x01, 0x02, 0x63, 0x06, 0x0A, 0x00, 0x01, 0x02, 0x5A, 0x06, 0x0E, 0x00, 0x01,
    0x02, 0x5A, 0x05, 0x87, 0x00, 0x01, 0x01, 0xD3, 0x06, 0x0A, 0x00, 0x01, 0x02, 0x5A, 0x05, 0xEC,
    0x00, 0x01, 0x02, 0x5A, 0x05, 0xB2, 0x00, 0x01, 0x05, 0x5D, 0x00, 0x00, 0x00, 0x01, 0x07, 0x09,
    0x00, 0x0A, 0x00, 0x01, 0x05, 0x5D, 0x03, 0xCE, 0x00, 0x01, 0x04, 0x9D, 0x03, 0xCE, 0x00, 0x01,
    0x01, 0x64, 0x03, 0xCE, 0x00, 0x01, 0x00, 0xFA, 0x00, 0x00, 0x00, 0x01, 0x01, 0x6F, 0x06, 0x0A,
    0x00, 0x01, 0x01, 0x66, 0x06, 0x0C, 0x00, 0x01, 0x00, 0xC3, 0xFD, 0x97, 0x00, 0x01, 0x01, 0xB3,
    0x03, 0xCE, 0x00, 0x01, 0x01, 0xA9, 0x00, 0x00, 0x00, 0x01, 0x01, 0xBE, 0x06, 0x0A, 0x00, 0x01,
    0x01, 0xB5, 0x06, 0x0C, 0x00, 0x01, 0x01, 0xAB, 0xFE, 0x50, 0x00, 0x01, 0x01, 0x72, 0xFD, 0x97,
    0x00, 0x01, 0x01, 0x5B, 0x03, 0xCE, 0x00, 0x01, 0x02, 0x2A, 0x03, 0x7E, 0x00, 0x01, 0x01, 0x65,
    0x00, 0x00, 0x00, 0x01, 0x01, 0x67, 0xFE, 0x50, 0x00, 0x01, 0x01, 0x2E, 0xFD, 0x97, 0x00, 0x01,
    0x04, 0x13, 0x00, 0x0A, 0x00, 0x01, 0x04, 0x73, 0x03, 0xCE, 0x00, 0x01, 0x02, 0x46, 0x06, 0x0E,
    0x00, 0x01, 0x02, 0x46, 0x05, 0x87, 0x00, 0x01, 0x01, 0xBF, 0x06, 0x0A, 0x00, 0x01, 0x02, 0x46,
    0x05, 0xEC, 0x00, 0x01, 0x02, 0x46, 0x06, 0x1C, 0x00, 0x01, 0x01, 0xEA, 0x03, 0xCE, 0x00, 0x01,
    0x01, 0xEA, 0x00, 0x00, 0x00, 0x01, 0x02, 0xE4, 0x03, 0xCE, 0x00, 0x01, 0x02, 0xE4, 0x00, 0x00,
    0x00, 0x01, 0x02, 0xEF, 0x06, 0x0A, 0x00, 0x01, 0x02, 0xE6, 0x06, 0x0E, 0x00, 0x01, 0x02, 0xE6,
    0x05, 0x87, 0x00, 0x01, 0x02, 0x5F, 0x06, 0x0A, 0x00, 0x01, 0x01, 0xD6, 0x03, 0xCE, 0x00, 0x01,
    0x01, 0xD6, 0x00, 0x00, 0x00, 0x01, 0x01, 0xEF, 0x03, 0xCE, 0x00, 0x01, 0x01, 0xEF, 0x00, 0x00,
    0x00, 0x01, 0x01, 0xFA, 0x06, 0x0A, 0x00, 0x01, 0x01, 0xF0, 0x06, 0x0E, 0x00, 0x01, 0x01, 0xEE,
    0x00, 0x00, 0x00, 0x01, 0x01, 0xF1, 0x05, 0x87, 0x00, 0x01, 0x01, 0x6A, 0x06, 0x0A, 0x00, 0x01,
    0x01, 0xCF, 0x03, 0xCE, 0x00, 0x01, 0x01, 0xCF, 0x00, 0x00, 0x00, 0x01, 0x01, 0xDA, 0x06, 0x0A,
    0x00, 0x01, 0x01, 0xD1, 0x06, 0x0C, 0x00, 0x01, 0x01, 0xD1, 0x05, 0x85, 0x00, 0x01, 0x00, 0x00,
    0x00, 0x00, 0x00, 0x01, 0x01, 0x40, 0x01, 0x40, 0x00, 0x01, 0x00, 0x0C, 0x00, 0x16, 0x00, 0x02,
    0x00, 0x00, 0x00, 0x10, 0x00, 0x00, 0x00, 0x16, 0x00, 0x02, 0x00, 0x12, 0x00, 0x18, 0x00, 0x01,
    0xFF, 0x39, 0x00, 0x00, 0x00, 0x01, 0xFF, 0x2F, 0x00, 0x00, 0x00, 0x01, 0xFF, 0x3B, 0xFE, 0x50,
    0x00, 0x01, 0xFE, 0xF8, 0xFD, 0x97, 0x00, 0x01, 0x01, 0x14, 0x01, 0x30, 0x00, 0x01, 0x00, 0x0C,
    0x00, 0x3E, 0x00, 0x0C, 0x00, 0x00, 0x00, 0x4A, 0x00, 0x00, 0x00, 0x50, 0x00, 0x00, 0x00, 0x56,
    0x00, 0x00, 0x00, 0x5C, 0x00, 0x00, 0x00, 0x62, 0x00, 0x00, 0x00, 0x68, 0x00, 0x00, 0x00, 0x6E,
    0x00, 0x00, 0x00, 0x74, 0x00, 0x00, 0x00, 0x7A, 0x00, 0x00, 0x00, 0x80, 0x00, 0x00, 0x00, 0x86,
    0x00, 0x00, 0x00, 0x8C, 0x00, 0x0B, 0x00, 0x60, 0x00, 0x66, 0x00, 0x6C, 0x00, 0x72, 0x00, 0x78,
    0x00, 0x7E, 0x00, 0x84, 0x00, 0x8A, 0x00, 0x90, 0x00, 0x96, 0x00, 0x9C, 0x00, 0x01, 0xFE, 0xA4,
    0x03, 0xCE, 0x00, 0x01, 0xFE, 0xCA, 0x03, 0xCE, 0x00, 0x01, 0xFE, 0x87, 0x03, 0xCE, 0x00, 0x01,
    0xFE, 0x7E, 0x03, 0xCE, 0x00, 0x01, 0xFF, 0x2B, 0x03, 0xCE, 0x00, 0x01, 0xFE, 0x51, 0x03, 0xCE,
    0x00, 0x01, 0xFF, 0x33, 0x03, 0xCE, 0x00, 0x01, 0xFF, 0x77, 0x03, 0xCE, 0x00, 0x01, 0xFE, 0x5E,
    0x03, 0xCE, 0x00, 0x01, 0xFE, 0x57, 0x03, 0xCE, 0x00, 0x01, 0xFE, 0xE2, 0x03, 0xCE, 0x00, 0x01,
    0xFE, 0xB2, 0x03, 0xCE, 0x00, 0x01, 0xFE, 0xAF, 0x06, 0x0A, 0x00, 0x01, 0xFE, 0xCC, 0x05, 0xBE,
    0x00, 0x01, 0xFE, 0x89, 0x06, 0x0C, 0x00, 0x01, 0xFE, 0x80, 0x06, 0x0E, 0x00, 0x01, 0xFF, 0x5F,
    0x06, 0x88, 0x00, 0x01, 0xFE, 0x53, 0x05, 0x87, 0x00, 0x01, 0xFF, 0x35, 0x05, 0x85, 0x00, 0x01,
    0xFE, 0xF2, 0x06, 0x0A, 0x00, 0x01, 0xFE, 0x59, 0x05, 0xEC, 0x00, 0x01, 0xFE, 0xE4, 0x06, 0x1C,
    0x00, 0x01, 0xFE, 0xB4, 0x05, 0xB2, 0x00, 0x02, 0x00, 0x02, 0x01, 0x40, 0x01, 0x4D, 0x00, 0x00,
    0x01, 0x50, 0x01, 0x51, 0x00, 0x0E, 0x00, 0x02, 0x00, 0x04, 0x00, 0x02, 0x00, 0x3D, 0x00, 0x00,
    0x00, 0x3F, 0x00, 0x85, 0x00, 0x3C, 0x00, 0x87, 0x00, 0xC9, 0x00, 0x83, 0x00, 0xCB, 0x00, 0xE8,
    0x00, 0xC6, 0x00, 0x01, 0x00, 0x02, 0x01, 0x43, 0x01, 0x45, 0x00, 0x01, 0x00, 0x0C, 0x01, 0x40,
    0x01, 0x41, 0x01, 0x42, 0x01, 0x44, 0x01, 0x46, 0x01, 0x47, 0x01, 0x48, 0x01, 0x49, 0x01, 0x4A,
    0x01, 0x4B, 0x01, 0x4D, 0x01, 0x50, 0x00, 0x01, 0x00, 0x0B, 0x01, 0x40, 0x01, 0x41, 0x01, 0x42,
    0x01, 0x44, 0x01, 0x46, 0x01, 0x47, 0x01, 0x48, 0x01, 0x49, 0x01, 0x4B, 0x01, 0x4D, 0x01, 0x50,
    0x00, 0x01, 0x00, 0x00, 0x00, 0x0A, 0x00, 0xDA, 0x02, 0xC4, 0x00, 0x02, 0x44, 0x46, 0x4C, 0x54,
    0x00, 0x0E, 0x6C, 0x61, 0x74, 0x6E, 0x00, 0x1E, 0x00, 0x04, 0x00, 0x00, 0x00, 0x00, 0xFF, 0xFF,
    0x00, 0x03, 0x00, 0x00, 0x00, 0x0B, 0x00, 0x1D, 0x00, 0x34, 0x00, 0x08, 0x41, 0x5A, 0x45, 0x20,
    0x00, 0x42, 0x43, 0x41, 0x54, 0x20, 0x00, 0x50, 0x43, 0x52, 0x54, 0x20, 0x00, 0x5E, 0x4B, 0x41,
    0x5A, 0x20, 0x00, 0x6C, 0x4D, 0x4F, 0x4C, 0x20, 0x00, 0x7A, 0x52, 0x4F, 0x4D, 0x20, 0x00, 0x88,
    0x54, 0x41, 0x54, 0x20, 0x00, 0x96, 0x54, 0x52, 0x4B, 0x20, 0x00, 0xA4, 0x00, 0x00, 0xFF, 0xFF,
    0x00, 0x04, 0x00, 0x01, 0x00, 0x0A, 0x00, 0x0C, 0x00, 0x1E, 0x00, 0x00, 0xFF, 0xFF, 0x00, 0x04,
    0x00, 0x02, 0x00, 0x0D, 0x00, 0x15, 0x00, 0x1F, 0x00, 0x00, 0xFF, 0xFF, 0x00, 0x04, 0x00, 0x03,
    0x00, 0x0E, 0x00, 0x16, 0x00, 0x20, 0x00, 0x00, 0xFF, 0xFF, 0x00, 0x04, 0x00, 0x04, 0x00, 0x0F,
    0x00, 0x17, 0x00, 0x21, 0x00, 0x00, 0xFF, 0xFF, 0x00, 0x04, 0x00, 0x05, 0x00, 0x10, 0x00, 0x18,
    0x00, 0x22, 0x00, 0x00, 0xFF, 0xFF, 0x00, 0x04, 0x00, 0x06, 0x00, 0x11, 0x00, 0x19, 0x00, 0x23,
    0x00, 0x00, 0xFF, 0xFF, 0x00, 0x04, 0x00, 0x07, 0x00, 0x12, 0x00, 0x1A, 0x00, 0x24, 0x00, 0x00,
    0xFF, 0xFF, 0x00, 0x04, 0x00, 0x08, 0x00, 0x13, 0x00, 0x1B, 0x00, 0x25, 0x00, 0x00, 0xFF, 0xFF,
    0x00, 0x04, 0x00, 0x09, 0x00, 0x14, 0x00, 0x1C, 0x00, 0x26, 0x00, 0x27, 0x61, 0x61, 0x6C, 0x74,
    0x00, 0xEC, 0x61, 0x61, 0x6C, 0x74, 0x00, 0xF4, 0x61, 0x61, 0x6C, 0x74, 0x00, 0xFC, 0x61, 0x61,
    0x6C, 0x74, 0x01, 0x04, 0x61, 0x61, 0x6C, 0x74, 0x01, 0x0C, 0x61, 0x61, 0x6C, 0x74, 0x01, 0x14,
    0x61, 0x61, 0x6C, 0x74, 0x01, 0x1C, 0x61, 0x61, 0x6C, 0x74, 0x01, 0x24, 0x61, 0x61, 0x6C, 0x74,
    0x01, 0x2C, 0x61, 0x61, 0x6C, 0x74, 0x01, 0x34, 0x63, 0x63, 0x6D, 0x70, 0x01, 0x3C, 0x66, 0x72,
    0x61, 0x63, 0x01, 0x42, 0x66, 0x72, 0x61, 0x63, 0x01, 0x48, 0x66, 0x72, 0x61, 0x63, 0x01, 0x4E,
    0x66, 0x72, 0x61, 0x63, 0x01, 0x54, 0x66, 0x72, 0x61, 0x63, 0x01, 0x5A, 0x66, 0x72, 0x61, 0x63,
    0x01, 0x60, 0x66, 0x72, 0x61, 0x63, 0x01, 0x66, 0x66, 0x72, 0x61, 0x63, 0x01, 0x6C, 0x66, 0x72,
    0x61, 0x63, 0x01, 0x72, 0x66, 0x72, 0x61, 0x63, 0x01, 0x78, 0x6C, 0x6F, 0x63, 0x6C, 0x01, 0x7E,
    0x6C, 0x6F, 0x63, 0x6C, 0x01, 0x84, 0x6C, 0x6F, 0x63, 0x6C, 0x01, 0x8A, 0x6C, 0x6F, 0x63, 0x6C,
    0x01, 0x90, 0x6C, 0x6F, 0x63, 0x6C, 0x01, 0x96, 0x6C, 0x6F, 0x63, 0x6C, 0x01, 0x9C, 0x6C, 0x6F,
    0x63, 0x6C, 0x01, 0xA2, 0x6C, 0x6F, 0x63, 0x6C, 0x01, 0xA8, 0x73, 0x75, 0x70, 0x73, 0x01, 0xAE,
    0x73, 0x75, 0x70, 0x73, 0x01, 0xB4, 0x73, 0x75, 0x70, 0x73, 0x01, 0xBA, 0x73, 0x75, 0x70, 0x73,
    0x01, 0xC0, 0x73, 0x75, 0x70, 0x73, 0x01, 0xC6, 0x73, 0x75, 0x70, 0x73, 0x01, 0xCC, 0x73, 0x75,
    0x70, 0x73, 0x01, 0xD2, 0x73, 0x75, 0x70, 0x73, 0x01, 0xD8, 0x73, 0x75, 0x70, 0x73, 0x01, 0xDE,
    0x73, 0x75, 0x70, 0x73, 0x01, 0xE4, 0x00, 0x00, 0x00, 0x02, 0x00, 0x00, 0x00, 0x01, 0x00, 0x00,
    0x00, 0x02, 0x00, 0x00, 0x00, 0x01, 0x00, 0x00, 0x00, 0x02, 0x00, 0x00, 0x00, 0x01, 0x00, 0x00,
    0x00, 0x02, 0x00, 0x00, 0x00, 0x01, 0x00, 0x00, 0x00, 0x02, 0x00, 0x00, 0x00, 0x01, 0x00, 0x00,
    0x00, 0x02, 0x00, 0x00, 0x00, 0x01, 0x00, 0x00, 0x00, 0x02, 0x00, 0x00, 0x00, 0x01, 0x00, 0x00,
    0x00, 0x02, 0x00, 0x00, 0x00, 0x01, 0x00, 0x00, 0x00, 0x02, 0x00, 0x00, 0x00, 0x01, 0x00, 0x00,
    0x00, 0x02, 0x00, 0x00, 0x00, 0x01, 0x00, 0x00, 0x00, 0x01, 0x00, 0x02, 0x00, 0x00, 0x00, 0x01,
    0x00, 0x0C, 0x00, 0x00, 0x00, 0x01, 0x00, 0x0C, 0x00, 0x00, 0x00, 0x01, 0x00, 0x0C, 0x00, 0x00,
    0x00, 0x01, 0x00, 0x0C, 0x00, 0x00, 0x00, 0x01, 0x00, 0x0C, 0x00, 0x00, 0x00, 0x01, 0x00, 0x0C,
    0x00, 0x00, 0x00, 0x01, 0x00, 0x0C, 0x00, 0x00, 0x00, 0x01, 0x00, 0x0C, 0x00, 0x00, 0x00, 0x01,
    0x00, 0x0C, 0x00, 0x00, 0x00, 0x01, 0x00, 0x0C, 0x00, 0x00, 0x00, 0x01, 0x00, 0x0A, 0x00, 0x00,
    0x00, 0x01, 0x00, 0x03, 0x00, 0x00, 0x00, 0x01, 0x00, 0x09, 0x00, 0x00, 0x00, 0x01, 0x00, 0x06,
    0x00, 0x00, 0x00, 0x01, 0x00, 0x05, 0x00, 0x00, 0x00, 0x01, 0x00, 0x04, 0x00, 0x00, 0x00, 0x01,
    0x00, 0x07, 0x00, 0x00, 0x00, 0x01, 0x00, 0x08, 0x00, 0x00, 0x00, 0x01, 0x00, 0x0B, 0x00, 0x00,
    0x00, 0x01, 0x00, 0x0B, 0x00, 0x00, 0x00, 0x01, 0x00, 0x0B, 0x00, 0x00, 0x00, 0x01, 0x00, 0x0B,
    0x00, 0x00, 0x00, 0x01, 0x00, 0x0B, 0x00, 0x00, 0x00, 0x01, 0x00, 0x0B, 0x00, 0x00, 0x00, 0x01,
    0x00, 0x0B, 0x00, 0x00, 0x00, 0x01, 0x00, 0x0B, 0x00, 0x00, 0x00, 0x01, 0x00, 0x0B, 0x00, 0x00,
    0x00, 0x01, 0x00, 0x0B, 0x00, 0x0F, 0x00, 0x20, 0x00, 0x28, 0x00, 0x30, 0x00, 0x3A, 0x00, 0x44,
    0x00, 0x4C, 0x00, 0x54, 0x00, 0x5C, 0x00, 0x64, 0x00, 0x6C, 0x00, 0x74, 0x00, 0x7C, 0x00, 0x84,
    0x00, 0x8C, 0x00, 0x94, 0x00, 0x01, 0x00, 0x00, 0x00, 0x01, 0x01, 0x26, 0x00, 0x03, 0x00, 0x00,
    0x00, 0x01, 0x01, 0x34, 0x00, 0x06, 0x00, 0x00, 0x00, 0x02, 0x00, 0x6C, 0x00, 0x7E, 0x00, 0x06,
    0x00, 0x00, 0x00, 0x02, 0x00, 0x88, 0x00, 0x9C, 0x00, 0x01, 0x00, 0x00, 0x00, 0x01, 0x00, 0xA6,
    0x00, 0x01, 0x00, 0x00, 0x00, 0x01, 0x00, 0xA4, 0x00, 0x01, 0x00, 0x00, 0x00, 0x01, 0x00, 0xA2,
    0x00, 0x01, 0x00, 0x00, 0x00, 0x01, 0x00, 0xA0, 0x00, 0x01, 0x00, 0x00, 0x00, 0x01, 0x00, 0x9E,
    0x00, 0x01, 0x00, 0x00, 0x00, 0x01, 0x00, 0x9C, 0x00, 0x01, 0x00, 0x00, 0x00, 0x01, 0x00, 0x9A,
    0x00, 0x01, 0x00, 0x00, 0x00, 0x01, 0x00, 0x98, 0x00, 0x04, 0x00, 0x00, 0x00, 0x01, 0x00, 0x96,
    0x00, 0x01, 0x00, 0x00, 0x00, 0x01, 0x00, 0xDE, 0x00, 0x04, 0x00, 0x00, 0x00, 0x01, 0x00, 0xDC,
    0x00, 0x03, 0x00, 0x00, 0x00, 0x01, 0x00, 0xF2, 0x00, 0x01, 0x00, 0xFA, 0x00, 0x01, 0x00, 0x00,
    0x00, 0x0D, 0x00, 0x03, 0x00, 0x00, 0x00, 0x01, 0x00, 0xE0, 0x00, 0x02, 0x01, 0x04, 0x00, 0xE8,
    0x00, 0x01, 0x00, 0x00, 0x00, 0x0D, 0x00, 0x03, 0x00, 0x00, 0x00, 0x02, 0x00, 0xFC, 0x01, 0x02,
    0x00, 0x01, 0x00, 0xFC, 0x00, 0x01, 0x00, 0x00, 0x00, 0x0E, 0x00, 0x03, 0x00, 0x00, 0x00, 0x02,
    0x00, 0xF4, 0x00, 0xEE, 0x00, 0x01, 0x00, 0xF4, 0x00, 0x01, 0x00, 0x00, 0x00, 0x0E, 0x00, 0x01,
    0x00, 0xE6, 0x00, 0x01, 0x00, 0x01, 0x00, 0xE0, 0x00, 0x01, 0x00, 0x01, 0x00, 0xE6, 0x00, 0x05,
    0x00, 0x01, 0x00, 0xE0, 0x00, 0x05, 0x00, 0x01, 0x00, 0xDA, 0x00, 0x05, 0x00, 0x01, 0x00, 0xD4,
    0x00, 0x05, 0x00, 0x01, 0x00, 0xCE, 0x00, 0x05, 0x00, 0x01, 0x00, 0xCE, 0x00, 0x0C, 0x00, 0x01,
    0x00, 0xD2, 0x00, 0x02, 0x00, 0x0A, 0x00, 0x20, 0x00, 0x02, 0x00, 0x06, 0x00, 0x0E, 0x00, 0xF3,
    0x00, 0x03, 0x01, 0x09, 0x00, 0xEB, 0x00, 0xF4, 0x00, 0x03, 0x01, 0x09, 0x00, 0xED, 0x00, 0x01,
    0x00, 0x04, 0x00, 0xF5, 0x00, 0x03, 0x01, 0x09, 0x00, 0xED, 0x00, 0x02, 0x00, 0xAE, 0x00, 0x08,
    0x00, 0x55, 0x00, 0x5A, 0x00, 0xA4, 0x00, 0xC9, 0x00, 0xCF, 0x00, 0xF6, 0x00, 0xF7, 0x00, 0xF8,
    0x00, 0x01, 0x00, 0x80, 0x00, 0x01, 0x00, 0x08, 0x00, 0x02, 0x00, 0x9A, 0x00, 0x9E, 0x00, 0x01,
    0x00, 0x24, 0x00, 0x01, 0x00, 0x01, 0x00, 0x98, 0x00, 0x02, 0x00, 0x0A, 0x00, 0x14, 0x00, 0x01,
    0x00, 0x04, 0x00, 0x37, 0x00, 0x02, 0x00, 0xFB, 0x00, 0x01, 0x00, 0x04, 0x00, 0xAB, 0x00, 0x02,
    0x00, 0xFB, 0x00, 0x01, 0x00, 0x02, 0x00, 0x99, 0x00, 0xA3, 0x00, 0x01, 0x00, 0x0C, 0x01, 0x40,
    0x01, 0x41, 0x01, 0x42, 0x01, 0x44, 0x01, 0x46, 0x01, 0x47, 0x01, 0x48, 0x01, 0x49, 0x01, 0x4A,
    0x01, 0x4B, 0x01, 0x4D, 0x01, 0x50, 0x00, 0x01, 0x00, 0x04, 0x01, 0x43, 0x01, 0x4C, 0x01, 0x4E,
    0x01, 0x4F, 0x00, 0x01, 0x00, 0x01, 0x00, 0xA7, 0x00, 0x01, 0x00, 0x01, 0x00, 0xFB, 0x00, 0x01,
    0x00, 0x01, 0x00, 0x33, 0x00, 0x01, 0x00, 0x04, 0x00, 0x54, 0x00, 0x59, 0x00, 0xC8, 0x00, 0xCE,
    0x00, 0x01, 0x00, 0x01, 0x00, 0x99, 0x00, 0x02, 0x00, 0x01, 0x00, 0xEA, 0x00, 0xEC, 0x00, 0x00,
    0x00, 0x01, 0x00, 0x02, 0x00, 0xEA, 0x00, 0xEC, 0x00, 0x01, 0x00, 0x08, 0x00, 0x54, 0x00, 0x59,
    0x00, 0xA3, 0x00, 0xC8, 0x00, 0xCE, 0x00, 0xEA, 0x00, 0xEB, 0x00, 0xEC, 0x00, 0x01, 0x00, 0x02,
    0x00, 0x33, 0x00, 0xA7, 0x00, 0x00, 0x00, 0x01, 0x00, 0x01, 0x00, 0x01, 0x00, 0x00, 0x00, 0x01,
    0x00, 0x00, 0x1A, 0xC7, 0x00, 0x00, 0x00, 0x14, 0x00, 0x00, 0x00, 0x00, 0x00, 0x00, 0x1A, 0xBF,
    0x30, 0x82, 0x1A, 0xBB, 0x06, 0x09, 0x2A, 0x86, 0x48, 0x86, 0xF7, 0x0D, 0x01, 0x07, 0x02, 0xA0,
    0x82, 0x1A, 0xAC, 0x30, 0x82, 0x1A, 0xA8, 0x02, 0x01, 0x01, 0x31, 0x0B, 0x30, 0x09, 0x06, 0x05,
    0x2B, 0x0E, 0x03, 0x02, 0x1A, 0x05, 0x00, 0x30, 0x61, 0x06, 0x0A, 0x2B, 0x06, 0x01, 0x04, 0x01,
    0x82, 0x37, 0x02, 0x01, 0x04, 0xA0, 0x53, 0x30, 0x51, 0x30, 0x2C, 0x06, 0x0A, 0x2B, 0x06, 0x01,
    0x04, 0x01, 0x82, 0x37, 0x02, 0x01, 0x1C, 0xA2, 0x1E, 0x80, 0x1C, 0x00, 0x3C, 0x00, 0x3C, 0x00,
    0x3C, 0x00, 0x4F, 0x00, 0x62, 0x00, 0x73, 0x00, 0x6F, 0x00, 0x6C, 0x00, 0x65, 0x00, 0x74, 0x00,
    0x65, 0x00, 0x3E, 0x00, 0x3E, 0x00, 0x3E, 0x30, 0x21, 0x30, 0x09, 0x06, 0x05, 0x2B, 0x0E, 0x03,
    0x02, 0x1A, 0x05, 0x00, 0x04, 0x14, 0xFC, 0x3E, 0x6B, 0x06, 0x73, 0xE6, 0x5C, 0x9A, 0x90, 0x2F,
    0xEE, 0xDE, 0xD7, 0x67, 0x98, 0x5A, 0xC0, 0xB5, 0xA8, 0x8D, 0xA0, 0x82, 0x15, 0x82, 0x30, 0x82,
    0x04, 0xC3, 0x30, 0x82, 0x03, 0xAB, 0xA0, 0x03, 0x02, 0x01, 0x02, 0x02, 0x13, 0x33, 0x00, 0x00,
    0x00, 0x6F, 0x65, 0x2D, 0x58, 0x6D, 0x07, 0x11, 0x46, 0x28, 0x00, 0x00, 0x00, 0x00, 0x00, 0x6F,
    0x30, 0x0D, 0x06, 0x09, 0x2A, 0x86, 0x48, 0x86, 0xF7, 0x0D, 0x01, 0x01, 0x05, 0x05, 0x00, 0x30,
    0x77, 0x31, 0x0B, 0x30, 0x09, 0x06, 0x03, 0x55, 0x04, 0x06, 0x13, 0x02, 0x55, 0x53, 0x31, 0x13,
    0x30, 0x11, 0x06, 0x03, 0x55, 0x04, 0x08, 0x13, 0x0A, 0x57, 0x61, 0x73, 0x68, 0x69, 0x6E, 0x67,
    0x74, 0x6F, 0x6E, 0x31, 0x10, 0x30, 0x0E, 0x06, 0x03, 0x55, 0x04, 0x07, 0x13, 0x07, 0x52, 0x65,
    0x64, 0x6D, 0x6F, 0x6E, 0x64, 0x31, 0x1E, 0x30, 0x1C, 0x06, 0x03, 0x55, 0x04, 0x0A, 0x13, 0x15,
    0x4D, 0x69, 0x63, 0x72, 0x6F, 0x73, 0x6F, 0x66, 0x74, 0x20, 0x43, 0x6F, 0x72, 0x70, 0x6F, 0x72,
    0x61, 0x74, 0x69, 0x6F, 0x6E, 0x31, 0x21, 0x30, 0x1F, 0x06, 0x03, 0x55, 0x04, 0x03, 0x13, 0x18,
    0x4D, 0x69, 0x63, 0x72, 0x6F, 0x73, 0x6F, 0x66, 0x74, 0x20, 0x54, 0x69, 0x6D, 0x65, 0x2D, 0x53,
    0x74, 0x61, 0x6D, 0x70, 0x20, 0x50, 0x43, 0x41, 0x30, 0x1E, 0x17, 0x0D, 0x31, 0x35, 0x30, 0x33,
    0x32, 0x30, 0x31, 0x37, 0x33, 0x32, 0x30, 0x32, 0x5A, 0x17, 0x0D, 0x31, 0x36, 0x30, 0x36, 0x32,
    0x30, 0x31, 0x37, 0x33, 0x32, 0x30, 0x32, 0x5A, 0x30, 0x81, 0xB3, 0x31, 0x0B, 0x30, 0x09, 0x06,
    0x03, 0x55, 0x04, 0x06, 0x13, 0x02, 0x55, 0x53, 0x31, 0x13, 0x30, 0x11, 0x06, 0x03, 0x55, 0x04,
    0x08, 0x13, 0x0A, 0x57, 0x61, 0x73, 0x68, 0x69, 0x6E, 0x67, 0x74, 0x6F, 0x6E, 0x31, 0x10, 0x30,
    0x0E, 0x06, 0x03, 0x55, 0x04, 0x07, 0x13, 0x07, 0x52, 0x65, 0x64, 0x6D, 0x6F, 0x6E, 0x64, 0x31,
    0x1E, 0x30, 0x1C, 0x06, 0x03, 0x55, 0x04, 0x0A, 0x13, 0x15, 0x4D, 0x69, 0x63, 0x72, 0x6F, 0x73,
    0x6F, 0x66, 0x74, 0x20, 0x43, 0x6F, 0x72, 0x70, 0x6F, 0x72, 0x61, 0x74, 0x69, 0x6F, 0x6E, 0x31,
    0x0D, 0x30, 0x0B, 0x06, 0x03, 0x55, 0x04, 0x0B, 0x13, 0x04, 0x4D, 0x4F, 0x50, 0x52, 0x31, 0x27,
    0x30, 0x25, 0x06, 0x03, 0x55, 0x04, 0x0B, 0x13, 0x1E, 0x6E, 0x43, 0x69, 0x70, 0x68, 0x65, 0x72,
    0x20, 0x44, 0x53, 0x45, 0x20, 0x45, 0x53, 0x4E, 0x3A, 0x43, 0x30, 0x46, 0x34, 0x2D, 0x33, 0x30,
    0x38, 0x36, 0x2D, 0x44, 0x45, 0x46, 0x38, 0x31, 0x25, 0x30, 0x23, 0x06, 0x03, 0x55, 0x04, 0x03,
    0x13, 0x1C, 0x4D, 0x69, 0x63, 0x72, 0x6F, 0x73, 0x6F, 0x66, 0x74, 0x20, 0x54, 0x69, 0x6D, 0x65,
    0x2D, 0x53, 0x74, 0x61, 0x6D, 0x70, 0x20, 0x53, 0x65, 0x72, 0x76, 0x69, 0x63, 0x65, 0x30, 0x82,
    0x01, 0x22, 0x30, 0x0D, 0x06, 0x09, 0x2A, 0x86, 0x48, 0x86, 0xF7, 0x0D, 0x01, 0x01, 0x01, 0x05,
    0x00, 0x03, 0x82, 0x01, 0x0F, 0x00, 0x30, 0x82, 0x01, 0x0A, 0x02, 0x82, 0x01, 0x01, 0x00, 0xCF,
    0xE6, 0x6D, 0xCD, 0xC1, 0x2A, 0xCD, 0xAE, 0xA8, 0x5E, 0xD8, 0x95, 0x4F, 0x2D, 0x03, 0x43, 0x47,
    0x73, 0x3B, 0xB8, 0x42, 0xD2, 0xD0, 0x57, 0x9A, 0xDD, 0xF6, 0x53, 0x36, 0x77, 0xD5, 0x88, 0x45,
    0x24, 0x6A, 0xC8, 0xAB, 0xD0, 0x66, 0xE9, 0x8B, 0xC5, 0xAA, 0x0F, 0x9E, 0xF2, 0x83, 0x46, 0xB6,
    0x2A, 0xC9, 0xD8, 0x36, 0xC6, 0xF4, 0xA0, 0xFF, 0x11, 0x6F, 0x66, 0xF0, 0x5E, 0x14, 0x19, 0xB2,
    0xB1, 0x67, 0xF8, 0xF1, 0x5E, 0x94, 0x86, 0xAA, 0x8E, 0x25, 0xAF, 0xF8, 0x35, 0x13, 0xFD, 0x82,
    0x2F, 0xC7, 0x38, 0x5E, 0x53, 0xC0, 0x76, 0x1C, 0xC5, 0xD3, 0x79, 0x3B, 0xB0, 0x63, 0xEB, 0x4F,
    0x93, 0x9A, 0x05, 0xF0, 0xA2, 0x17, 0x71, 0xDC, 0xC6, 0x0C, 0x96, 0xD3, 0x00, 0x05, 0x2E, 0x4C,
    0x6D, 0x58, 0xB3, 0x7F, 0xB4, 0x2C, 0x24, 0x70, 0x7B, 0x96, 0x69, 0x2C, 0x6C, 0x8A, 0x78, 0x09,
    0x6D, 0x49, 0x99, 0x8E, 0x3A, 0x3E, 0x66, 0x95, 0x8F, 0x4F, 0x7F, 0x78, 0x1B, 0x60, 0x7B, 0x57,
    0xC9, 0x51, 0xF4, 0x4B, 0x6D, 0x51, 0xC3, 0x34, 0xB7, 0xF8, 0x3A, 0x0A, 0xD6, 0x11, 0xDF, 0xC3,
    0x3A, 0xA5, 0x1E, 0xA0, 0x38, 0xDC, 0xEB, 0xAD, 0xAA, 0xF8, 0x43, 0xC4, 0x83, 0x9A, 0x8D, 0x97,
    0x34, 0x03, 0x34, 0x04, 0x1A, 0xEF, 0xAD, 0x54, 0x36, 0xA4, 0xD4, 0x1A, 0x2C, 0xFD, 0xC3, 0x6E,
    0xF0, 0x78, 0xE7, 0x29, 0xF1, 0xB9, 0x44, 0xC0, 0x71, 0xB4, 0x2F, 0xC4, 0x10, 0x8B, 0x0C, 0xF7,
    0x36, 0x62, 0x79, 0xFD, 0x07, 0x57, 0x7D, 0xEA, 0x05, 0x7C, 0x4C, 0x9F, 0x4E, 0x30, 0x3F, 0x27,
    0x50, 0x38, 0x66, 0x06, 0xBB, 0x5D, 0xA8, 0x3E, 0xC5, 0x90, 0xDB, 0xDF, 0x3C, 0x76, 0x56, 0xAD,
    0x95, 0x20, 0x34, 0x53, 0x72, 0xED, 0x69, 0x59, 0x6E, 0xF0, 0x54, 0x1F, 0x40, 0xD5, 0x39, 0x02,
    0x03, 0x01, 0x00, 0x01, 0xA3, 0x82, 0x01, 0x09, 0x30, 0x82, 0x01, 0x05, 0x30, 0x1D, 0x06, 0x03,
    0x55, 0x1D, 0x0E, 0x04, 0x16, 0x04, 0x14, 0xF2, 0xA6, 0x49, 0x29, 0x78, 0x7C, 0x57, 0x70, 0x52,
    0x62, 0xCF, 0xED, 0xAC, 0xB7, 0x7B, 0x20, 0x34, 0x47, 0xDC, 0xFD, 0x30, 0x1F, 0x06, 0x03, 0x55,
    0x1D, 0x23, 0x04, 0x18, 0x30, 0x16, 0x80, 0x14, 0x23, 0x34, 0xF8, 0xD9, 0x52, 0x46, 0x70, 0x0A,
    0xED, 0x40, 0xFB, 0x76, 0xFB, 0xB3, 0x2B, 0xB0, 0xC3, 0x35, 0xB3, 0x0F, 0x30, 0x54, 0x06, 0x03,
    0x55, 0x1D, 0x1F, 0x04, 0x4D, 0x30, 0x4B, 0x30, 0x49, 0xA0, 0x47, 0xA0, 0x45, 0x86, 0x43, 0x68,
    0x74, 0x74, 0x70, 0x3A, 0x2F, 0x2F, 0x63, 0x72, 0x6C, 0x2E, 0x6D, 0x69, 0x63, 0x72, 0x6F, 0x73,
    0x6F, 0x66, 0x74, 0x2E, 0x63, 0x6F, 0x6D, 0x2F, 0x70, 0x6B, 0x69, 0x2F, 0x63, 0x72, 0x6C, 0x2F,
    0x70, 0x72, 0x6F, 0x64, 0x75, 0x63, 0x74, 0x73, 0x2F, 0x4D, 0x69, 0x63, 0x72, 0x6F, 0x73, 0x6F,
    0x66, 0x74, 0x54, 0x69, 0x6D, 0x65, 0x53, 0x74, 0x61, 0x6D, 0x70, 0x50, 0x43, 0x41, 0x2E, 0x63,
    0x72, 0x6C, 0x30, 0x58, 0x06, 0x08, 0x2B, 0x06, 0x01, 0x05, 0x05, 0x07, 0x01, 0x01, 0x04, 0x4C,
    0x30, 0x4A, 0x30, 0x48, 0x06, 0x08, 0x2B, 0x06, 0x01, 0x05, 0x05, 0x07, 0x30, 0x02, 0x86, 0x3C,
    0x68, 0x74, 0x74, 0x70, 0x3A, 0x2F, 0x2F, 0x77, 0x77, 0x77, 0x2E, 0x6D, 0x69, 0x63, 0x72, 0x6F,
    0x73, 0x6F, 0x66, 0x74, 0x2E, 0x63, 0x6F, 0x6D, 0x2F, 0x70, 0x6B, 0x69, 0x2F, 0x63, 0x65, 0x72,
    0x74, 0x73, 0x2F, 0x4D, 0x69, 0x63, 0x72, 0x6F, 0x73, 0x6F, 0x66, 0x74, 0x54, 0x69, 0x6D, 0x65,
    0x53, 0x74, 0x61, 0x6D, 0x70, 0x50, 0x43, 0x41, 0x2E, 0x63, 0x72, 0x74, 0x30, 0x13, 0x06, 0x03,
    0x55, 0x1D, 0x25, 0x04, 0x0C, 0x30, 0x0A, 0x06, 0x08, 0x2B, 0x06, 0x01, 0x05, 0x05, 0x07, 0x03,
    0x08, 0x30, 0x0D, 0x06, 0x09, 0x2A, 0x86, 0x48, 0x86, 0xF7, 0x0D, 0x01, 0x01, 0x05, 0x05, 0x00,
    0x03, 0x82, 0x01, 0x01, 0x00, 0x8D, 0xB3, 0x4C, 0xB6, 0xD8, 0xEC, 0x0D, 0x87, 0x86, 0x19, 0x5E,
    0xE4, 0x00, 0xE7, 0x97, 0xB8, 0xD5, 0xCF, 0x4C, 0x0A, 0x3C, 0xBD, 0xF7, 0x55, 0xD3, 0xF4, 0xF0,
    0xA0, 0xAF, 0x55, 0x72, 0x9C, 0x23, 0x97, 0xB9, 0x82, 0x2A, 0xC7, 0x16, 0x0A, 0xC5, 0x27, 0x13,
    0x59, 0xD0, 0xDA, 0x30, 0x2B, 0x88, 0x42, 0xBA, 0x52, 0x03, 0xE6, 0x5E, 0xC9, 0x25, 0x68, 0x27,
    0x27, 0x8D, 0x64, 0xA7, 0x6D, 0xF9, 0xB7, 0x9A, 0x6A, 0xAB, 0x3E, 0xAC, 0x42, 0xD0, 0x1E, 0x24,
    0x26, 0xCC, 0x54, 0xAF, 0xF6, 0x90, 0x81, 0x6B, 0x1E, 0xAD, 0x43, 0x9F, 0x1B, 0x7B, 0x10, 0x57,
    0x6A, 0x32, 0x36, 0x31, 0xA2, 0x44, 0x68, 0x01, 0x98, 0x5A, 0x2B, 0x12, 0xB4, 0x89, 0x31, 0xF6,
    0x4C, 0x0C, 0xAE, 0x15, 0x3C, 0xB7, 0x24, 0x24, 0x5D, 0xBB, 0xFF, 0x7C, 0x53, 0x4C, 0x84, 0xC4,
    0x0D, 0xCD, 0x46, 0x77, 0x7E, 0x29, 0xCA, 0x9F, 0xB2, 0x46, 0x62, 0x82, 0xB4, 0x34, 0xC7, 0xF5,
    0x12, 0x69, 0x5C, 0xAD, 0x79, 0xCD, 0x31, 0xEE, 0xE9, 0x47, 0x8E, 0xF8, 0xFC, 0x53, 0xF3, 0xE4,
    0x02, 0x90, 0x51, 0x6B, 0xCE, 0xFA, 0x9D, 0xE3, 0x85, 0xBF, 0x59, 0x80, 0x59, 0x10, 0xD5, 0x67,
    0xA3, 0x4C, 0xA6, 0xF2, 0xE4, 0xA0, 0xB4, 0xD8, 0xC1, 0x3A, 0xA1, 0x6A, 0x48, 0xA6, 0x88, 0xCE,
    0x70, 0xF6, 0xA9, 0x9C, 0xDE, 0xF3, 0x53, 0x93, 0x3D, 0x70, 0x71, 0x00, 0xFF, 0xBE, 0xEB, 0x7C,
    0xFC, 0xFF, 0x08, 0x63, 0x0F, 0x4B, 0x51, 0x59, 0xAB, 0x15, 0x19, 0x90, 0x74, 0x1E, 0xFF, 0xBB,
    0xBD, 0xAA, 0x35, 0x9B, 0x3D, 0x9E, 0xF3, 0x10, 0x14, 0xD5, 0x7A, 0xF6, 0x1F, 0xD6, 0xE2, 0x75,
    0xF3, 0x92, 0x74, 0x0D, 0xAD, 0x16, 0xD9, 0x12, 0xCF, 0xA1, 0x9B, 0xAD, 0xD2, 0x12, 0xEA, 0x00,
    0x3B, 0x23, 0x15, 0x0C, 0xCF, 0x30, 0x82, 0x04, 0xEC, 0x30, 0x82, 0x03, 0xD4, 0xA0, 0x03, 0x02,
    0x01, 0x02, 0x02, 0x13, 0x33, 0x00, 0x00, 0x00, 0xCA, 0x6C, 0xD5, 0x32, 0x12, 0x35, 0xC4, 0xE1,
    0x55, 0x00, 0x01, 0x00, 0x00, 0x00, 0xCA, 0x30, 0x0D, 0x06, 0x09, 0x2A, 0x86, 0x48, 0x86, 0xF7,
    0x0D, 0x01, 0x01, 0x05, 0x05, 0x00, 0x30, 0x79, 0x31, 0x0B, 0x30, 0x09, 0x06, 0x03, 0x55, 0x04,
    0x06, 0x13, 0x02, 0x55, 0x53, 0x31, 0x13, 0x30, 0x11, 0x06, 0x03, 0x55, 0x04, 0x08, 0x13, 0x0A,
    0x57, 0x61, 0x73, 0x68, 0x69, 0x6E, 0x67, 0x74, 0x6F, 0x6E, 0x31, 0x10, 0x30, 0x0E, 0x06, 0x03,
    0x55, 0x04, 0x07, 0x13, 0x07, 0x52, 0x65, 0x64, 0x6D, 0x6F, 0x6E, 0x64, 0x31, 0x1E, 0x30, 0x1C,
    0x06, 0x03, 0x55, 0x04, 0x0A, 0x13, 0x15, 0x4D, 0x69, 0x63, 0x72, 0x6F, 0x73, 0x6F, 0x66, 0x74,
    0x20, 0x43, 0x6F, 0x72, 0x70, 0x6F, 0x72, 0x61, 0x74, 0x69, 0x6F, 0x6E, 0x31, 0x23, 0x30, 0x21,
    0x06, 0x03, 0x55, 0x04, 0x03, 0x13, 0x1A, 0x4D, 0x69, 0x63, 0x72, 0x6F, 0x73, 0x6F, 0x66, 0x74,
    0x20, 0x43, 0x6F, 0x64, 0x65, 0x20, 0x53, 0x69, 0x67, 0x6E, 0x69, 0x6E, 0x67, 0x20, 0x50, 0x43,
    0x41, 0x30, 0x1E, 0x17, 0x0D, 0x31, 0x34, 0x30, 0x34, 0x32, 0x32, 0x31, 0x37, 0x33, 0x39, 0x30,
    0x30, 0x5A, 0x17, 0x0D, 0x31, 0x35, 0x30, 0x37, 0x32, 0x32, 0x31, 0x37, 0x33, 0x39, 0x30, 0x30,
    0x5A, 0x30, 0x81, 0x83, 0x31, 0x0B, 0x30, 0x09, 0x06, 0x03, 0x55, 0x04, 0x06, 0x13, 0x02, 0x55,
    0x53, 0x31, 0x13, 0x30, 0x11, 0x06, 0x03, 0x55, 0x04, 0x08, 0x13, 0x0A, 0x57, 0x61, 0x73, 0x68,
    0x69, 0x6E, 0x67, 0x74, 0x6F, 0x6E, 0x31, 0x10, 0x30, 0x0E, 0x06, 0x03, 0x55, 0x04, 0x07, 0x13,
    0x07, 0x52, 0x65, 0x64, 0x6D, 0x6F, 0x6E, 0x64, 0x31, 0x1E, 0x30, 0x1C, 0x06, 0x03, 0x55, 0x04,
    0x0A, 0x13, 0x15, 0x4D, 0x69, 0x63, 0x72, 0x6F, 0x73, 0x6F, 0x66, 0x74, 0x20, 0x43, 0x6F, 0x72,
    0x70, 0x6F, 0x72, 0x61, 0x74, 0x69, 0x6F, 0x6E, 0x31, 0x0D, 0x30, 0x0B, 0x06, 0x03, 0x55, 0x04,
    0x0B, 0x13, 0x04, 0x4D, 0x4F, 0x50, 0x52, 0x31, 0x1E, 0x30, 0x1C, 0x06, 0x03, 0x55, 0x04, 0x03,
    0x13, 0x15, 0x4D, 0x69, 0x63, 0x72, 0x6F, 0x73, 0x6F, 0x66, 0x74, 0x20, 0x43, 0x6F, 0x72, 0x70,
    0x6F, 0x72, 0x61, 0x74, 0x69, 0x6F, 0x6E, 0x30, 0x82, 0x01, 0x22, 0x30, 0x0D, 0x06, 0x09, 0x2A,
    0x86, 0x48, 0x86, 0xF7, 0x0D, 0x01, 0x01, 0x01, 0x05, 0x00, 0x03, 0x82, 0x01, 0x0F, 0x00, 0x30,
    0x82, 0x01, 0x0A, 0x02, 0x82, 0x01, 0x01, 0x00, 0x96, 0x71, 0x5D, 0xED, 0x06, 0x46, 0xFA, 0x84,
    0xCB, 0x9D, 0x5B, 0xB7, 0x46, 0xC7, 0xB0, 0xE1, 0xB4, 0x11, 0x39, 0x03, 0xAD, 0xB1, 0x15, 0x73,
    0x60, 0x9C, 0xEB, 0xA7, 0xB6, 0x6E, 0x1A, 0x3C, 0x3F, 0xFF, 0x65, 0xE3, 0x34, 0xF1, 0xA6, 0xA5,
    0x21, 0x5E, 0x56, 0x99, 0x6C, 0x58, 0xE4, 0x92, 0xA1, 0x0A, 0x5C, 0xC2, 0xD3, 0xDC, 0x52, 0x2F,
    0x0C, 0x65, 0x9A, 0x20, 0x61, 0x40, 0x53, 0x31, 0x9C, 0x6C, 0x8F, 0x21, 0x7D, 0xBA, 0xF9, 0xFE,
    0x13, 0x50, 0x52, 0x60, 0x95, 0x3A, 0x5B, 0xB9, 0x58, 0xA5, 0x74, 0x61, 0x41, 0xA9, 0x94, 0xE0,
    0xAD, 0x26, 0x4E, 0x4C, 0xA1, 0x97, 0x70, 0x49, 0x27, 0x5E, 0x7C, 0x67, 0xCA, 0x4F, 0x1E, 0x71,
    0x84, 0x46, 0xBC, 0x1D, 0x4B, 0xB6, 0xE2, 0x0F, 0xC5, 0xC6, 0x27, 0xC9, 0x07, 0xE6, 0x7A, 0x0A,
    0xA5, 0x17, 0x00, 0x19, 0x4C, 0x70, 0x45, 0x38, 0x2D, 0x81, 0xB4, 0x50, 0xAA, 0xC5, 0x67, 0xD1,
    0xFA, 0x79, 0xBC, 0xC5, 0xCC, 0xA1, 0x72, 0x9B, 0xF4, 0x25, 0x34, 0x98, 0xF8, 0x54, 0xDF, 0x12,
    0x39, 0x38, 0x12, 0x2F, 0xA4, 0x6B, 0xA5, 0x9A, 0x7E, 0xC7, 0x62, 0xD1, 0xDC, 0xCF, 0xED, 0x3D,
    0x34, 0xF8, 0xB9, 0xDF, 0x35, 0x30, 0xBA, 0xEC, 0x79, 0x32, 0xA9, 0xE1, 0xA9, 0xAC, 0x55, 0x4D,
    0x4C, 0x7F, 0x4C, 0x56, 0xC3, 0x13, 0x0B, 0x76, 0xF1, 0x07, 0xF9, 0xCC, 0x47, 0xAC, 0xFB, 0x88,
    0xD5, 0x52, 0xA5, 0x1E, 0x28, 0xFA, 0x3D, 0x2D, 0xCF, 0xCF, 0x84, 0x98, 0x86, 0x71, 0x65, 0x11,
    0xCF, 0x85, 0xC9, 0x09, 0x44, 0x86, 0xE1, 0x6F, 0xE7, 0xB1, 0xFC, 0xAC, 0x40, 0x44, 0xA5, 0xA9,
    0x8B, 0x23, 0x3F, 0x82, 0x49, 0x9D, 0xD5, 0x96, 0x59, 0x50, 0x13, 0x59, 0x18, 0x73, 0xFF, 0x43,
    0x0C, 0xAD, 0x2B, 0xD4, 0x7F, 0x30, 0x40, 0x67, 0x02, 0x03, 0x01, 0x00, 0x01, 0xA3, 0x82, 0x01,
    0x60, 0x30, 0x82, 0x01, 0x5C, 0x30, 0x13, 0x06, 0x03, 0x55, 0x1D, 0x25, 0x04, 0x0C, 0x30, 0x0A,
    0x06, 0x08, 0x2B, 0x06, 0x01, 0x05, 0x05, 0x07, 0x03, 0x03, 0x30, 0x1D, 0x06, 0x03, 0x55, 0x1D,
    0x0E, 0x04, 0x16, 0x04, 0x14, 0x1F, 0x5E, 0xE2, 0x5D, 0x50, 0x8D, 0x56, 0x86, 0xBE, 0x4A, 0x3C,
    0xCF, 0x04, 0xE8, 0xA7, 0x87, 0xB5, 0xCB, 0xBF, 0x83, 0x30, 0x51, 0x06, 0x03, 0x55, 0x1D, 0x11,
    0x04, 0x4A, 0x30, 0x48, 0xA4, 0x46, 0x30, 0x44, 0x31, 0x0D, 0x30, 0x0B, 0x06, 0x03, 0x55, 0x04,
    0x0B, 0x13, 0x04, 0x4D, 0x4F, 0x50, 0x52, 0x31, 0x33, 0x30, 0x31, 0x06, 0x03, 0x55, 0x04, 0x05,
    0x13, 0x2A, 0x33, 0x31, 0x35, 0x39, 0x35, 0x2B, 0x62, 0x34, 0x32, 0x31, 0x38, 0x66, 0x31, 0x33,
    0x2D, 0x36, 0x66, 0x63, 0x61, 0x2D, 0x34, 0x39, 0x30, 0x66, 0x2D, 0x39, 0x63, 0x34, 0x37, 0x2D,
    0x33, 0x66, 0x63, 0x35, 0x35, 0x37, 0x64, 0x66, 0x63, 0x34, 0x34, 0x30, 0x30, 0x1F, 0x06, 0x03,
    0x55, 0x1D, 0x23, 0x04, 0x18, 0x30, 0x16, 0x80, 0x14, 0xCB, 0x11, 0xE8, 0xCA, 0xD2, 0xB4, 0x16,
    0x58, 0x01, 0xC9, 0x37, 0x2E, 0x33, 0x16, 0x16, 0xB9, 0x4C, 0x9A, 0x0A, 0x1F, 0x30, 0x56, 0x06,
    0x03, 0x55, 0x1D, 0x1F, 0x04, 0x4F, 0x30, 0x4D, 0x30, 0x4B, 0xA0, 0x49, 0xA0, 0x47, 0x86, 0x45,
    0x68, 0x74, 0x74, 0x70, 0x3A, 0x2F, 0x2F, 0x63, 0x72, 0x6C, 0x2E, 0x6D, 0x69, 0x63, 0x72, 0x6F,
    0x73, 0x6F, 0x66, 0x74, 0x2E, 0x63, 0x6F, 0x6D, 0x2F, 0x70, 0x6B, 0x69, 0x2F, 0x63, 0x72, 0x6C,
    0x2F, 0x70, 0x72, 0x6F, 0x64, 0x75, 0x63, 0x74, 0x73, 0x2F, 0x4D, 0x69, 0x63, 0x43, 0x6F, 0x64,
    0x53, 0x69, 0x67, 0x50, 0x43, 0x41, 0x5F, 0x30, 0x38, 0x2D, 0x33, 0x31, 0x2D, 0x32, 0x30, 0x31,
    0x30, 0x2E, 0x63, 0x72, 0x6C, 0x30, 0x5A, 0x06, 0x08, 0x2B, 0x06, 0x01, 0x05, 0x05, 0x07, 0x01,
    0x01, 0x04, 0x4E, 0x30, 0x4C, 0x30, 0x4A, 0x06, 0x08, 0x2B, 0x06, 0x01, 0x05, 0x05, 0x07, 0x30,
    0x02, 0x86, 0x3E, 0x68, 0x74, 0x74, 0x70, 0x3A, 0x2F, 0x2F, 0x77, 0x77, 0x77, 0x2E, 0x6D, 0x69,
    0x63, 0x72, 0x6F, 0x73, 0x6F, 0x66, 0x74, 0x2E, 0x63, 0x6F, 0x6D, 0x2F, 0x70, 0x6B, 0x69, 0x2F,
    0x63, 0x65, 0x72, 0x74, 0x73, 0x2F, 0x4D, 0x69, 0x63, 0x43, 0x6F, 0x64, 0x53, 0x69, 0x67, 0x50,
    0x43, 0x41, 0x5F, 0x30, 0x38, 0x2D, 0x33, 0x31, 0x2D, 0x32, 0x30, 0x31, 0x30, 0x2E, 0x63, 0x72,
    0x74, 0x30, 0x0D, 0x06, 0x09, 0x2A, 0x86, 0x48, 0x86, 0xF7, 0x0D, 0x01, 0x01, 0x05, 0x05, 0x00,
    0x03, 0x82, 0x01, 0x01, 0x00, 0x77, 0x5C, 0xEB, 0xD7, 0x91, 0x3D, 0xCD, 0xBD, 0x7B, 0x83, 0xD9,
    0x85, 0xA9, 0xB0, 0x43, 0x9D, 0x73, 0x7C, 0x17, 0xC9, 0x0F, 0xED, 0x36, 0xDB, 0xC7, 0xB5, 0x2C,
    0x1B, 0x5E, 0xFB, 0x54, 0x05, 0x3A, 0x83, 0x71, 0x40, 0x81, 0x09, 0xA2, 0xB7, 0x71, 0x26, 0x5E,
    0xD6, 0x7D, 0xB6, 0x6C, 0x3B, 0xC9, 0xAA, 0x5F, 0x5D, 0x03, 0x18, 0x2A, 0x1D, 0x27, 0x7E, 0x07,
    0xE9, 0xC5, 0x65, 0x1F, 0xB5, 0xCF, 0x0D, 0xB7, 0x54, 0xC7, 0x28, 0x38, 0x5A, 0x88, 0xE7, 0x7B,
    0xC1, 0x19, 0xB6, 0x56, 0x32, 0xBA, 0xE2, 0xCC, 0xCB, 0x93, 0xDB, 0xAF, 0x6E, 0x0F, 0x5D, 0x44,
    0xF5, 0xD4, 0xB0, 0xEF, 0x1B, 0xD5, 0x4E, 0xC1, 0xAF, 0x0E, 0xEF, 0x20, 0x9B, 0xF2, 0xE1, 0xFE,
    0x27, 0x5D, 0xE8, 0xC5, 0xFF, 0x61, 0xF6, 0x19, 0xD2, 0x28, 0x0A, 0x22, 0x9D, 0xDF, 0xCD, 0x70,
    0x82, 0x9E, 0x18, 0x72, 0xD8, 0x23, 0xCC, 0x7A, 0x2C, 0x43, 0xEE, 0xFF, 0xEA, 0xC0, 0xE0, 0xE6,
    0x1D, 0xAA, 0x9E, 0x97, 0x33, 0x00, 0x52, 0x6F, 0x07, 0xB8, 0xD3, 0x88, 0x6C, 0xDE, 0xA4, 0x06,
    0x35, 0xA7, 0xC2, 0x53, 0x86, 0x65, 0x11, 0x77, 0x09, 0x8F, 0x35, 0x59, 0xB9, 0xD8, 0x86, 0xA8,
    0x00, 0xFE, 0xF8, 0x31, 0x7D, 0x2C, 0xF4, 0x8C, 0x05, 0x9D, 0xC0, 0xC1, 0xD5, 0x77, 0x72, 0x6C,
    0xE9, 0x4D, 0x59, 0x26, 0x83, 0xF1, 0xC2, 0xB2, 0x88, 0x57, 0x93, 0x35, 0x00, 0x7C, 0x50, 0x2B,
    0xBC, 0x59, 0xFC, 0xFE, 0x1C, 0x29, 0x38, 0x82, 0xD3, 0xDE, 0x52, 0x97, 0x45, 0x29, 0x18, 0x4E,
    0x96, 0x5B, 0x9D, 0xBA, 0x5F, 0x1B, 0xA3, 0xF1, 0x27, 0x50, 0xEA, 0x07, 0x95, 0xE8, 0x6D, 0x34,
    0x0D, 0x38, 0x57, 0xDC, 0x37, 0x28, 0x35, 0x95, 0x3A, 0x38, 0x9C, 0xD4, 0xED, 0x6A, 0x85, 0x5D,
    0x0E, 0x22, 0x11, 0x5E, 0x7B, 0x30, 0x82, 0x05, 0xBC, 0x30, 0x82, 0x03, 0xA4, 0xA0, 0x03, 0x02,
    0x01, 0x02, 0x02, 0x0A, 0x61, 0x33, 0x26, 0x1A, 0x00, 0x00, 0x00, 0x00, 0x00, 0x31, 0x30, 0x0D,
    0x06, 0x09, 0x2A, 0x86, 0x48, 0x86, 0xF7, 0x0D, 0x01, 0x01, 0x05, 0x05, 0x00, 0x30, 0x5F, 0x31,
    0x13, 0x30, 0x11, 0x06, 0x0A, 0x09, 0x92, 0x26, 0x89, 0x93, 0xF2, 0x2C, 0x64, 0x01, 0x19, 0x16,
    0x03, 0x63, 0x6F, 0x6D, 0x31, 0x19, 0x30, 0x17, 0x06, 0x0A, 0x09, 0x92, 0x26, 0x89, 0x93, 0xF2,
    0x2C, 0x64, 0x01, 0x19, 0x16, 0x09, 0x6D, 0x69, 0x63, 0x72, 0x6F, 0x73, 0x6F, 0x66, 0x74, 0x31,
    0x2D, 0x30, 0x2B, 0x06, 0x03, 0x55, 0x04, 0x03, 0x13, 0x24, 0x4D, 0x69, 0x63, 0x72, 0x6F, 0x73,
    0x6F, 0x66, 0x74, 0x20, 0x52, 0x6F, 0x6F, 0x74, 0x20, 0x43, 0x65, 0x72, 0x74, 0x69, 0x66, 0x69,
    0x63, 0x61, 0x74, 0x65, 0x20, 0x41, 0x75, 0x74, 0x68, 0x6F, 0x72, 0x69, 0x74, 0x79, 0x30, 0x1E,
    0x17, 0x0D, 0x31, 0x30, 0x30, 0x38, 0x33, 0x31, 0x32, 0x32, 0x31, 0x39, 0x33, 0x32, 0x5A, 0x17,
    0x0D, 0x32, 0x30, 0x30, 0x38, 0x33, 0x31, 0x32, 0x32, 0x32, 0x39, 0x33, 0x32, 0x5A, 0x30, 0x79,
    0x31, 0x0B, 0x30, 0x09, 0x06, 0x03, 0x55, 0x04, 0x06, 0x13, 0x02, 0x55, 0x53, 0x31, 0x13, 0x30,
    0x11, 0x06, 0x03, 0x55, 0x04, 0x08, 0x13, 0x0A, 0x57, 0x61, 0x73, 0x68, 0x69, 0x6E, 0x67, 0x74,
    0x6F, 0x6E, 0x31, 0x10, 0x30, 0x0E, 0x06, 0x03, 0x55, 0x04, 0x07, 0x13, 0x07, 0x52, 0x65, 0x64,
    0x6D, 0x6F, 0x6E, 0x64, 0x31, 0x1E, 0x30, 0x1C, 0x06, 0x03, 0x55, 0x04, 0x0A, 0x13, 0x15, 0x4D,
    0x69, 0x63, 0x72, 0x6F, 0x73, 0x6F, 0x66, 0x74, 0x20, 0x43, 0x6F, 0x72, 0x70, 0x6F, 0x72, 0x61,
    0x74, 0x69, 0x6F, 0x6E, 0x31, 0x23, 0x30, 0x21, 0x06, 0x03, 0x55, 0x04, 0x03, 0x13, 0x1A, 0x4D,
    0x69, 0x63, 0x72, 0x6F, 0x73, 0x6F, 0x66, 0x74, 0x20, 0x43, 0x6F, 0x64, 0x65, 0x20, 0x53, 0x69,
    0x67, 0x6E, 0x69, 0x6E, 0x67, 0x20, 0x50, 0x43, 0x41, 0x30, 0x82, 0x01, 0x22, 0x30, 0x0D, 0x06,
    0x09, 0x2A, 0x86, 0x48, 0x86, 0xF7, 0x0D, 0x01, 0x01, 0x01, 0x05, 0x00, 0x03, 0x82, 0x01, 0x0F,
    0x00, 0x30, 0x82, 0x01, 0x0A, 0x02, 0x82, 0x01, 0x01, 0x00, 0xB2, 0x72, 0x59, 0x5C, 0x19, 0x30,
    0x64, 0xBF, 0x1D, 0x9A, 0x60, 0x20, 0x20, 0x42, 0x99, 0x76, 0x53, 0x6C, 0x3E, 0x1B, 0xD6, 0x6F,
    0xCC, 0xCB, 0xF1, 0xEA, 0x6B, 0xFE, 0x97, 0x16, 0x10, 0xE0, 0xDF, 0x3A, 0x74, 0x83, 0x1A, 0xB7,
    0x2F, 0xA0, 0x32, 0xEC, 0xFF, 0xDE, 0xC2, 0x42, 0x4E, 0x23, 0xD5, 0x72, 0x00, 0xDB, 0x35, 0x57,
    0x0A, 0x89, 0xCA, 0xAE, 0x20, 0x49, 0xF4, 0xF0, 0x68, 0xAC, 0x4D, 0x4B, 0x8D, 0xA5, 0xBD, 0x79,
    0x4B, 0x71, 0x9B, 0x47, 0x07, 0xDA, 0xFD, 0x25, 0xDF, 0x9D, 0x75, 0x88, 0xCF, 0xAA, 0x73, 0x44,
    0x7F, 0xD7, 0x81, 0xDB, 0xF3, 0xBD, 0xF2, 0x36, 0xA4, 0xC9, 0x5C, 0x45, 0xDC, 0xAF, 0xAD, 0x3D,
    0xE0, 0x28, 0x68, 0x97, 0x1A, 0xA7, 0xA5, 0x72, 0x73, 0x56, 0xF1, 0x17, 0x94, 0xE4, 0xFD, 0x35,
    0x94, 0x72, 0xA0, 0xD6, 0x76, 0x5F, 0x1E, 0x77, 0x45, 0x83, 0x85, 0x38, 0x16, 0xD0, 0x73, 0x5B,
    0x05, 0xBA, 0x67, 0x52, 0x8D, 0xA5, 0xB2, 0x69, 0x2F, 0xDA, 0x19, 0x0B, 0xFE, 0x92, 0x74, 0x29,
    0xE2, 0x76, 0x2F, 0x54, 0xDD, 0x14, 0x30, 0x59, 0xF8, 0xD2, 0x8D, 0x62, 0xFD, 0xCB, 0xC9, 0x5F,
    0x46, 0x31, 0x50, 0xB9, 0x27, 0x13, 0xE4, 0x40, 0x30, 0xCF, 0x72, 0x29, 0x10, 0x28, 0x22, 0xC7,
    0x37, 0x4E, 0x3D, 0xA0, 0x32, 0x3D, 0x90, 0xCD, 0xA1, 0x38, 0x06, 0x85, 0x5C, 0x4E, 0x56, 0x82,
    0x28, 0x2A, 0x05, 0x32, 0xB7, 0x4B, 0xD7, 0x4F, 0x63, 0xE7, 0xD2, 0x2D, 0x62, 0xF1, 0x45, 0x3D,
    0xE7, 0xAC, 0x08, 0x00, 0xF6, 0x46, 0xA1, 0x9E, 0xD1, 0x5B, 0x8C, 0x26, 0x53, 0xE8, 0x7A, 0xAA,
    0x4A, 0xF2, 0x46, 0xCF, 0x37, 0x3C, 0x38, 0x9E, 0xB4, 0x77, 0x5C, 0xA5, 0x17, 0x9E, 0x8D, 0xCB,
    0x11, 0x8F, 0x56, 0x3C, 0xC1, 0xAC, 0x09, 0x5F, 0x03, 0xD3, 0x02, 0x03, 0x01, 0x00, 0x01, 0xA3,
    0x82, 0x01, 0x5E, 0x30, 0x82, 0x01, 0x5A, 0x30, 0x0F, 0x06, 0x03, 0x55, 0x1D, 0x13, 0x01, 0x01,
    0xFF, 0x04, 0x05, 0x30, 0x03, 0x01, 0x01, 0xFF, 0x30, 0x1D, 0x06, 0x03, 0x55, 0x1D, 0x0E, 0x04,
    0x16, 0x04, 0x14, 0xCB, 0x11, 0xE8, 0xCA, 0xD2, 0xB4, 0x16, 0x58, 0x01, 0xC9, 0x37, 0x2E, 0x33,
    0x16, 0x16, 0xB9, 0x4C, 0x9A, 0x0A, 0x1F, 0x30, 0x0B, 0x06, 0x03, 0x55, 0x1D, 0x0F, 0x04, 0x04,
    0x03, 0x02, 0x01, 0x86, 0x30, 0x12, 0x06, 0x09, 0x2B, 0x06, 0x01, 0x04, 0x01, 0x82, 0x37, 0x15,
    0x01, 0x04, 0x05, 0x02, 0x03, 0x01, 0x00, 0x01, 0x30, 0x23, 0x06, 0x09, 0x2B, 0x06, 0x01, 0x04,
    0x01, 0x82, 0x37, 0x15, 0x02, 0x04, 0x16, 0x04, 0x14, 0xFD, 0xD1, 0x31, 0x4E, 0xD3, 0x26, 0x8A,
    0x95, 0xE1, 0x98, 0x60, 0x3B, 0xA8, 0x31, 0x6F, 0xA6, 0x3C, 0xBC, 0xD8, 0x2D, 0x30, 0x19, 0x06,
    0x09, 0x2B, 0x06, 0x01, 0x04, 0x01, 0x82, 0x37, 0x14, 0x02, 0x04, 0x0C, 0x1E, 0x0A, 0x00, 0x53,
    0x00, 0x75, 0x00, 0x62, 0x00, 0x43, 0x00, 0x41, 0x30, 0x1F, 0x06, 0x03, 0x55, 0x1D, 0x23, 0x04,
    0x18, 0x30, 0x16, 0x80, 0x14, 0x0E, 0xAC, 0x82, 0x60, 0x40, 0x56, 0x27, 0x97, 0xE5, 0x25, 0x13,
    0xFC, 0x2A, 0xE1, 0x0A, 0x53, 0x95, 0x59, 0xE4, 0xA4, 0x30, 0x50, 0x06, 0x03, 0x55, 0x1D, 0x1F,
    0x04, 0x49, 0x30, 0x47, 0x30, 0x45, 0xA0, 0x43, 0xA0, 0x41, 0x86, 0x3F, 0x68, 0x74, 0x74, 0x70,
    0x3A, 0x2F, 0x2F, 0x63, 0x72, 0x6C, 0x2E, 0x6D, 0x69, 0x63, 0x72, 0x6F, 0x73, 0x6F, 0x66, 0x74,
    0x2E, 0x63, 0x6F, 0x6D, 0x2F, 0x70, 0x6B, 0x69, 0x2F, 0x63, 0x72, 0x6C, 0x2F, 0x70, 0x72, 0x6F,
    0x64, 0x75, 0x63, 0x74, 0x73, 0x2F, 0x6D, 0x69, 0x63, 0x72, 0x6F, 0x73, 0x6F, 0x66, 0x74, 0x72,
    0x6F, 0x6F, 0x74, 0x63, 0x65, 0x72, 0x74, 0x2E, 0x63, 0x72, 0x6C, 0x30, 0x54, 0x06, 0x08, 0x2B,
    0x06, 0x01, 0x05, 0x05, 0x07, 0x01, 0x01, 0x04, 0x48, 0x30, 0x46, 0x30, 0x44, 0x06, 0x08, 0x2B,
    0x06, 0x01, 0x05, 0x05, 0x07, 0x30, 0x02, 0x86, 0x38, 0x68, 0x74, 0x74, 0x70, 0x3A, 0x2F, 0x2F,
    0x77, 0x77, 0x77, 0x2E, 0x6D, 0x69, 0x63, 0x72, 0x6F, 0x73, 0x6F, 0x66, 0x74, 0x2E, 0x63, 0x6F,
    0x6D, 0x2F, 0x70, 0x6B, 0x69, 0x2F, 0x63, 0x65, 0x72, 0x74, 0x73, 0x2F, 0x4D, 0x69, 0x63, 0x72,
    0x6F, 0x73, 0x6F, 0x66, 0x74, 0x52, 0x6F, 0x6F, 0x74, 0x43, 0x65, 0x72, 0x74, 0x2E, 0x63, 0x72,
    0x74, 0x30, 0x0D, 0x06, 0x09, 0x2A, 0x86, 0x48, 0x86, 0xF7, 0x0D, 0x01, 0x01, 0x05, 0x05, 0x00,
    0x03, 0x82, 0x02, 0x01, 0x00, 0x59, 0x39, 0x3E, 0x7F, 0x26, 0x46, 0xAF, 0xEB, 0x6F, 0x40, 0xB1,
    0x32, 0xB5, 0x6A, 0xEB, 0x0E, 0x2F, 0x6E, 0xA8, 0x49, 0xF7, 0xEB, 0x5F, 0x75, 0xED, 0x4C, 0x3B,
    0x2D, 0xD7, 0x43, 0xAD, 0x0B, 0xFE, 0xCB, 0xE9, 0x2D, 0x31, 0xA3, 0x23, 0xCC, 0x7C, 0x50, 0x98,
    0x80, 0x21, 0x5D, 0xAC, 0x3D, 0x2F, 0x4C, 0xBA, 0xA2, 0xA8, 0x56, 0x9C, 0xE3, 0x70, 0xBB, 0xB8,
    0xB4, 0xF8, 0x79, 0xB5, 0x49, 0x72, 0xF7, 0x3E, 0xEA, 0x41, 0x7F, 0xCA, 0xE1, 0x0C, 0x17, 0x69,
    0xCB, 0xA5, 0x9C, 0x20, 0x2D, 0xFA, 0x0B, 0x50, 0xC4, 0x56, 0xCD, 0x2D, 0xE3, 0x4A, 0xD2, 0xBC,
    0x70, 0xE7, 0xA8, 0x0D, 0xA2, 0x03, 0xA5, 0x56, 0xE0, 0xB8, 0x8A, 0x4B, 0x57, 0xF2, 0x95, 0x42,
    0x9C, 0xF1, 0xF3, 0xEF, 0xEE, 0xE3, 0x86, 0x1F, 0x34, 0x3C, 0xB8, 0x56, 0x9A, 0xF0, 0x53, 0x23,
    0x85, 0x2A, 0xA4, 0x82, 0x1C, 0x93, 0xE2, 0x94, 0x07, 0x1D, 0xF2, 0xE2, 0x4E, 0xF8, 0x8C, 0xA1,
    0xCA, 0xE8, 0x13, 0xA5, 0x91, 0x4E, 0xC8, 0x1B, 0xD2, 0x8F, 0x72, 0x95, 0x2A, 0x71, 0x6D, 0x9B,
    0x1A, 0xF8, 0x1C, 0xF0, 0x53, 0xD6, 0x67, 0xCC, 0x22, 0xFF, 0x5C, 0x1D, 0xCD, 0xA2, 0x8C, 0xBD,
    0x27, 0xB2, 0x79, 0x63, 0x56, 0x44, 0xA2, 0x51, 0xCD, 0xF9, 0xE9, 0xA3, 0x58, 0x56, 0xDD, 0x9B,
    0x02, 0x45, 0x44, 0x2F, 0x5F, 0xF4, 0xDA, 0xAE, 0xD4, 0x82, 0x32, 0x6E, 0xFC, 0xA4, 0x95, 0x13,
    0xE4, 0xEB, 0x69, 0xE7, 0xA9, 0xA2, 0x2C, 0xBE, 0xC8, 0x2B, 0x10, 0x0E, 0x65, 0x8E, 0x99, 0xDB,
    0xF5, 0xA2, 0xFA, 0x12, 0x26, 0x09, 0x65, 0x38, 0x94, 0xF1, 0x7A, 0x1F, 0x4A, 0xBB, 0xD1, 0xE1,
    0x56, 0xE8, 0xD0, 0x78, 0x96, 0x18, 0x5C, 0xC9, 0x35, 0x16, 0x5F, 0xDD, 0x93, 0x1D, 0x49, 0x8E,
    0x2D, 0xBE, 0xAD, 0x34, 0x44, 0x1C, 0xEE, 0x10, 0x15, 0x1A, 0x00, 0x5D, 0xDD, 0x35, 0x5B, 0x21,
    0xCE, 0x98, 0xC7, 0x09, 0xEE, 0x85, 0x0E, 0x8C, 0x4F, 0x6D, 0x0E, 0x13, 0x4E, 0x3D, 0x7C, 0x29,
    0x48, 0x9C, 0x72, 0xD1, 0xF3, 0x6C, 0xCA, 0xC1, 0xEC, 0x70, 0xA3, 0x57, 0x92, 0x57, 0x7D, 0x94,
    0x8D, 0xA0, 0x1B, 0x48, 0x03, 0x5A, 0xF7, 0xCF, 0xA3, 0x67, 0x0A, 0x74, 0xA5, 0x36, 0xED, 0x2D,
    0x2F, 0x17, 0xC8, 0xE6, 0x72, 0x37, 0x12, 0xF4, 0x6F, 0xB1, 0x3C, 0x67, 0x82, 0xF9, 0x52, 0xB2,
    0x8D, 0x33, 0x16, 0x65, 0x1E, 0x0E, 0x8A, 0xDD, 0x10, 0xDE, 0x64, 0xF4, 0x6F, 0xCE, 0x46, 0xD4,
    0xD3, 0x17, 0xE9, 0x79, 0xC4, 0x04, 0xB4, 0xD3, 0xFB, 0x2C, 0xDF, 0x1F, 0x8A, 0x9E, 0xAC, 0x0A,
    0xFB, 0x13, 0x27, 0x40, 0xAD, 0xE4, 0xF9, 0xE1, 0xA9, 0x7F, 0x46, 0xBB, 0x07, 0x60, 0x47, 0x65,
    0x60, 0x40, 0x4E, 0xB0, 0x42, 0xEC, 0x4E, 0xED, 0xB3, 0x76, 0x79, 0xD8, 0x0A, 0x34, 0x09, 0x6D,
    0x1C, 0x80, 0x31, 0x1F, 0xE2, 0x0E, 0x54, 0xDD, 0xE5, 0xA1, 0xFB, 0xE5, 0x47, 0x10, 0xAD, 0x64,
    0x98, 0xFF, 0x50, 0x16, 0x2E, 0x7C, 0xBF, 0x05, 0x21, 0x7A, 0xE2, 0x95, 0x41, 0x27, 0x69, 0xC3,
    0x93, 0x8F, 0x95, 0xC9, 0x8D, 0xD8, 0x9B, 0x21, 0xAE, 0x0D, 0x5C, 0x9C, 0xF0, 0xA2, 0xAE, 0x86,
    0x68, 0x83, 0x0C, 0x6A, 0x2D, 0xBB, 0x76, 0x6B, 0x00, 0x1D, 0x96, 0xAD, 0xF2, 0x16, 0x7B, 0xF6,
    0x16, 0x83, 0x24, 0xB9, 0x88, 0xCF, 0x6A, 0xA8, 0x47, 0x31, 0x2F, 0x9A, 0xDC, 0xE3, 0x71, 0x3D,
    0xD7, 0x00, 0x7E, 0x62, 0x47, 0xD1, 0xCE, 0x88, 0xC9, 0xB8, 0x18, 0xFA, 0x0E, 0x72, 0x8D, 0xC1,
    0xA3, 0x3D, 0xAF, 0x02, 0x40, 0x6A, 0xFF, 0x69, 0x9B, 0x96, 0xE2, 0x10, 0xA8, 0x10, 0xB4, 0x37,
    0x50, 0x08, 0xD6, 0xC3, 0x3D, 0x30, 0x82, 0x06, 0x07, 0x30, 0x82, 0x03, 0xEF, 0xA0, 0x03, 0x02,
    0x01, 0x02, 0x02, 0x0A, 0x61, 0x16, 0x68, 0x34, 0x00, 0x00, 0x00, 0x00, 0x00, 0x1C, 0x30, 0x0D,
    0x06, 0x09, 0x2A, 0x86, 0x48, 0x86, 0xF7, 0x0D, 0x01, 0x01, 0x05, 0x05, 0x00, 0x30, 0x5F, 0x31,
    0x13, 0x30, 0x11, 0x06, 0x0A, 0x09, 0x92, 0x26, 0x89, 0x93, 0xF2, 0x2C, 0x64, 0x01, 0x19, 0x16,
    0x03, 0x63, 0x6F, 0x6D, 0x31, 0x19, 0x30, 0x17, 0x06, 0x0A, 0x09, 0x92, 0x26, 0x89, 0x93, 0xF2,
    0x2C, 0x64, 0x01, 0x19, 0x16, 0x09, 0x6D, 0x69, 0x63, 0x72, 0x6F, 0x73, 0x6F, 0x66, 0x74, 0x31,
    0x2D, 0x30, 0x2B, 0x06, 0x03, 0x55, 0x04, 0x03, 0x13, 0x24, 0x4D, 0x69, 0x63, 0x72, 0x6F, 0x73,
    0x6F, 0x66, 0x74, 0x20, 0x52, 0x6F, 0x6F, 0x74, 0x20, 0x43, 0x65, 0x72, 0x74, 0x69, 0x66, 0x69,
    0x63, 0x61, 0x74, 0x65, 0x20, 0x41, 0x75, 0x74, 0x68, 0x6F, 0x72, 0x69, 0x74, 0x79, 0x30, 0x1E,
    0x17, 0x0D, 0x30, 0x37, 0x30, 0x34, 0x30, 0x33, 0x31, 0x32, 0x35, 0x33, 0x30, 0x39, 0x5A, 0x17,
    0x0D, 0x32, 0x31, 0x30, 0x34, 0x30, 0x33, 0x31, 0x33, 0x30, 0x33, 0x30, 0x39, 0x5A, 0x30, 0x77,
    0x31, 0x0B, 0x30, 0x09, 0x06, 0x03, 0x55, 0x04, 0x06, 0x13, 0x02, 0x55, 0x53, 0x31, 0x13, 0x30,
    0x11, 0x06, 0x03, 0x55, 0x04, 0x08, 0x13, 0x0A, 0x57, 0x61, 0x73, 0x68, 0x69, 0x6E, 0x67, 0x74,
    0x6F, 0x6E, 0x31, 0x10, 0x30, 0x0E, 0x06, 0x03, 0x55, 0x04, 0x07, 0x13, 0x07, 0x52, 0x65, 0x64,
    0x6D, 0x6F, 0x6E, 0x64, 0x31, 0x1E, 0x30, 0x1C, 0x06, 0x03, 0x55, 0x04, 0x0A, 0x13, 0x15, 0x4D,
    0x69, 0x63, 0x72, 0x6F, 0x73, 0x6F, 0x66, 0x74, 0x20, 0x43, 0x6F, 0x72, 0x70, 0x6F, 0x72, 0x61,
    0x74, 0x69, 0x6F, 0x6E, 0x31, 0x21, 0x30, 0x1F, 0x06, 0x03, 0x55, 0x04, 0x03, 0x13, 0x18, 0x4D,
    0x69, 0x63, 0x72, 0x6F, 0x73, 0x6F, 0x66, 0x74, 0x20, 0x54, 0x69, 0x6D, 0x65, 0x2D, 0x53, 0x74,
    0x61, 0x6D, 0x70, 0x20, 0x50, 0x43, 0x41, 0x30, 0x82, 0x01, 0x22, 0x30, 0x0D, 0x06, 0x09, 0x2A,
    0x86, 0x48, 0x86, 0xF7, 0x0D, 0x01, 0x01, 0x01, 0x05, 0x00, 0x03, 0x82, 0x01, 0x0F, 0x00, 0x30,
    0x82, 0x01, 0x0A, 0x02, 0x82, 0x01, 0x01, 0x00, 0x9F, 0xA1, 0x6C, 0xB1, 0xDF, 0xDB, 0x48, 0x92,
    0x2A, 0x7C, 0x6B, 0x2E, 0x19, 0xE1, 0xBD, 0xE2, 0xE3, 0xC5, 0x99, 0x51, 0x23, 0x50, 0xAD, 0xCE,
    0xDD, 0x18, 0x4E, 0x24, 0x0F, 0xEE, 0xD1, 0xA7, 0xD1, 0x4C, 0xAD, 0x74, 0x30, 0x20, 0x11, 0xEB,
    0x07, 0xD5, 0x54, 0x95, 0x15, 0x49, 0x94, 0x1B, 0x42, 0x92, 0xAE, 0x98, 0x5C, 0x30, 0x26, 0xDA,
    0x00, 0x6B, 0xE8, 0x7B, 0xBD, 0xEC, 0x89, 0x07, 0x0F, 0xF7, 0x0E, 0x04, 0x98, 0xF0, 0x89, 0xCC,
    0x1F, 0xCB, 0x33, 0x24, 0x87, 0x9D, 0xF2, 0xF4, 0x67, 0x1C, 0x2C, 0xFC, 0x7B, 0xE7, 0x88, 0x1D,
    0xEA, 0xE7, 0x4E, 0xA3, 0xA1, 0xC1, 0x23, 0x53, 0xCA, 0x8D, 0xFA, 0x45, 0xCF, 0x09, 0xD0, 0x5E,
    0xAF, 0xD0, 0xB0, 0x42, 0x04, 0xA2, 0xF9, 0xA6, 0x6C, 0x93, 0x67, 0xD7, 0x28, 0xDC, 0x46, 0x53,
    0xB0, 0x86, 0xD0, 0xE5, 0x28, 0x46, 0x2E, 0x27, 0xAC, 0x86, 0x4F, 0x55, 0x52, 0x0C, 0xE4, 0x03,
    0x2C, 0xFB, 0x6A, 0x90, 0x90, 0x30, 0x6E, 0x87, 0xF3, 0x59, 0x30, 0x9D, 0xFA, 0x7E, 0xD6, 0x97,
    0xB3, 0xE8, 0x21, 0x97, 0x7E, 0xF8, 0xD2, 0x13, 0xF3, 0x08, 0xB7, 0x53, 0x6D, 0x52, 0xB4, 0x45,
    0x90, 0x9F, 0x48, 0x00, 0x4A, 0x47, 0x66, 0x11, 0x27, 0x29, 0x66, 0xA8, 0x97, 0xE4, 0xD3, 0x06,
    0x81, 0x4A, 0xA2, 0xF9, 0x84, 0xA7, 0x11, 0x47, 0x14, 0x09, 0x82, 0x9F, 0x84, 0xED, 0x55, 0x78,
    0xFE, 0x01, 0x9A, 0x1D, 0x50, 0x08, 0x85, 0x00, 0x10, 0x30, 0x46, 0xED, 0xB7, 0xDE, 0x23, 0x46,
    0xBB, 0xC4, 0x2D, 0x54, 0x9F, 0xAF, 0x1E, 0x78, 0x41, 0x31, 0x77, 0xCC, 0x9B, 0xDF, 0x3B, 0x83,
    0x93, 0xA1, 0x61, 0x02, 0xB5, 0x1D, 0x0D, 0xB1, 0xFC, 0xF7, 0x9B, 0xB2, 0x01, 0xCE, 0x22, 0x4B,
    0x54, 0xFF, 0xF9, 0x05, 0xC3, 0xC2, 0x20, 0x0B, 0x02, 0x03, 0x01, 0x00, 0x01, 0xA3, 0x82, 0x01,
    0xAB, 0x30, 0x82, 0x01, 0xA7, 0x30, 0x0F, 0x06, 0x03, 0x55, 0x1D, 0x13, 0x01, 0x01, 0xFF, 0x04,
    0x05, 0x30, 0x03, 0x01, 0x01, 0xFF, 0x30, 0x1D, 0x06, 0x03, 0x55, 0x1D, 0x0E, 0x04, 0x16, 0x04,
    0x14, 0x23, 0x34, 0xF8, 0xD9, 0x52, 0x46, 0x70, 0x0A, 0xED, 0x40, 0xFB, 0x76, 0xFB, 0xB3, 0x2B,
    0xB0, 0xC3, 0x35, 0xB3, 0x0F, 0x30, 0x0B, 0x06, 0x03, 0x55, 0x1D, 0x0F, 0x04, 0x04, 0x03, 0x02,
    0x01, 0x86, 0x30, 0x10, 0x06, 0x09, 0x2B, 0x06, 0x01, 0x04, 0x01, 0x82, 0x37, 0x15, 0x01, 0x04,
    0x03, 0x02, 0x01, 0x00, 0x30, 0x81, 0x98, 0x06, 0x03, 0x55, 0x1D, 0x23, 0x04, 0x81, 0x90, 0x30,
    0x81, 0x8D, 0x80, 0x14, 0x0E, 0xAC, 0x82, 0x60, 0x40, 0x56, 0x27, 0x97, 0xE5, 0x25, 0x13, 0xFC,
    0x2A, 0xE1, 0x0A, 0x53, 0x95, 0x59, 0xE4, 0xA4, 0xA1, 0x63, 0xA4, 0x61, 0x30, 0x5F, 0x31, 0x13,
    0x30, 0x11, 0x06, 0x0A, 0x09, 0x92, 0x26, 0x89, 0x93, 0xF2, 0x2C, 0x64, 0x01, 0x19, 0x16, 0x03,
    0x63, 0x6F, 0x6D, 0x31, 0x19, 0x30, 0x17, 0x06, 0x0A, 0x09, 0x92, 0x26, 0x89, 0x93, 0xF2, 0x2C,
    0x64, 0x01, 0x19, 0x16, 0x09, 0x6D, 0x69, 0x63, 0x72, 0x6F, 0x73, 0x6F, 0x66, 0x74, 0x31, 0x2D,
    0x30, 0x2B, 0x06, 0x03, 0x55, 0x04, 0x03, 0x13, 0x24, 0x4D, 0x69, 0x63, 0x72, 0x6F, 0x73, 0x6F,
    0x66, 0x74, 0x20, 0x52, 0x6F, 0x6F, 0x74, 0x20, 0x43, 0x65, 0x72, 0x74, 0x69, 0x66, 0x69, 0x63,
    0x61, 0x74, 0x65, 0x20, 0x41, 0x75, 0x74, 0x68, 0x6F, 0x72, 0x69, 0x74, 0x79, 0x82, 0x10, 0x79,
    0xAD, 0x16, 0xA1, 0x4A, 0xA0, 0xA5, 0xAD, 0x4C, 0x73, 0x58, 0xF4, 0x07, 0x13, 0x2E, 0x65, 0x30,
    0x50, 0x06, 0x03, 0x55, 0x1D, 0x1F, 0x04, 0x49, 0x30, 0x47, 0x30, 0x45, 0xA0, 0x43, 0xA0, 0x41,
    0x86, 0x3F, 0x68, 0x74, 0x74, 0x70, 0x3A, 0x2F, 0x2F, 0x63, 0x72, 0x6C, 0x2E, 0x6D, 0x69, 0x63,
    0x72, 0x6F, 0x73, 0x6F, 0x66, 0x74, 0x2E, 0x63, 0x6F, 0x6D, 0x2F, 0x70, 0x6B, 0x69, 0x2F, 0x63,
    0x72, 0x6C, 0x2F, 0x70, 0x72, 0x6F, 0x64, 0x75, 0x63, 0x74, 0x73, 0x2F, 0x6D, 0x69, 0x63, 0x72,
    0x6F, 0x73, 0x6F, 0x66, 0x74, 0x72, 0x6F, 0x6F, 0x74, 0x63, 0x65, 0x72, 0x74, 0x2E, 0x63, 0x72,
    0x6C, 0x30, 0x54, 0x06, 0x08, 0x2B, 0x06, 0x01, 0x05, 0x05, 0x07, 0x01, 0x01, 0x04, 0x48, 0x30,
    0x46, 0x30, 0x44, 0x06, 0x08, 0x2B, 0x06, 0x01, 0x05, 0x05, 0x07, 0x30, 0x02, 0x86, 0x38, 0x68,
    0x74, 0x74, 0x70, 0x3A, 0x2F, 0x2F, 0x77, 0x77, 0x77, 0x2E, 0x6D, 0x69, 0x63, 0x72, 0x6F, 0x73,
    0x6F, 0x66, 0x74, 0x2E, 0x63, 0x6F, 0x6D, 0x2F, 0x70, 0x6B, 0x69, 0x2F, 0x63, 0x65, 0x72, 0x74,
    0x73, 0x2F, 0x4D, 0x69, 0x63, 0x72, 0x6F, 0x73, 0x6F, 0x66, 0x74, 0x52, 0x6F, 0x6F, 0x74, 0x43,
    0x65, 0x72, 0x74, 0x2E, 0x63, 0x72, 0x74, 0x30, 0x13, 0x06, 0x03, 0x55, 0x1D, 0x25, 0x04, 0x0C,
    0x30, 0x0A, 0x06, 0x08, 0x2B, 0x06, 0x01, 0x05, 0x05, 0x07, 0x03, 0x08, 0x30, 0x0D, 0x06, 0x09,
    0x2A, 0x86, 0x48, 0x86, 0xF7, 0x0D, 0x01, 0x01, 0x05, 0x05, 0x00, 0x03, 0x82, 0x02, 0x01, 0x00,
    0x10, 0x97, 0x8A, 0xC3, 0x5C, 0x03, 0x44, 0x36, 0xDD, 0xE9, 0xB4, 0xAD, 0x77, 0xDB, 0xCE, 0x79,
    0x51, 0x4D, 0x01, 0xB1, 0x2E, 0x74, 0x71, 0x5B, 0x6D, 0x0C, 0x13, 0xAB, 0xCE, 0xBE, 0x7B, 0x8F,
    0xB8, 0x2E, 0xD4, 0x12, 0xA2, 0x8C, 0x6D, 0x62, 0xB8, 0x57, 0x02, 0xCB, 0x4E, 0x20, 0x13, 0x50,
    0x99, 0xDD, 0x7A, 0x40, 0xE2, 0x57, 0xBB, 0xAF, 0x58, 0x9A, 0x1C, 0xE1, 0x1D, 0x01, 0x86, 0xAC,
    0xBB, 0x78, 0xF2, 0x8B, 0xD0, 0xEC, 0x3B, 0x01, 0xEE, 0xE2, 0xBE, 0x8F, 0x0A, 0x05, 0xC8, 0x8D,
    0x48, 0xE2, 0xF0, 0x53, 0x15, 0xDD, 0x4F, 0xAB, 0x92, 0xE4, 0xE7, 0x8D, 0x6A, 0xD5, 0x80, 0xC1,
    0xE6, 0x94, 0xF2, 0x06, 0x2F, 0x85, 0x03, 0xE9, 0x91, 0x2A, 0x24, 0x22, 0x70, 0xFB, 0xF6, 0xFC,
    0xE4, 0x78, 0x99, 0x2E, 0x0D, 0xF7, 0x07, 0xE2, 0x70, 0xBC, 0x18, 0x4E, 0x9D, 0x8E, 0x6B, 0x0A,
    0x72, 0x95, 0xB8, 0xA1, 0x39, 0x9C, 0x67, 0x2D, 0xC5, 0x51, 0x0E, 0xEA, 0x62, 0x5C, 0x3F, 0x16,
    0x98, 0x8B, 0x20, 0x3F, 0xE2, 0x07, 0x1A, 0x32, 0xF9, 0xCC, 0x31, 0x4A, 0x76, 0x31, 0x3D, 0x2B,
    0x72, 0x0B, 0xC8, 0xEA, 0x70, 0x3D, 0xFF, 0x85, 0x0A, 0x13, 0xDF, 0xC2, 0x0A, 0x61, 0x8E, 0xF0,
    0xD7, 0xB8, 0x17, 0xEB, 0x4E, 0x8B, 0x7F, 0xC5, 0x35, 0x2B, 0x5E, 0xA3, 0xBF, 0xEB, 0xBC, 0x7D,
    0x0B, 0x42, 0x7B, 0xD4, 0x53, 0x72, 0x21, 0xEE, 0x30, 0xCA, 0xBB, 0x78, 0x65, 0x5C, 0x5B, 0x01,
    0x17, 0x0A, 0x14, 0x0E, 0xD2, 0xDA, 0x14, 0x98, 0xF5, 0x3C, 0xB9, 0x66, 0x58, 0xB3, 0x2D, 0x2F,
    0xE7, 0xF9, 0x85, 0x86, 0xCC, 0x51, 0x56, 0xE8, 0x9D, 0x70, 0x94, 0x6C, 0xAC, 0x39, 0x4C, 0xD4,
    0xF6, 0x79, 0xBF, 0xAA, 0x18, 0x7A, 0x62, 0x29, 0xEF, 0xA2, 0x9B, 0x29, 0x34, 0x06, 0x77, 0x1A,
    0x62, 0xC9, 0x3D, 0x1E, 0x6D, 0x1F, 0x82, 0xF0, 0x0B, 0xC7, 0x2C, 0xBB, 0xCF, 0x43, 0xB3, 0xE5,
    0xF9, 0xEC, 0x7D, 0xB5, 0xE3, 0xA4, 0xA8, 0x74, 0x35, 0xB8, 0x4E, 0xC5, 0x71, 0x23, 0x12, 0x26,
    0x76, 0x0B, 0x3C, 0x52, 0x8C, 0x71, 0x5A, 0x46, 0x43, 0x14, 0xBC, 0xB3, 0xB3, 0xB0, 0x4D, 0x67,
    0xC8, 0x9F, 0x42, 0xFF, 0x80, 0x79, 0x21, 0x80, 0x9E, 0x15, 0x30, 0x66, 0xE8, 0x42, 0x12, 0x5E,
    0x1A, 0xC8, 0x9E, 0x22, 0x21, 0xD0, 0x43, 0xE9, 0x2B, 0xE9, 0xBB, 0xF4, 0x48, 0xCC, 0x2C, 0xD4,
    0xD8, 0x32, 0x80, 0x4C, 0x26, 0x2A, 0x48, 0x24, 0x5F, 0x5A, 0xEA, 0x56, 0xEF, 0xA6, 0xDE, 0x99,
    0x9D, 0xCA, 0x3A, 0x6F, 0xBD, 0x81, 0x27, 0x74, 0x06, 0x11, 0xEE, 0x76, 0x21, 0xBF, 0x9B, 0x82,
    0xC1, 0x27, 0x54, 0xB6, 0xB1, 0x6A, 0x3D, 0x89, 0xA1, 0x76, 0x61, 0xB4, 0x6E, 0xA1, 0x13, 0xA6,
    0xBF, 0xAA, 0x47, 0xF0, 0x12, 0x6F, 0xFD, 0x8A, 0x32, 0x6C, 0xB2, 0xFE, 0xDF, 0x51, 0xC8, 0x8C,
    0x23, 0xC9, 0x66, 0xBD, 0x9D, 0x1D, 0x87, 0x12, 0x64, 0x02, 0x3D, 0x2D, 0xAF, 0x59, 0x8F, 0xB8,
    0xE4, 0x21, 0xE5, 0xB5, 0xB0, 0xCA, 0x63, 0xB4, 0x78, 0x54, 0x05, 0xD4, 0x41, 0x2E, 0x50, 0xAC,
    0x94, 0xB0, 0xA5, 0x78, 0xAB, 0xB3, 0xA0, 0x96, 0x75, 0x1A, 0xD9, 0x92, 0x87, 0x13, 0x75, 0x22,
    0x2F, 0x32, 0xA8, 0x08, 0x6E, 0xA0, 0x5B, 0x8C, 0x25, 0xBF, 0xA0, 0xEF, 0x84, 0xCA, 0x21, 0xD6,
    0xEB, 0x1E, 0x4F, 0xC9, 0x9A, 0xEE, 0x49, 0xE0, 0xF7, 0x01, 0x65, 0x6F, 0x89, 0x0B, 0x7D, 0xC8,
    0x69, 0xC8, 0xE6, 0x6E, 0xEA, 0xA7, 0x97, 0xCE, 0x31, 0x29, 0xFF, 0x0E, 0xC5, 0x5B, 0x5C, 0xD8,
    0x4D, 0x1B, 0xA1, 0xD8, 0xFA, 0x2F, 0x9E, 0x3F, 0x2E, 0x55, 0x16, 0x6B, 0xC9, 0x13, 0xA3, 0xFD,
    0x31, 0x82, 0x04, 0xAB, 0x30, 0x82, 0x04, 0xA7, 0x02, 0x01, 0x01, 0x30, 0x81, 0x90, 0x30, 0x79,
    0x31, 0x0B, 0x30, 0x09, 0x06, 0x03, 0x55, 0x04, 0x06, 0x13, 0x02, 0x55, 0x53, 0x31, 0x13, 0x30,
    0x11, 0x06, 0x03, 0x55, 0x04, 0x08, 0x13, 0x0A, 0x57, 0x61, 0x73, 0x68, 0x69, 0x6E, 0x67, 0x74,
    0x6F, 0x6E, 0x31, 0x10, 0x30, 0x0E, 0x06, 0x03, 0x55, 0x04, 0x07, 0x13, 0x07, 0x52, 0x65, 0x64,
    0x6D, 0x6F, 0x6E, 0x64, 0x31, 0x1E, 0x30, 0x1C, 0x06, 0x03, 0x55, 0x04, 0x0A, 0x13, 0x15, 0x4D,
    0x69, 0x63, 0x72, 0x6F, 0x73, 0x6F, 0x66, 0x74, 0x20, 0x43, 0x6F, 0x72, 0x70, 0x6F, 0x72, 0x61,
    0x74, 0x69, 0x6F, 0x6E, 0x31, 0x23, 0x30, 0x21, 0x06, 0x03, 0x55, 0x04, 0x03, 0x13, 0x1A, 0x4D,
    0x69, 0x63, 0x72, 0x6F, 0x73, 0x6F, 0x66, 0x74, 0x20, 0x43, 0x6F, 0x64, 0x65, 0x20, 0x53, 0x69,
    0x67, 0x6E, 0x69, 0x6E, 0x67, 0x20, 0x50, 0x43, 0x41, 0x02, 0x13, 0x33, 0x00, 0x00, 0x00, 0xCA,
    0x6C, 0xD5, 0x32, 0x12, 0x35, 0xC4, 0xE1, 0x55, 0x00, 0x01, 0x00, 0x00, 0x00, 0xCA, 0x30, 0x09,
    0x06, 0x05, 0x2B, 0x0E, 0x03, 0x02, 0x1A, 0x05, 0x00, 0xA0, 0x81, 0xC4, 0x30, 0x19, 0x06, 0x09,
    0x2A, 0x86, 0x48, 0x86, 0xF7, 0x0D, 0x01, 0x09, 0x03, 0x31, 0x0C, 0x06, 0x0A, 0x2B, 0x06, 0x01,
    0x04, 0x01, 0x82, 0x37, 0x02, 0x01, 0x04, 0x30, 0x1C, 0x06, 0x0A, 0x2B, 0x06, 0x01, 0x04, 0x01,
    0x82, 0x37, 0x02, 0x01, 0x0B, 0x31, 0x0E, 0x30, 0x0C, 0x06, 0x0A, 0x2B, 0x06, 0x01, 0x04, 0x01,
    0x82, 0x37, 0x02, 0x01, 0x15, 0x30, 0x23, 0x06, 0x09, 0x2A, 0x86, 0x48, 0x86, 0xF7, 0x0D, 0x01,
    0x09, 0x04, 0x31, 0x16, 0x04, 0x14, 0xE7, 0x81, 0x79, 0x43, 0xF5, 0xF7, 0x0F, 0xF3, 0xD4, 0x42,
    0xAC, 0x21, 0x9E, 0x25, 0x50, 0xD8, 0x8B, 0x57, 0x54, 0xB5, 0x30, 0x64, 0x06, 0x0A, 0x2B, 0x06,
    0x01, 0x04, 0x01, 0x82, 0x37, 0x02, 0x01, 0x0C, 0x31, 0x56, 0x30, 0x54, 0xA0, 0x2A, 0x80, 0x28,
    0x00, 0x4D, 0x00, 0x69, 0x00, 0x63, 0x00, 0x72, 0x00, 0x6F, 0x00, 0x73, 0x00, 0x6F, 0x00, 0x66,
    0x00, 0x74, 0x00, 0x20, 0x00, 0x54, 0x00, 0x79, 0x00, 0x70, 0x00, 0x6F, 0x00, 0x67, 0x00, 0x72,
    0x00, 0x61, 0x00, 0x70, 0x00, 0x68, 0x00, 0x79, 0xA1, 0x26, 0x80, 0x24, 0x68, 0x74, 0x74, 0x70,
    0x3A, 0x2F, 0x2F, 0x77, 0x77, 0x77, 0x2E, 0x6D, 0x69, 0x63, 0x72, 0x6F, 0x73, 0x6F, 0x66, 0x74,
    0x2E, 0x63, 0x6F, 0x6D, 0x2F, 0x74, 0x79, 0x70, 0x6F, 0x67, 0x72, 0x61, 0x70, 0x68, 0x79, 0x20,
    0x30, 0x0D, 0x06, 0x09, 0x2A, 0x86, 0x48, 0x86, 0xF7, 0x0D, 0x01, 0x01, 0x01, 0x05, 0x00, 0x04,
    0x82, 0x01, 0x00, 0x3B, 0x4F, 0x1D, 0xCA, 0x3A, 0x72, 0xAA, 0x83, 0xA0, 0xB4, 0xB8, 0x01, 0xD6,
    0xB4, 0xF3, 0x63, 0x5C, 0x06, 0x8A, 0xE9, 0x33, 0x31, 0xFD, 0xCA, 0x6B, 0x92, 0x49, 0x38, 0xCE,
    0xE7, 0xFE, 0x21, 0x2A, 0x0A, 0x3C, 0x27, 0xE8, 0x94, 0x97, 0xD2, 0x66, 0xBC, 0xC2, 0xAF, 0xDC,
    0x83, 0xF2, 0x91, 0xE3, 0x3F, 0x7F, 0xF2, 0x56, 0x2C, 0xCF, 0xE2, 0x83, 0xD2, 0x1F, 0x93, 0x4E,
    0x6A, 0x0A, 0x9E, 0x1C, 0xD1, 0xB4, 0xBF, 0x47, 0x37, 0x3E, 0x6E, 0x5A, 0x3E, 0x47, 0x8C, 0x5E,
    0x32, 0x24, 0xA9, 0x2B, 0x6A, 0x4A, 0xEB, 0x73, 0xE8, 0xB8, 0x13, 0x32, 0xD2, 0xC9, 0x24, 0xCE,
    0x83, 0xB3, 0x22, 0x6F, 0xA4, 0x3B, 0xB8, 0xF0, 0x7E, 0x63, 0xAC, 0x98, 0x85, 0x27, 0x19, 0xD5,
    0xC1, 0xC7, 0x5A, 0xC6, 0xC8, 0x0A, 0xB0, 0x8D, 0x53, 0x22, 0x41, 0x7B, 0xDF, 0x2A, 0x2E, 0x00,
    0x31, 0x1C, 0xA6, 0x81, 0x94, 0x4A, 0x26, 0xB3, 0xEC, 0xD9, 0x02, 0xC0, 0x35, 0xBF, 0xC7, 0x7E,
    0x56, 0xC4, 0x9F, 0xDB, 0x85, 0xA5, 0xDF, 0x9C, 0x1C, 0xCF, 0x65, 0x70, 0x4B, 0x22, 0xD0, 0xFB,
    0xBC, 0xC4, 0x24, 0x0E, 0xA3, 0xA8, 0x7E, 0xCB, 0xEA, 0x10, 0x42, 0x64, 0xAD, 0xD3, 0x9D, 0x26,
    0x99, 0x75, 0xC8, 0xFA, 0xBD, 0x52, 0x45, 0xB5, 0xA8, 0x54, 0xFB, 0x15, 0x06, 0xA5, 0x2A, 0x0B,
    0xED, 0x50, 0xE3, 0xD0, 0xDA, 0x79, 0xB1, 0x74, 0x4E, 0xC2, 0x1D, 0xE6, 0xEB, 0xEE, 0x1E, 0xDE,
    0xD6, 0x19, 0x13, 0x98, 0xBA, 0x23, 0x2D, 0x51, 0x99, 0x1A, 0x7C, 0x91, 0xC6, 0xC1, 0x63, 0x79,
    0x24, 0xB7, 0xBA, 0xC1, 0xF1, 0x39, 0x15, 0xC0, 0x01, 0x4F, 0x90, 0xC0, 0xBC, 0x61, 0x21, 0x2C,
    0xAA, 0x82, 0xC4, 0xA9, 0x97, 0x30, 0x7D, 0x9C, 0x98, 0xC8, 0x36, 0xF9, 0x1B, 0x8A, 0x63, 0xEE,
    0x22, 0xB9, 0x96, 0xA1, 0x82, 0x02, 0x28, 0x30, 0x82, 0x02, 0x24, 0x06, 0x09, 0x2A, 0x86, 0x48,
    0x86, 0xF7, 0x0D, 0x01, 0x09, 0x06, 0x31, 0x82, 0x02, 0x15, 0x30, 0x82, 0x02, 0x11, 0x02, 0x01,
    0x01, 0x30, 0x81, 0x8E, 0x30, 0x77, 0x31, 0x0B, 0x30, 0x09, 0x06, 0x03, 0x55, 0x04, 0x06, 0x13,
    0x02, 0x55, 0x53, 0x31, 0x13, 0x30, 0x11, 0x06, 0x03, 0x55, 0x04, 0x08, 0x13, 0x0A, 0x57, 0x61,
    0x73, 0x68, 0x69, 0x6E, 0x67, 0x74, 0x6F, 0x6E, 0x31, 0x10, 0x30, 0x0E, 0x06, 0x03, 0x55, 0x04,
    0x07, 0x13, 0x07, 0x52, 0x65, 0x64, 0x6D, 0x6F, 0x6E, 0x64, 0x31, 0x1E, 0x30, 0x1C, 0x06, 0x03,
    0x55, 0x04, 0x0A, 0x13, 0x15, 0x4D, 0x69, 0x63, 0x72, 0x6F, 0x73, 0x6F, 0x66, 0x74, 0x20, 0x43,
    0x6F, 0x72, 0x70, 0x6F, 0x72, 0x61, 0x74, 0x69, 0x6F, 0x6E, 0x31, 0x21, 0x30, 0x1F, 0x06, 0x03,
    0x55, 0x04, 0x03, 0x13, 0x18, 0x4D, 0x69, 0x63, 0x72, 0x6F, 0x73, 0x6F, 0x66, 0x74, 0x20, 0x54,
    0x69, 0x6D, 0x65, 0x2D, 0x53, 0x74, 0x61, 0x6D, 0x70, 0x20, 0x50, 0x43, 0x41, 0x02, 0x13, 0x33,
    0x00, 0x00, 0x00, 0x6F, 0x65, 0x2D, 0x58, 0x6D, 0x07, 0x11, 0x46, 0x28, 0x00, 0x00, 0x00, 0x00,
    0x00, 0x6F, 0x30, 0x09, 0x06, 0x05, 0x2B, 0x0E, 0x03, 0x02, 0x1A, 0x05, 0x00, 0xA0, 0x5D, 0x30,
    0x18, 0x06, 0x09, 0x2A, 0x86, 0x48, 0x86, 0xF7, 0x0D, 0x01, 0x09, 0x03, 0x31, 0x0B, 0x06, 0x09,
    0x2A, 0x86, 0x48, 0x86, 0xF7, 0x0D, 0x01, 0x07, 0x01, 0x30, 0x1C, 0x06, 0x09, 0x2A, 0x86, 0x48,
    0x86, 0xF7, 0x0D, 0x01, 0x09, 0x05, 0x31, 0x0F, 0x17, 0x0D, 0x31, 0x35, 0x30, 0x34, 0x31, 0x34,
    0x32, 0x31, 0x33, 0x36, 0x34, 0x37, 0x5A, 0x30, 0x23, 0x06, 0x09, 0x2A, 0x86, 0x48, 0x86, 0xF7,
    0x0D, 0x01, 0x09, 0x04, 0x31, 0x16, 0x04, 0x14, 0x1B, 0x39, 0x06, 0x5B, 0xB7, 0xA3, 0x0B, 0x9A,
    0x6E, 0x23, 0xF6, 0x9F, 0x0F, 0x02, 0xE9, 0xD2, 0xCA, 0x5B, 0x96, 0x25, 0x30, 0x0D, 0x06, 0x09,
    0x2A, 0x86, 0x48, 0x86, 0xF7, 0x0D, 0x01, 0x01, 0x05, 0x05, 0x00, 0x04, 0x82, 0x01, 0x00, 0x61,
    0x13, 0x51, 0x2D, 0x95, 0x6D, 0x8C, 0x20, 0xD0, 0xA1, 0xDD, 0x56, 0xA7, 0xAE, 0x6A, 0xA0, 0xF5,
    0x95, 0x64, 0xEE, 0x22, 0x23, 0xE7, 0x6F, 0x4D, 0x87, 0xF5, 0xD1, 0x95, 0xE6, 0x2F, 0x88, 0xC3,
    0xBF, 0xC4, 0x37, 0x82, 0xCE, 0xC6, 0xFA, 0xC5, 0xB6, 0xD7, 0xC0, 0xCA, 0x4C, 0x02, 0x1D, 0xCB,
    0x77, 0x90, 0xE0, 0xE6, 0x26, 0x29, 0x45, 0x4E, 0x74, 0x6A, 0x5D, 0xF4, 0x5F, 0x81, 0x31, 0x80,
    0x52, 0xCD, 0x31, 0x6E, 0xE1, 0xF4, 0x8C, 0xBC, 0x85, 0xCF, 0xEF, 0xC2, 0x0A, 0xB3, 0x66, 0xCD,
    0x14, 0x4C, 0xC4, 0x1C, 0x9A, 0x1A, 0xCF, 0x75, 0xFC, 0x74, 0x2E, 0x5A, 0x51, 0xAA, 0x55, 0x3A,
    0xFC, 0x3D, 0x06, 0x7C, 0xE9, 0x33, 0x3A, 0x9F, 0xEC, 0x4D, 0x41, 0xDD, 0xE5, 0x27, 0x15, 0x4E,
    0xB8, 0x0A, 0xC3, 0x04, 0x4B, 0xD4, 0x8C, 0x4E, 0x83, 0x00, 0x11, 0xB9, 0x72, 0x25, 0x8C, 0x8D,
    0x25, 0x52, 0x0C, 0x58, 0x15, 0x53, 0x4D, 0xA6, 0xFE, 0x85, 0x5F, 0x14, 0x97, 0x83, 0x2A, 0x0A,
    0xE1, 0x7A, 0xDA, 0xEA, 0x37, 0x97, 0x45, 0x41, 0x86, 0xDB, 0x2B, 0x84, 0x12, 0x5D, 0x47, 0x25,
    0x8A, 0x09, 0x8A, 0xB9, 0x1F, 0x93, 0x6B, 0xD3, 0xBB, 0xEF, 0xB3, 0x7C, 0xA3, 0x35, 0x57, 0xC3,
    0x9A, 0x69, 0xFD, 0x02, 0xAF, 0xAD, 0xA8, 0xAB, 0x82, 0x01, 0x75, 0x60, 0x9D, 0x07, 0x09, 0xCE,
    0xEC, 0xCF, 0xD8, 0x47, 0xCE, 0xD7, 0xB6, 0x8E, 0x76, 0x6C, 0x92, 0x32, 0xD1, 0x60, 0xCB, 0xF8,
    0x9D, 0x81, 0x4E, 0xE2, 0x3D, 0x84, 0x68, 0x1D, 0x2F, 0xC1, 0xFC, 0x51, 0xB0, 0xD2, 0x1E, 0xC2,
    0x51, 0x06, 0xED, 0xF6, 0x06, 0x72, 0x93, 0xBE, 0xF0, 0xEF, 0xC3, 0xD7, 0x90, 0xCB, 0x8D, 0xDF,
    0x43, 0x84, 0x7D, 0xA5, 0x41, 0xF6, 0x47, 0x74, 0x57, 0xBE, 0x14, 0x05, 0x8B, 0xDF, 0xAF, 0x00,

};
